loan_id,annual_income,credit_score,dti_ratio,employment_years,loan_amount,loan_purpose,prior_defaults,defaulted
1,81900.0,804.0,11.7,2.9,9300.0,Home Improvement,0,0
2,49200.0,640.0,23.4,1.1,5000.0,Auto,0,1
3,37200.0,812.0,7.1,1.9,21600.0,Auto,0,0
4,67900.0,708.0,22.2,0.8,17800.0,Debt Consolidation,0,0
5,40100.0,588.0,19.4,0.7,69000.0,Auto,0,1
6,119400.0,780.0,4.4,5.1,14900.0,Personal,0,0
7,34900.0,799.0,22.5,0.6,19500.0,Auto,0,0
8,73000.0,648.0,14.8,0.0,28000.0,Debt Consolidation,1,1
9,64600.0,604.0,27.3,7.6,9700.0,Home Improvement,0,0
10,76900.0,618.0,12.9,2.5,7700.0,Home Improvement,1,0
11,34200.0,676.0,2.9,2.0,16800.0,Auto,0,0
12,30300.0,705.0,5.7,3.3,9000.0,Home Improvement,0,0
13,58900.0,778.0,4.0,4.5,11700.0,Debt Consolidation,0,0
14,99900.0,761.0,4.9,4.6,31200.0,Auto,0,0
15,30200.0,798.0,16.6,0.6,14800.0,Home Improvement,0,0
16,64900.0,777.0,6.7,1.0,25100.0,Medical,1,0
17,29400.0,537.0,11.3,10.2,9100.0,Home Improvement,1,1
18,32500.0,616.0,3.8,0.4,8000.0,Auto,1,0
19,34300.0,612.0,25.1,1.5,5000.0,Auto,0,1
20,136700.0,624.0,16.6,13.9,5000.0,Auto,0,0
21,25000.0,558.0,12.1,2.2,21900.0,Auto,0,0
22,92800.0,809.0,15.9,12.9,11100.0,Debt Consolidation,1,0
23,92800.0,781.0,5.6,12.8,5800.0,Debt Consolidation,0,0
24,153300.0,623.0,27.9,0.2,29000.0,Medical,1,0
25,57800.0,651.0,6.4,1.1,18800.0,Debt Consolidation,0,0
26,28600.0,532.0,20.1,2.1,10400.0,Auto,0,0
27,44600.0,650.0,8.6,0.1,20300.0,Debt Consolidation,0,0
28,73200.0,601.0,18.0,2.8,22300.0,Auto,0,0
29,25000.0,833.0,35.4,2.9,26600.0,Auto,0,1
30,36600.0,701.0,23.6,6.9,15200.0,Home Improvement,0,1
31,44300.0,439.0,2.4,1.8,14400.0,Home Improvement,0,0
32,115700.0,696.0,9.6,1.2,10200.0,Debt Consolidation,0,0
33,107000.0,636.0,11.9,2.7,12500.0,Debt Consolidation,0,0
34,25000.0,683.0,17.3,6.8,22900.0,Debt Consolidation,0,1
35,67400.0,736.0,11.5,1.9,5000.0,Auto,0,0
36,25000.0,698.0,16.7,2.3,9300.0,Home Improvement,0,0
37,36300.0,672.0,5.0,0.9,11100.0,Personal,0,0
38,84100.0,604.0,15.5,3.5,10600.0,Auto,0,1
39,58300.0,711.0,6.9,14.3,18100.0,Auto,0,0
40,75200.0,714.0,5.4,0.6,14400.0,Debt Consolidation,0,0
41,27500.0,653.0,30.6,0.5,11200.0,Home Improvement,0,0
42,27200.0,650.0,13.8,7.0,23500.0,Auto,0,0
43,89200.0,776.0,1.5,8.7,12200.0,Personal,0,0
44,56600.0,640.0,18.0,2.1,8700.0,Home Improvement,0,1
45,68800.0,530.0,39.6,5.4,24700.0,Medical,1,1
46,123500.0,720.0,3.7,9.6,29100.0,Auto,0,0
47,28700.0,599.0,11.3,0.9,35200.0,Auto,0,0
48,84800.0,622.0,17.5,3.0,22000.0,Home Improvement,0,0
49,68200.0,513.0,36.4,5.7,5100.0,Home Improvement,0,0
50,35400.0,599.0,27.0,0.3,7200.0,Personal,1,1
51,42600.0,557.0,10.5,20.7,48600.0,Debt Consolidation,0,1
52,35400.0,770.0,18.7,0.2,26200.0,Debt Consolidation,0,0
53,53700.0,660.0,6.6,0.3,7000.0,Personal,0,0
54,76700.0,842.0,10.1,1.5,8300.0,Debt Consolidation,0,0
55,25000.0,675.0,18.6,1.7,8500.0,Auto,0,0
56,36700.0,734.0,11.0,2.9,9200.0,Auto,0,0
57,49500.0,850.0,26.8,1.9,19800.0,Home Improvement,0,0
58,37000.0,744.0,5.6,5.3,9100.0,Auto,0,0
59,25000.0,372.0,27.5,2.7,17000.0,Debt Consolidation,0,1
60,77600.0,684.0,26.9,0.2,5900.0,Auto,1,1
61,37200.0,593.0,10.8,6.1,12500.0,Medical,0,0
62,64900.0,694.0,16.2,6.0,8600.0,Auto,0,1
63,80800.0,620.0,18.8,13.8,14900.0,Debt Consolidation,0,0
64,28300.0,725.0,24.3,7.9,34300.0,Home Improvement,0,0
65,76800.0,595.0,9.5,0.1,7800.0,Home Improvement,0,0
66,54400.0,729.0,6.1,3.8,11300.0,Debt Consolidation,0,0
67,83900.0,724.0,19.8,4.2,23300.0,Debt Consolidation,0,0
68,33700.0,661.0,8.4,3.9,5000.0,Home Improvement,0,0
69,123100.0,555.0,5.9,0.5,7400.0,Debt Consolidation,0,0
70,54300.0,743.0,8.1,5.3,9400.0,Auto,0,0
71,36500.0,599.0,10.1,2.9,14700.0,Auto,0,0
72,74100.0,703.0,21.7,4.0,13600.0,Debt Consolidation,0,0
73,61500.0,701.0,14.6,1.6,9400.0,Medical,0,0
74,79700.0,594.0,22.4,3.7,28300.0,Debt Consolidation,0,0
75,74600.0,801.0,13.9,0.7,7900.0,Medical,0,0
76,39000.0,638.0,20.0,1.9,20100.0,Home Improvement,0,0
77,48500.0,748.0,15.8,0.2,11400.0,Debt Consolidation,0,0
78,88500.0,556.0,21.5,0.8,30400.0,Debt Consolidation,1,1
79,25000.0,731.0,19.1,3.3,13700.0,Auto,0,0
80,102000.0,539.0,25.8,8.0,5000.0,Auto,0,1
81,37500.0,617.0,15.2,9.7,7400.0,Auto,0,0
82,57000.0,676.0,10.1,2.8,16900.0,Home Improvement,0,1
83,45100.0,850.0,24.8,15.8,13200.0,Personal,0,0
84,98900.0,540.0,38.1,1.4,9500.0,Personal,0,0
85,53900.0,701.0,12.4,0.7,10400.0,Auto,0,0
86,70400.0,850.0,21.3,1.3,5000.0,Home Improvement,0,0
87,50300.0,681.0,13.1,2.0,27500.0,Debt Consolidation,1,0
88,49500.0,685.0,28.9,0.8,29900.0,Auto,0,0
89,92500.0,793.0,16.8,8.5,16000.0,Debt Consolidation,0,0
90,114100.0,850.0,8.5,6.0,11400.0,Debt Consolidation,0,0
91,52600.0,636.0,20.9,1.0,28300.0,Personal,0,0
92,39100.0,547.0,28.6,0.6,10700.0,Personal,0,1
93,33300.0,802.0,31.3,2.4,15400.0,Auto,0,0
94,76400.0,778.0,30.4,5.7,5000.0,Debt Consolidation,0,0
95,25000.0,595.0,13.8,8.9,29800.0,Auto,0,0
96,28800.0,584.0,16.1,2.2,11900.0,Auto,0,0
97,25000.0,603.0,9.1,3.7,6800.0,Auto,0,0
98,43400.0,669.0,13.5,0.5,8700.0,Auto,0,0
99,102500.0,624.0,38.7,1.6,16100.0,Auto,0,0
100,31000.0,616.0,2.9,1.6,9900.0,Auto,0,1
101,41900.0,726.0,26.5,1.2,7000.0,Auto,0,0
102,46000.0,581.0,4.0,0.6,5000.0,Home Improvement,0,0
103,31800.0,718.0,9.6,13.7,8200.0,Auto,0,0
104,72600.0,615.0,23.2,1.2,16400.0,Debt Consolidation,0,1
105,41100.0,587.0,8.6,12.1,12400.0,Debt Consolidation,0,0
106,83500.0,680.0,26.5,4.9,7000.0,Medical,0,0
107,40500.0,611.0,19.4,5.1,11600.0,Auto,0,1
108,188700.0,644.0,17.5,2.9,15500.0,Personal,0,0
109,40700.0,483.0,41.9,5.5,11700.0,Debt Consolidation,0,1
110,96300.0,617.0,34.5,0.8,22400.0,Auto,0,1
111,45500.0,677.0,27.2,0.7,12600.0,Medical,0,0
112,62000.0,661.0,46.2,2.1,25900.0,Medical,0,1
113,54000.0,850.0,29.3,6.7,11900.0,Auto,0,0
114,68300.0,741.0,31.1,0.4,34000.0,Medical,0,0
115,57500.0,649.0,34.9,0.5,11400.0,Debt Consolidation,0,0
116,60800.0,682.0,25.0,0.4,11400.0,Auto,0,0
117,105200.0,719.0,36.4,3.3,24700.0,Auto,0,0
118,36800.0,660.0,26.6,1.5,10300.0,Debt Consolidation,1,1
119,36900.0,611.0,20.4,5.8,9800.0,Home Improvement,0,0
120,80600.0,722.0,17.4,2.0,24800.0,Home Improvement,1,0
121,29300.0,624.0,16.4,0.5,7100.0,Auto,0,0
122,78300.0,701.0,30.6,0.1,12000.0,Auto,0,0
123,25000.0,673.0,22.1,1.7,20500.0,Home Improvement,0,0
124,40200.0,683.0,25.9,8.6,11700.0,Medical,0,0
125,33700.0,814.0,11.3,6.5,34000.0,Medical,0,0
126,59800.0,632.0,20.8,2.1,12200.0,Auto,0,1
127,74200.0,647.0,10.8,4.1,5000.0,Home Improvement,1,0
128,43700.0,762.0,17.8,7.6,5500.0,Auto,0,0
129,33300.0,601.0,11.6,1.6,20900.0,Personal,1,1
130,76400.0,721.0,8.3,2.0,6000.0,Auto,0,0
131,34400.0,758.0,9.2,0.9,45100.0,Debt Consolidation,0,0
132,35000.0,583.0,14.4,3.7,22900.0,Debt Consolidation,0,1
133,193300.0,715.0,2.6,4.9,16000.0,Personal,0,0
134,41500.0,790.0,15.2,4.3,7100.0,Debt Consolidation,0,0
135,40600.0,581.0,13.5,0.6,9800.0,Debt Consolidation,0,0
136,62300.0,781.0,17.5,4.2,10900.0,Auto,0,0
137,25000.0,809.0,20.7,2.4,7100.0,Home Improvement,0,0
138,80400.0,736.0,12.6,7.4,8600.0,Personal,0,0
139,108100.0,621.0,7.6,14.4,10400.0,Auto,0,0
140,73400.0,848.0,20.1,1.8,14000.0,Debt Consolidation,0,0
141,34000.0,760.0,25.9,8.3,47200.0,Debt Consolidation,0,0
142,44000.0,648.0,43.0,1.2,5200.0,Auto,0,0
143,49500.0,769.0,13.0,1.0,24500.0,Personal,0,0
144,29200.0,744.0,18.5,2.2,35100.0,Debt Consolidation,0,0
145,38000.0,672.0,26.9,3.9,9700.0,Auto,0,0
146,55600.0,767.0,34.0,11.0,14400.0,Auto,0,0
147,99100.0,588.0,1.0,0.6,6500.0,Home Improvement,0,0
148,42700.0,535.0,13.8,1.5,10300.0,Home Improvement,0,0
149,78500.0,615.0,12.8,3.9,19500.0,Auto,0,0
150,45400.0,690.0,13.4,1.3,12000.0,Home Improvement,0,0
151,38200.0,805.0,40.2,1.7,10600.0,Debt Consolidation,0,0
152,88800.0,788.0,10.6,1.9,9800.0,Home Improvement,0,0
153,25000.0,642.0,12.1,4.2,11200.0,Debt Consolidation,0,0
154,119900.0,577.0,25.1,5.1,11600.0,Personal,0,1
155,35300.0,639.0,10.0,19.8,11400.0,Debt Consolidation,0,0
156,39700.0,629.0,5.4,3.9,7200.0,Personal,0,0
157,45400.0,786.0,20.9,6.3,15000.0,Home Improvement,0,0
158,25000.0,698.0,11.2,10.5,7700.0,Debt Consolidation,0,0
159,38300.0,696.0,8.8,4.1,34400.0,Debt Consolidation,0,0
160,29400.0,531.0,23.0,4.8,10200.0,Auto,0,1
161,106500.0,701.0,40.8,1.9,9000.0,Debt Consolidation,0,0
162,40600.0,591.0,8.0,1.6,36200.0,Auto,0,0
163,30900.0,803.0,16.6,6.1,19600.0,Personal,0,0
164,55500.0,755.0,4.2,0.6,27500.0,Debt Consolidation,0,0
165,53100.0,780.0,5.8,5.4,49900.0,Home Improvement,0,0
166,25000.0,560.0,14.0,0.5,18500.0,Debt Consolidation,0,0
167,58300.0,747.0,19.8,1.3,50700.0,Auto,0,0
168,65300.0,688.0,26.7,0.0,29200.0,Debt Consolidation,0,0
169,50700.0,667.0,32.3,4.9,7600.0,Auto,0,1
170,40200.0,541.0,10.5,15.5,12800.0,Debt Consolidation,0,0
171,33500.0,747.0,35.7,0.5,6900.0,Home Improvement,0,1
172,38100.0,667.0,13.6,4.8,5000.0,Debt Consolidation,0,0
173,34300.0,745.0,9.0,6.2,5000.0,Auto,0,0
174,63200.0,665.0,12.5,1.9,17800.0,Debt Consolidation,0,0
175,143900.0,618.0,16.4,4.0,5000.0,Personal,1,0
176,59200.0,664.0,10.9,9.5,8600.0,Auto,0,0
177,47800.0,711.0,46.0,0.1,13600.0,Debt Consolidation,0,0
178,38500.0,719.0,16.9,4.4,55400.0,Home Improvement,0,0
179,38100.0,820.0,2.4,5.3,16700.0,Home Improvement,1,0
180,65400.0,750.0,11.9,1.2,10600.0,Auto,0,0
181,64700.0,646.0,12.6,0.5,8400.0,Personal,0,0
182,89300.0,742.0,17.6,7.1,42900.0,Auto,0,0
183,71600.0,711.0,12.1,1.2,12600.0,Debt Consolidation,0,0
184,28300.0,541.0,26.7,5.6,10700.0,Medical,0,1
185,25700.0,793.0,5.1,1.4,8600.0,Home Improvement,0,0
186,31200.0,573.0,22.3,15.9,12200.0,Personal,0,1
187,67200.0,528.0,7.7,0.2,11300.0,Personal,0,0
188,47200.0,765.0,7.1,1.7,21800.0,Home Improvement,0,1
189,64800.0,776.0,3.1,7.8,11200.0,Home Improvement,0,0
190,32600.0,575.0,25.0,11.1,33800.0,Auto,0,1
191,52800.0,703.0,16.2,2.5,25800.0,Debt Consolidation,0,0
192,72100.0,850.0,13.9,8.5,27300.0,Personal,0,0
193,58100.0,742.0,20.5,1.2,7600.0,Personal,0,0
194,70400.0,570.0,20.5,2.9,29000.0,Auto,0,0
195,28000.0,636.0,16.0,2.9,19500.0,Auto,0,0
196,68700.0,545.0,17.8,19.7,9000.0,Medical,0,0
197,31700.0,701.0,30.8,13.1,6700.0,Home Improvement,0,0
198,84100.0,587.0,13.7,2.7,6200.0,Personal,0,0
199,30700.0,743.0,5.4,0.3,5500.0,Personal,0,0
200,49700.0,662.0,16.0,4.5,34100.0,Home Improvement,0,0
201,57600.0,597.0,15.2,3.0,10200.0,Medical,0,0
202,34400.0,713.0,10.5,0.5,13700.0,Home Improvement,0,0
203,90600.0,614.0,6.1,7.0,13300.0,Medical,0,0
204,90200.0,679.0,15.9,2.6,8900.0,Auto,1,0
205,83200.0,814.0,19.5,11.7,8400.0,Auto,0,0
206,61900.0,701.0,16.7,3.9,20000.0,Debt Consolidation,0,0
207,74400.0,595.0,21.2,0.1,26700.0,Auto,0,0
208,39500.0,660.0,26.8,3.9,13400.0,Medical,0,0
209,29500.0,720.0,11.6,0.9,11700.0,Auto,0,0
210,92000.0,813.0,8.0,1.1,9600.0,Personal,0,0
211,25000.0,662.0,38.8,1.2,11200.0,Debt Consolidation,0,1
212,25800.0,648.0,11.3,1.5,8300.0,Home Improvement,0,1
213,89100.0,783.0,3.9,3.2,10200.0,Debt Consolidation,0,0
214,40800.0,521.0,13.3,1.7,11000.0,Personal,1,1
215,46400.0,473.0,16.1,2.1,8600.0,Personal,0,1
216,42500.0,708.0,42.3,5.1,13200.0,Debt Consolidation,0,0
217,37800.0,847.0,19.8,2.9,26000.0,Auto,0,0
218,25000.0,722.0,24.9,2.7,47400.0,Home Improvement,0,0
219,68300.0,740.0,11.8,1.7,11600.0,Debt Consolidation,0,0
220,43200.0,694.0,11.3,2.5,9200.0,Debt Consolidation,0,0
221,74800.0,609.0,14.5,3.0,19900.0,Medical,1,0
222,87600.0,808.0,18.6,0.8,17600.0,Medical,0,0
223,34400.0,580.0,19.0,0.3,12400.0,Home Improvement,0,0
224,43000.0,654.0,28.9,2.9,13600.0,Debt Consolidation,0,1
225,32400.0,698.0,5.3,2.9,5500.0,Auto,1,0
226,33400.0,636.0,13.2,0.4,11500.0,Debt Consolidation,0,1
227,82200.0,703.0,7.3,8.1,36400.0,Auto,0,0
228,74000.0,514.0,11.9,2.7,9400.0,Debt Consolidation,0,0
229,25000.0,850.0,12.5,12.4,11600.0,Personal,0,0
230,45100.0,722.0,17.2,5.5,13700.0,Auto,0,0
231,63100.0,743.0,8.2,3.7,22300.0,Auto,0,0
232,32400.0,649.0,23.9,2.1,12100.0,Auto,0,1
233,68800.0,764.0,28.7,12.3,43400.0,Personal,0,0
234,81900.0,672.0,28.1,6.8,29700.0,Home Improvement,0,0
235,117100.0,783.0,13.0,3.2,13800.0,Personal,1,0
236,31900.0,591.0,6.8,2.3,10200.0,Debt Consolidation,0,0
237,37800.0,622.0,25.7,1.3,20600.0,Auto,0,1
238,68500.0,730.0,14.5,4.2,33100.0,Debt Consolidation,0,0
239,49700.0,733.0,15.0,0.1,29000.0,Debt Consolidation,0,0
240,33800.0,756.0,2.8,2.7,20400.0,Personal,0,0
241,61900.0,655.0,9.8,15.8,16400.0,Debt Consolidation,0,0
242,93500.0,678.0,26.7,12.3,7500.0,Auto,0,0
243,91900.0,608.0,20.6,8.4,35400.0,Home Improvement,0,0
244,27600.0,793.0,20.7,17.6,12900.0,Debt Consolidation,0,0
245,122800.0,543.0,1.8,1.5,5000.0,Debt Consolidation,0,0
246,91000.0,662.0,3.9,1.9,25400.0,Debt Consolidation,0,0
247,99100.0,609.0,1.2,1.5,13600.0,Debt Consolidation,0,0
248,82400.0,649.0,30.5,9.9,12900.0,Debt Consolidation,0,0
249,28900.0,688.0,16.9,5.2,10800.0,Personal,0,1
250,49100.0,791.0,8.4,2.8,11600.0,Auto,1,0
251,25000.0,592.0,10.6,3.8,17400.0,Medical,0,0
252,37000.0,691.0,10.0,1.1,14800.0,Medical,0,0
253,37300.0,748.0,10.6,7.3,14400.0,Home Improvement,0,0
254,113000.0,734.0,12.3,6.2,43000.0,Auto,0,0
255,42700.0,850.0,30.8,2.7,9400.0,Home Improvement,0,0
256,29200.0,504.0,31.7,2.3,19600.0,Home Improvement,0,1
257,44800.0,584.0,13.9,6.2,16000.0,Debt Consolidation,1,1
258,128800.0,632.0,13.0,0.9,10900.0,Home Improvement,0,0
259,36400.0,668.0,12.6,1.8,27600.0,Auto,0,0
260,60100.0,740.0,23.7,4.2,32500.0,Home Improvement,0,0
261,52100.0,816.0,26.9,4.1,13400.0,Auto,0,0
262,25000.0,614.0,20.8,4.5,9900.0,Personal,0,0
263,34500.0,774.0,15.7,0.1,13800.0,Medical,0,0
264,25000.0,653.0,25.4,0.4,9100.0,Debt Consolidation,1,0
265,33600.0,548.0,15.0,0.4,9200.0,Medical,0,1
266,93300.0,705.0,27.1,0.6,14500.0,Auto,0,1
267,40800.0,682.0,30.3,0.2,9600.0,Personal,0,0
268,25200.0,454.0,23.6,1.2,22100.0,Debt Consolidation,0,1
269,50900.0,675.0,19.9,10.4,10600.0,Auto,1,0
270,59200.0,692.0,44.9,7.5,5000.0,Auto,0,0
271,114200.0,763.0,24.7,2.2,9100.0,Medical,0,0
272,40300.0,850.0,20.9,0.5,12700.0,Personal,0,0
273,162700.0,696.0,3.6,18.0,11400.0,Debt Consolidation,0,0
274,41500.0,675.0,2.3,3.3,16400.0,Home Improvement,0,0
275,56800.0,536.0,38.5,1.3,5400.0,Medical,0,1
276,49400.0,641.0,10.5,0.2,12200.0,Debt Consolidation,0,0
277,74500.0,598.0,21.8,14.9,6800.0,Auto,0,0
278,101700.0,665.0,2.1,2.4,8500.0,Debt Consolidation,0,0
279,33300.0,580.0,21.2,4.4,7000.0,Home Improvement,0,0
280,87300.0,742.0,34.6,0.2,27400.0,Auto,0,0
281,39700.0,505.0,16.9,1.0,17300.0,Home Improvement,0,1
282,39800.0,579.0,15.2,2.5,15900.0,Debt Consolidation,1,1
283,173400.0,702.0,22.1,1.3,7900.0,Debt Consolidation,0,0
284,79600.0,582.0,5.5,4.1,9300.0,Medical,0,0
285,72700.0,716.0,15.6,3.2,12200.0,Auto,0,0
286,25000.0,610.0,7.5,0.5,12100.0,Debt Consolidation,1,1
287,60100.0,602.0,5.6,6.3,7100.0,Personal,0,1
288,55400.0,791.0,19.9,7.0,14000.0,Home Improvement,0,0
289,63800.0,749.0,23.4,3.9,24800.0,Auto,0,0
290,100200.0,715.0,5.7,5.7,26300.0,Personal,0,0
291,64200.0,758.0,14.2,0.2,5200.0,Personal,0,0
292,34000.0,610.0,12.9,0.5,11000.0,Personal,1,0
293,63300.0,694.0,5.0,1.4,8300.0,Home Improvement,1,1
294,69600.0,820.0,28.7,1.3,9000.0,Debt Consolidation,0,0
295,39800.0,623.0,2.7,5.6,5000.0,Debt Consolidation,0,0
296,36700.0,711.0,25.0,4.9,11300.0,Auto,0,0
297,64900.0,763.0,24.1,0.6,5100.0,Home Improvement,1,1
298,25000.0,739.0,8.9,1.9,9100.0,Debt Consolidation,0,0
299,60500.0,727.0,5.9,4.6,7700.0,Personal,0,0
300,37900.0,637.0,5.3,0.1,29000.0,Medical,1,1
301,61400.0,819.0,18.4,3.3,14000.0,Debt Consolidation,0,0
302,36500.0,577.0,21.4,0.8,19300.0,Auto,0,0
303,99000.0,684.0,14.3,2.1,5600.0,Personal,0,0
304,88200.0,718.0,14.0,1.5,21200.0,Debt Consolidation,0,0
305,38700.0,791.0,18.3,9.9,13800.0,Home Improvement,0,0
306,35400.0,430.0,15.7,0.8,15500.0,Auto,1,1
307,167500.0,767.0,7.3,0.5,13000.0,Auto,0,0
308,59600.0,672.0,31.7,6.8,6600.0,Home Improvement,0,0
309,45100.0,695.0,16.1,10.0,14200.0,Personal,0,1
310,25000.0,677.0,35.3,9.6,5000.0,Personal,0,1
311,106100.0,701.0,29.3,7.0,37300.0,Debt Consolidation,0,0
312,62600.0,640.0,23.2,5.6,15700.0,Auto,1,0
313,61700.0,630.0,39.5,9.9,16500.0,Home Improvement,0,0
314,40900.0,697.0,8.1,3.3,12700.0,Debt Consolidation,0,0
315,49500.0,627.0,10.4,8.7,16000.0,Debt Consolidation,0,0
316,97000.0,769.0,9.7,0.8,15300.0,Medical,0,0
317,32500.0,602.0,8.0,1.0,17500.0,Auto,0,0
318,59500.0,569.0,20.2,1.6,9100.0,Debt Consolidation,1,0
319,174800.0,687.0,9.7,1.8,6400.0,Debt Consolidation,0,0
320,58700.0,850.0,22.8,1.7,12700.0,Medical,0,0
321,38800.0,762.0,8.7,2.1,7400.0,Auto,1,0
322,53200.0,648.0,15.7,6.8,13400.0,Home Improvement,0,0
323,60300.0,663.0,24.2,3.5,7800.0,Auto,0,0
324,67900.0,733.0,8.1,16.4,5600.0,Medical,0,0
325,25000.0,773.0,7.7,0.2,7800.0,Medical,0,0
326,76900.0,645.0,0.8,0.7,10700.0,Home Improvement,1,0
327,63500.0,645.0,10.3,15.7,12400.0,Debt Consolidation,0,0
328,81000.0,850.0,21.5,0.3,8800.0,Auto,0,0
329,58800.0,620.0,20.7,1.8,16000.0,Auto,0,0
330,47200.0,735.0,5.0,0.9,10800.0,Medical,0,0
331,53600.0,614.0,21.0,4.3,5700.0,Auto,0,0
332,57500.0,507.0,19.8,12.8,11300.0,Personal,0,1
333,34300.0,657.0,10.9,2.4,8700.0,Auto,0,0
334,44700.0,611.0,9.4,1.5,5000.0,Medical,0,0
335,60000.0,562.0,6.6,0.5,15600.0,Personal,0,0
336,45700.0,692.0,11.5,2.8,14200.0,Home Improvement,0,0
337,100600.0,557.0,44.6,1.1,16500.0,Medical,0,0
338,96300.0,725.0,12.7,6.7,7500.0,Auto,0,0
339,45600.0,612.0,28.5,1.2,26000.0,Auto,0,0
340,72500.0,534.0,7.7,3.3,18200.0,Auto,1,0
341,58700.0,601.0,14.4,3.0,14700.0,Auto,0,0
342,100600.0,664.0,22.0,4.1,17300.0,Home Improvement,0,0
343,54800.0,682.0,8.2,6.6,7300.0,Debt Consolidation,0,0
344,25000.0,649.0,31.1,3.8,10100.0,Debt Consolidation,1,0
345,41200.0,732.0,9.3,3.9,6900.0,Home Improvement,0,0
346,48100.0,750.0,23.8,1.7,17700.0,Home Improvement,0,0
347,25000.0,688.0,13.5,2.1,13000.0,Auto,0,0
348,26900.0,726.0,32.3,8.4,13500.0,Personal,0,0
349,51200.0,514.0,6.5,3.1,15100.0,Auto,0,0
350,35300.0,787.0,26.2,7.3,15400.0,Auto,1,0
351,25000.0,622.0,23.3,4.2,26200.0,Home Improvement,0,1
352,53100.0,716.0,10.9,6.8,15600.0,Home Improvement,0,0
353,28300.0,757.0,34.3,1.0,9900.0,Debt Consolidation,0,1
354,33200.0,706.0,25.1,4.4,6000.0,Personal,0,1
355,58900.0,700.0,2.7,5.1,61400.0,Auto,0,0
356,26700.0,676.0,37.4,3.8,12200.0,Personal,0,1
357,68000.0,755.0,6.7,6.6,14800.0,Debt Consolidation,0,0
358,105000.0,659.0,14.4,1.5,10800.0,Home Improvement,0,0
359,48700.0,673.0,15.2,2.9,7400.0,Medical,0,0
360,57000.0,762.0,14.6,3.8,9400.0,Auto,0,0
361,26700.0,672.0,15.2,8.0,56100.0,Home Improvement,1,1
362,174600.0,712.0,23.7,9.7,5300.0,Home Improvement,0,0
363,26400.0,617.0,13.4,1.1,13600.0,Personal,0,1
364,45600.0,689.0,12.5,1.0,15100.0,Debt Consolidation,0,0
365,59400.0,732.0,20.6,9.2,30800.0,Medical,0,0
366,58700.0,750.0,10.7,2.7,17400.0,Debt Consolidation,0,0
367,37400.0,749.0,7.2,3.3,16100.0,Debt Consolidation,0,0
368,34700.0,673.0,5.0,5.5,10200.0,Auto,0,0
369,25000.0,728.0,22.1,2.2,20500.0,Debt Consolidation,0,0
370,43300.0,614.0,17.5,3.3,16200.0,Auto,1,0
371,29500.0,616.0,18.7,1.0,17300.0,Home Improvement,0,0
372,30400.0,724.0,26.5,4.8,15400.0,Auto,0,1
373,50300.0,657.0,19.0,3.3,21600.0,Auto,0,0
374,69800.0,607.0,14.1,6.9,7800.0,Debt Consolidation,0,0
375,45700.0,710.0,5.5,1.6,24000.0,Debt Consolidation,0,0
376,32600.0,627.0,15.0,2.0,8000.0,Home Improvement,0,0
377,44900.0,580.0,14.5,2.6,13700.0,Debt Consolidation,0,0
378,86200.0,649.0,19.1,4.5,17900.0,Personal,0,1
379,67200.0,588.0,13.2,5.7,10300.0,Home Improvement,0,0
380,99500.0,757.0,11.1,13.3,8400.0,Auto,0,0
381,39900.0,659.0,28.0,4.1,12600.0,Home Improvement,0,1
382,112300.0,605.0,24.4,3.1,9200.0,Personal,0,0
383,60700.0,565.0,18.7,2.8,9000.0,Home Improvement,0,1
384,66500.0,654.0,9.6,1.6,34300.0,Auto,0,0
385,72500.0,575.0,22.9,10.8,38800.0,Home Improvement,0,0
386,67700.0,670.0,34.6,7.4,38600.0,Auto,0,1
387,35500.0,695.0,1.5,2.0,12600.0,Medical,1,0
388,32000.0,655.0,7.2,2.4,16700.0,Debt Consolidation,1,1
389,25000.0,675.0,18.0,7.1,13500.0,Home Improvement,0,0
390,86900.0,644.0,29.7,7.0,11700.0,Debt Consolidation,0,1
391,67400.0,645.0,14.3,1.1,11200.0,Home Improvement,0,0
392,87600.0,714.0,0.7,13.2,19100.0,Home Improvement,0,0
393,53400.0,759.0,23.4,16.2,17000.0,Debt Consolidation,1,0
394,80300.0,569.0,21.4,1.7,22700.0,Auto,0,0
395,37500.0,647.0,24.5,0.6,7000.0,Auto,0,0
396,25000.0,756.0,7.3,5.8,19100.0,Debt Consolidation,0,1
397,94400.0,593.0,11.2,2.7,11800.0,Medical,0,0
398,99000.0,841.0,15.2,3.6,5500.0,Auto,0,0
399,34500.0,690.0,10.0,13.6,20300.0,Debt Consolidation,0,0
400,98100.0,739.0,32.7,2.8,17700.0,Home Improvement,0,0
401,56700.0,557.0,15.0,6.7,17400.0,Debt Consolidation,0,0
402,36000.0,710.0,32.7,3.9,21000.0,Auto,0,0
403,41800.0,584.0,34.7,1.3,20700.0,Debt Consolidation,0,0
404,36800.0,694.0,8.1,2.1,22900.0,Auto,1,0
405,28300.0,679.0,2.6,2.9,5000.0,Personal,0,0
406,76500.0,633.0,5.8,5.4,22600.0,Auto,0,0
407,77100.0,622.0,5.1,0.5,6400.0,Personal,0,0
408,35300.0,556.0,23.0,0.6,12700.0,Debt Consolidation,0,1
409,45400.0,627.0,28.6,0.7,10600.0,Debt Consolidation,0,0
410,39800.0,774.0,15.2,4.2,12900.0,Medical,0,0
411,25000.0,642.0,13.6,0.2,7200.0,Personal,0,0
412,25000.0,732.0,10.2,1.4,7400.0,Personal,1,1
413,38000.0,693.0,18.2,2.6,46800.0,Debt Consolidation,0,0
414,25000.0,658.0,11.6,11.1,25700.0,Debt Consolidation,0,0
415,51400.0,625.0,20.9,2.0,5500.0,Auto,0,0
416,25000.0,574.0,22.3,3.2,18800.0,Medical,0,1
417,33800.0,705.0,0.9,0.4,47000.0,Medical,0,1
418,40200.0,699.0,16.6,12.9,10200.0,Medical,0,0
419,78000.0,603.0,9.8,1.6,5400.0,Auto,0,0
420,39100.0,641.0,15.2,1.5,15800.0,Personal,0,0
421,68200.0,707.0,13.5,6.9,5000.0,Personal,0,0
422,76400.0,776.0,17.4,1.5,22600.0,Home Improvement,0,0
423,40500.0,696.0,22.1,1.9,10600.0,Auto,0,0
424,56600.0,756.0,21.3,9.8,20000.0,Auto,0,0
425,91600.0,762.0,35.9,5.4,12400.0,Auto,0,0
426,91000.0,618.0,18.1,3.7,15500.0,Personal,0,0
427,49500.0,779.0,2.8,4.0,7600.0,Home Improvement,0,0
428,66300.0,658.0,16.2,3.1,6600.0,Debt Consolidation,0,1
429,55700.0,657.0,1.0,3.3,11600.0,Auto,0,0
430,60100.0,705.0,29.9,2.8,8000.0,Debt Consolidation,0,1
431,25000.0,733.0,5.9,4.9,9600.0,Debt Consolidation,0,0
432,46600.0,644.0,12.8,6.3,10700.0,Auto,0,0
433,27700.0,741.0,13.7,0.4,11900.0,Home Improvement,0,0
434,38300.0,731.0,19.2,0.0,16900.0,Debt Consolidation,0,0
435,53000.0,665.0,21.4,4.2,6200.0,Personal,0,0
436,52800.0,567.0,14.3,3.1,8800.0,Auto,0,0
437,67200.0,618.0,19.6,8.2,11800.0,Home Improvement,0,0
438,77400.0,722.0,12.9,0.2,8000.0,Home Improvement,0,0
439,67700.0,671.0,26.8,5.0,5000.0,Home Improvement,0,0
440,60800.0,673.0,19.6,4.8,11600.0,Home Improvement,0,0
441,52000.0,665.0,18.2,0.5,5000.0,Debt Consolidation,0,0
442,33400.0,645.0,32.1,1.9,21000.0,Home Improvement,0,0
443,46100.0,731.0,8.8,2.7,6400.0,Personal,0,0
444,68800.0,569.0,15.3,3.4,18100.0,Medical,0,0
445,154600.0,702.0,1.0,0.5,14900.0,Debt Consolidation,0,0
446,51900.0,688.0,4.9,0.2,15300.0,Auto,0,0
447,64500.0,617.0,14.6,4.6,21700.0,Debt Consolidation,0,0
448,74600.0,850.0,17.6,2.4,27300.0,Medical,1,0
449,70600.0,659.0,10.9,4.0,13300.0,Home Improvement,0,0
450,198900.0,741.0,33.5,6.1,5400.0,Personal,0,0
451,28600.0,595.0,2.5,1.0,6600.0,Debt Consolidation,0,0
452,66200.0,711.0,6.9,12.9,23200.0,Debt Consolidation,0,0
453,33300.0,732.0,11.9,0.1,10700.0,Personal,0,0
454,84200.0,666.0,15.0,3.4,9600.0,Auto,0,0
455,58900.0,589.0,17.4,20.9,8200.0,Debt Consolidation,0,0
456,52700.0,750.0,13.5,3.8,14300.0,Debt Consolidation,0,0
457,88900.0,700.0,2.3,2.2,10400.0,Home Improvement,0,0
458,82400.0,617.0,16.8,0.4,12100.0,Debt Consolidation,0,0
459,27900.0,548.0,34.5,8.4,42500.0,Personal,0,1
460,64100.0,548.0,9.1,5.5,36000.0,Home Improvement,0,0
461,55300.0,678.0,4.4,6.5,16400.0,Home Improvement,0,0
462,57100.0,826.0,34.5,1.9,29600.0,Home Improvement,0,0
463,115900.0,528.0,23.5,3.3,11100.0,Debt Consolidation,0,1
464,70600.0,723.0,14.8,4.5,19600.0,Home Improvement,0,0
465,97400.0,672.0,15.1,2.1,7000.0,Debt Consolidation,0,0
466,106000.0,624.0,15.7,21.4,44800.0,Home Improvement,0,0
467,27900.0,653.0,26.1,1.1,11800.0,Home Improvement,0,1
468,60800.0,730.0,6.7,0.9,7100.0,Personal,0,0
469,36700.0,726.0,6.0,8.9,17900.0,Auto,0,1
470,32400.0,759.0,27.9,3.8,22900.0,Auto,0,0
471,25000.0,790.0,13.3,3.7,47900.0,Medical,0,0
472,67900.0,771.0,11.8,9.1,10800.0,Medical,1,0
473,25500.0,717.0,5.6,7.9,14500.0,Home Improvement,0,1
474,38500.0,714.0,33.7,7.4,42700.0,Personal,0,0
475,34800.0,658.0,4.8,1.4,5400.0,Debt Consolidation,0,1
476,70500.0,662.0,4.7,5.7,15600.0,Auto,0,0
477,92100.0,800.0,10.7,4.1,17800.0,Debt Consolidation,0,0
478,78200.0,620.0,12.9,6.8,34600.0,Home Improvement,0,0
479,25400.0,438.0,17.5,1.6,35000.0,Medical,0,1
480,51100.0,754.0,12.2,3.8,5000.0,Debt Consolidation,0,0
481,43000.0,730.0,23.5,0.0,8000.0,Debt Consolidation,1,1
482,86600.0,589.0,2.8,1.1,10900.0,Auto,1,0
483,159700.0,760.0,33.9,1.4,18000.0,Auto,0,0
484,30500.0,762.0,9.3,3.7,9400.0,Auto,0,0
485,43500.0,643.0,9.1,3.2,18600.0,Personal,0,0
486,54000.0,620.0,19.6,3.2,24000.0,Home Improvement,1,1
487,108800.0,689.0,20.9,3.9,29300.0,Medical,0,0
488,33100.0,694.0,4.7,3.7,8800.0,Home Improvement,0,0
489,52600.0,611.0,14.3,3.2,39700.0,Debt Consolidation,0,0
490,113500.0,850.0,10.5,2.3,6700.0,Home Improvement,0,0
491,33000.0,751.0,15.5,0.1,7400.0,Auto,0,0
492,72700.0,562.0,21.5,6.2,8100.0,Debt Consolidation,0,0
493,69500.0,613.0,8.0,4.5,19200.0,Medical,1,0
494,64700.0,679.0,15.6,2.0,18100.0,Home Improvement,0,0
495,25000.0,772.0,26.1,1.8,14600.0,Auto,1,0
496,48900.0,727.0,10.3,3.9,16300.0,Auto,0,0
497,29000.0,651.0,27.8,3.7,6000.0,Debt Consolidation,0,0
498,25000.0,518.0,20.8,1.5,9700.0,Debt Consolidation,0,1
499,51100.0,658.0,24.2,20.2,21500.0,Debt Consolidation,0,0
500,36400.0,599.0,6.7,3.2,32400.0,Personal,0,0
501,68600.0,794.0,4.9,26.4,8100.0,Auto,1,0
502,78000.0,723.0,21.6,0.4,8800.0,Debt Consolidation,1,0
503,95600.0,721.0,15.2,1.8,12100.0,Home Improvement,0,0
504,58400.0,663.0,10.6,12.3,10200.0,Debt Consolidation,0,0
505,82900.0,615.0,12.9,0.5,9400.0,Home Improvement,0,0
506,163500.0,537.0,16.4,7.2,10800.0,Auto,0,0
507,45700.0,600.0,1.1,1.7,17400.0,Home Improvement,0,0
508,43700.0,647.0,4.0,0.9,21100.0,Home Improvement,0,0
509,30100.0,770.0,23.3,1.4,32400.0,Debt Consolidation,0,0
510,30500.0,761.0,3.1,5.1,20400.0,Auto,0,0
511,35900.0,634.0,7.8,3.0,11500.0,Auto,0,0
512,55000.0,628.0,7.3,9.1,6200.0,Debt Consolidation,0,0
513,47100.0,693.0,5.0,0.3,12400.0,Debt Consolidation,0,0
514,35300.0,612.0,6.2,4.3,5600.0,Personal,0,0
515,57400.0,740.0,13.3,4.4,7900.0,Personal,1,0
516,33700.0,781.0,11.3,3.9,8100.0,Medical,0,0
517,33600.0,741.0,21.0,1.3,5000.0,Debt Consolidation,0,0
518,50200.0,670.0,14.1,0.3,5000.0,Home Improvement,0,0
519,25000.0,621.0,6.5,2.0,22800.0,Debt Consolidation,0,0
520,60300.0,596.0,15.1,0.2,19500.0,Medical,0,0
521,81900.0,625.0,29.9,0.9,21300.0,Auto,0,1
522,59200.0,677.0,20.9,5.9,13700.0,Debt Consolidation,0,0
523,76300.0,701.0,16.5,2.2,5000.0,Personal,0,0
524,32200.0,682.0,28.3,0.5,8700.0,Auto,0,0
525,51800.0,659.0,14.2,9.3,15900.0,Home Improvement,0,1
526,61300.0,731.0,15.4,3.2,5200.0,Personal,0,0
527,25000.0,828.0,10.2,1.8,11500.0,Personal,0,0
528,36300.0,750.0,14.9,8.5,18300.0,Auto,0,0
529,25000.0,850.0,7.1,4.1,8600.0,Home Improvement,0,0
530,25000.0,681.0,9.4,0.3,23300.0,Auto,0,0
531,27800.0,741.0,10.3,0.2,5900.0,Debt Consolidation,0,1
532,65200.0,827.0,7.2,3.0,9800.0,Personal,1,0
533,70000.0,571.0,27.2,9.6,16900.0,Auto,0,0
534,41400.0,675.0,4.9,3.5,21300.0,Auto,0,0
535,45800.0,627.0,19.8,2.1,5000.0,Medical,0,0
536,50900.0,774.0,6.9,0.5,12200.0,Medical,0,0
537,54700.0,719.0,27.9,2.9,26200.0,Home Improvement,0,0
538,53300.0,536.0,21.7,0.4,18700.0,Home Improvement,0,1
539,25000.0,699.0,15.4,6.6,9400.0,Auto,0,0
540,61500.0,615.0,23.4,2.5,15800.0,Personal,0,0
541,45300.0,723.0,22.0,4.6,32000.0,Medical,0,0
542,47500.0,487.0,14.6,4.1,13300.0,Auto,0,0
543,58100.0,703.0,32.7,18.4,11500.0,Auto,0,0
544,32500.0,651.0,8.5,5.2,24000.0,Home Improvement,0,0
545,30000.0,695.0,23.5,0.4,11100.0,Home Improvement,0,0
546,46800.0,751.0,15.0,3.8,6300.0,Auto,0,0
547,53200.0,653.0,22.4,4.8,7800.0,Medical,0,1
548,33900.0,680.0,15.6,10.2,15400.0,Auto,0,0
549,37900.0,734.0,21.5,9.6,7400.0,Debt Consolidation,0,0
550,94900.0,607.0,20.6,0.8,8300.0,Auto,0,0
551,45800.0,513.0,22.2,4.1,18800.0,Medical,0,0
552,57700.0,686.0,20.8,3.7,32500.0,Home Improvement,0,0
553,164900.0,756.0,20.6,1.8,11400.0,Personal,0,0
554,47700.0,689.0,39.4,1.0,8200.0,Home Improvement,0,0
555,66600.0,627.0,22.3,3.4,30900.0,Home Improvement,1,1
556,122100.0,747.0,11.3,1.8,5100.0,Auto,1,0
557,62100.0,782.0,17.4,5.3,24900.0,Medical,0,0
558,106900.0,719.0,8.4,3.1,11300.0,Personal,0,0
559,68300.0,666.0,4.1,2.0,21800.0,Auto,1,1
560,30800.0,661.0,25.6,6.9,20000.0,Home Improvement,0,1
561,65500.0,655.0,11.0,14.1,5000.0,Personal,0,0
562,62400.0,721.0,19.7,0.4,13500.0,Medical,0,0
563,86300.0,850.0,18.0,0.0,34100.0,Debt Consolidation,0,0
564,64300.0,826.0,20.9,5.2,6700.0,Auto,0,0
565,32300.0,748.0,17.8,0.5,21800.0,Personal,1,0
566,74800.0,663.0,18.2,19.8,7000.0,Personal,1,1
567,25000.0,766.0,13.0,0.7,11800.0,Medical,0,0
568,25000.0,656.0,14.6,0.1,15200.0,Home Improvement,0,0
569,123700.0,569.0,19.8,2.6,16300.0,Debt Consolidation,0,0
570,35000.0,676.0,5.5,4.5,13900.0,Personal,0,0
571,25000.0,761.0,2.2,6.1,13200.0,Auto,0,0
572,40900.0,589.0,22.6,3.8,7900.0,Medical,0,0
573,74300.0,766.0,22.3,0.6,14100.0,Home Improvement,0,0
574,25000.0,722.0,11.7,5.6,12500.0,Medical,0,0
575,36400.0,721.0,26.4,0.6,25700.0,Auto,1,1
576,66200.0,714.0,17.4,8.1,5500.0,Home Improvement,0,0
577,82200.0,737.0,15.4,4.9,15700.0,Medical,1,0
578,29700.0,691.0,6.7,1.9,5700.0,Home Improvement,0,1
579,69000.0,549.0,6.0,1.4,19200.0,Debt Consolidation,0,0
580,79500.0,759.0,14.1,1.2,10400.0,Debt Consolidation,0,0
581,43600.0,730.0,9.1,2.4,11200.0,Medical,0,0
582,35700.0,621.0,26.4,0.7,25000.0,Auto,0,1
583,49800.0,638.0,20.9,0.1,13500.0,Auto,0,1
584,25000.0,618.0,10.9,4.4,17700.0,Home Improvement,0,1
585,25000.0,744.0,11.3,6.0,5000.0,Auto,0,0
586,73700.0,728.0,6.0,3.1,25200.0,Home Improvement,0,0
587,40200.0,711.0,7.7,10.3,5000.0,Debt Consolidation,0,0
588,65600.0,704.0,24.6,6.9,14900.0,Debt Consolidation,0,0
589,66100.0,641.0,6.4,7.6,21000.0,Medical,0,0
590,25000.0,598.0,29.6,1.1,17100.0,Home Improvement,0,1
591,80600.0,613.0,17.6,3.8,24600.0,Debt Consolidation,0,0
592,49700.0,617.0,8.4,0.1,10100.0,Personal,1,0
593,36200.0,772.0,8.3,10.4,8000.0,Home Improvement,0,0
594,90800.0,667.0,22.1,3.5,58400.0,Home Improvement,0,0
595,64700.0,653.0,21.2,5.9,8200.0,Auto,0,0
596,67800.0,677.0,11.9,6.7,18000.0,Debt Consolidation,0,0
597,31200.0,580.0,37.0,1.4,9800.0,Auto,0,0
598,103200.0,641.0,18.1,0.2,26500.0,Auto,0,0
599,41500.0,671.0,21.1,1.9,6900.0,Home Improvement,1,1
600,64100.0,735.0,3.7,9.7,9400.0,Debt Consolidation,0,0
601,25200.0,597.0,38.4,6.2,37700.0,Debt Consolidation,0,1
602,68300.0,671.0,19.4,6.9,5000.0,Auto,0,0
603,31900.0,714.0,13.9,1.1,10800.0,Debt Consolidation,0,0
604,219400.0,613.0,5.9,0.1,14600.0,Debt Consolidation,0,0
605,80400.0,643.0,10.8,1.6,22800.0,Personal,0,1
606,100100.0,709.0,13.6,0.7,5000.0,Personal,0,0
607,114900.0,753.0,29.4,1.8,26500.0,Debt Consolidation,0,1
608,81000.0,668.0,15.3,1.4,5000.0,Medical,1,0
609,31000.0,530.0,24.6,1.1,6200.0,Medical,0,1
610,49600.0,580.0,20.0,1.6,20600.0,Medical,0,0
611,70300.0,839.0,4.8,2.1,24000.0,Auto,0,0
612,37300.0,603.0,27.5,9.6,16100.0,Auto,0,0
613,34000.0,634.0,11.2,3.4,40700.0,Personal,0,0
614,99200.0,636.0,26.7,0.6,20100.0,Debt Consolidation,0,0
615,25500.0,643.0,15.8,12.0,24500.0,Auto,0,0
616,93600.0,639.0,17.1,4.0,15100.0,Auto,0,0
617,125700.0,816.0,19.1,0.5,13300.0,Debt Consolidation,0,0
618,41500.0,826.0,7.3,1.0,46100.0,Auto,0,0
619,55700.0,528.0,24.8,0.4,25400.0,Home Improvement,1,1
620,47400.0,769.0,28.6,2.6,16300.0,Debt Consolidation,0,0
621,51000.0,669.0,3.6,10.4,8600.0,Auto,0,0
622,110600.0,566.0,14.7,1.4,26500.0,Personal,0,0
623,25000.0,708.0,10.0,0.3,7300.0,Auto,0,0
624,48700.0,706.0,26.4,1.9,10300.0,Auto,0,0
625,27400.0,741.0,10.3,0.5,8900.0,Personal,1,0
626,49900.0,650.0,9.3,6.2,5000.0,Auto,0,0
627,30900.0,627.0,25.5,0.6,11600.0,Personal,0,0
628,32800.0,658.0,26.7,4.2,18300.0,Personal,1,1
629,39800.0,686.0,17.6,2.0,9600.0,Debt Consolidation,0,0
630,48100.0,675.0,17.4,18.1,17200.0,Debt Consolidation,0,0
631,50200.0,672.0,7.5,3.1,19200.0,Debt Consolidation,1,1
632,34800.0,646.0,28.4,2.2,11900.0,Medical,0,1
633,72500.0,699.0,5.2,0.5,19600.0,Medical,0,0
634,30700.0,727.0,35.2,11.7,26600.0,Auto,0,0
635,56900.0,610.0,36.1,3.5,6100.0,Personal,0,1
636,36000.0,689.0,2.8,4.3,9800.0,Home Improvement,0,0
637,45800.0,813.0,15.7,6.9,34400.0,Auto,0,0
638,101500.0,711.0,12.5,17.7,12000.0,Personal,0,0
639,40400.0,609.0,12.5,6.1,39400.0,Home Improvement,0,0
640,119100.0,658.0,11.8,3.2,5300.0,Home Improvement,0,0
641,29700.0,760.0,17.3,6.0,11700.0,Personal,1,0
642,25100.0,585.0,12.2,0.3,8000.0,Medical,0,1
643,29800.0,745.0,24.5,7.5,8700.0,Debt Consolidation,0,0
644,58600.0,624.0,12.5,5.4,24100.0,Personal,0,0
645,60300.0,566.0,9.4,1.4,18200.0,Personal,0,1
646,37800.0,682.0,17.6,1.9,16700.0,Personal,0,0
647,75200.0,381.0,13.4,0.2,12600.0,Debt Consolidation,0,1
648,43200.0,583.0,25.0,0.8,5300.0,Auto,0,1
649,30100.0,653.0,23.6,2.5,42800.0,Debt Consolidation,0,0
650,57300.0,742.0,27.5,1.4,22700.0,Debt Consolidation,1,0
651,47300.0,644.0,20.0,4.1,10600.0,Debt Consolidation,0,0
652,49400.0,666.0,25.4,0.1,12400.0,Home Improvement,0,0
653,179200.0,581.0,22.7,4.4,13500.0,Debt Consolidation,0,0
654,70300.0,799.0,1.9,3.9,8100.0,Auto,0,0
655,81400.0,754.0,23.7,5.5,11400.0,Auto,0,0
656,68700.0,783.0,28.7,1.3,23600.0,Auto,0,0
657,73600.0,649.0,7.8,0.8,11600.0,Auto,0,0
658,26200.0,684.0,19.9,4.7,9000.0,Personal,0,0
659,89500.0,667.0,12.9,2.7,10000.0,Home Improvement,0,0
660,52500.0,621.0,18.6,0.0,13700.0,Personal,0,1
661,89300.0,684.0,12.0,5.9,17200.0,Home Improvement,0,0
662,27800.0,600.0,4.2,4.9,13300.0,Personal,0,0
663,40300.0,662.0,21.6,2.7,24600.0,Auto,0,0
664,30600.0,669.0,17.5,0.5,8200.0,Medical,0,1
665,158600.0,584.0,18.2,4.1,11000.0,Home Improvement,1,0
666,66100.0,663.0,16.0,0.2,22500.0,Home Improvement,0,0
667,28300.0,683.0,4.6,8.3,18400.0,Debt Consolidation,0,0
668,62300.0,627.0,31.5,3.7,6700.0,Auto,1,0
669,41600.0,798.0,23.1,1.7,20500.0,Debt Consolidation,0,0
670,68400.0,620.0,17.5,3.9,10100.0,Debt Consolidation,0,0
671,27000.0,682.0,22.9,2.7,30400.0,Auto,0,0
672,54800.0,605.0,24.6,0.2,31800.0,Auto,0,1
673,72600.0,711.0,6.0,5.5,9800.0,Home Improvement,0,1
674,99400.0,613.0,12.7,0.7,34800.0,Auto,0,0
675,54900.0,830.0,37.3,8.6,5000.0,Auto,0,0
676,32400.0,526.0,13.2,0.0,11700.0,Personal,1,1
677,41200.0,722.0,14.8,10.6,29000.0,Home Improvement,1,0
678,155700.0,650.0,10.6,9.2,21400.0,Auto,0,0
679,54300.0,622.0,17.5,3.1,22200.0,Home Improvement,0,1
680,29000.0,522.0,8.4,0.8,8500.0,Auto,0,0
681,44000.0,622.0,5.6,4.9,17500.0,Debt Consolidation,0,0
682,99200.0,711.0,17.6,1.5,16500.0,Home Improvement,1,0
683,96300.0,801.0,9.0,2.0,14000.0,Debt Consolidation,0,0
684,54500.0,634.0,9.0,2.3,10800.0,Personal,1,0
685,29700.0,678.0,18.8,27.9,7500.0,Home Improvement,0,0
686,26500.0,823.0,21.0,10.3,16500.0,Home Improvement,1,0
687,41900.0,590.0,12.7,1.7,13400.0,Home Improvement,1,1
688,38900.0,763.0,10.0,7.9,9600.0,Personal,0,0
689,92700.0,551.0,5.4,2.6,19800.0,Personal,0,0
690,56100.0,652.0,5.8,6.6,16800.0,Medical,0,0
691,89300.0,804.0,15.2,5.2,23000.0,Auto,0,0
692,114800.0,751.0,3.0,3.0,6900.0,Home Improvement,0,0
693,29200.0,640.0,17.0,0.1,5000.0,Personal,0,0
694,31000.0,603.0,15.8,0.2,38300.0,Home Improvement,0,1
695,27700.0,742.0,17.2,9.8,17400.0,Home Improvement,0,0
696,94400.0,580.0,3.6,0.6,6800.0,Home Improvement,0,0
697,45200.0,663.0,40.2,7.5,9700.0,Home Improvement,0,1
698,25000.0,771.0,27.3,11.4,13500.0,Debt Consolidation,0,0
699,174300.0,606.0,24.4,3.1,27300.0,Home Improvement,0,0
700,25000.0,722.0,17.5,1.8,9900.0,Auto,0,0
701,62600.0,685.0,9.4,2.1,49100.0,Debt Consolidation,0,0
702,31500.0,682.0,22.8,2.2,11400.0,Auto,0,0
703,41100.0,609.0,9.5,0.3,12100.0,Home Improvement,1,1
704,52000.0,570.0,27.7,2.5,11200.0,Debt Consolidation,0,0
705,92500.0,594.0,19.3,10.5,7100.0,Home Improvement,0,0
706,66100.0,638.0,13.0,7.1,13500.0,Debt Consolidation,0,0
707,65900.0,677.0,14.1,2.6,19000.0,Auto,0,0
708,38100.0,801.0,18.0,3.2,21100.0,Auto,1,0
709,51400.0,712.0,23.6,4.5,20700.0,Debt Consolidation,0,0
710,43200.0,662.0,14.9,13.6,14900.0,Medical,0,1
711,62200.0,750.0,4.9,5.5,10400.0,Medical,0,0
712,54300.0,731.0,30.6,1.4,18200.0,Debt Consolidation,0,0
713,119900.0,688.0,22.7,10.0,40000.0,Auto,0,0
714,48000.0,765.0,12.7,6.5,8700.0,Home Improvement,0,0
715,86200.0,678.0,8.0,1.7,21100.0,Personal,0,0
716,25000.0,666.0,20.7,0.0,25500.0,Auto,0,1
717,110500.0,532.0,18.9,13.0,8600.0,Auto,0,0
718,92500.0,762.0,4.1,0.1,43500.0,Home Improvement,1,1
719,45500.0,685.0,6.5,8.6,21200.0,Home Improvement,1,1
720,25000.0,741.0,5.9,1.6,15900.0,Medical,0,0
721,25000.0,820.0,30.8,5.0,13600.0,Personal,0,0
722,35900.0,661.0,8.7,1.7,7800.0,Medical,0,0
723,63200.0,706.0,20.3,1.4,11700.0,Auto,0,0
724,75600.0,723.0,19.4,1.8,15800.0,Auto,0,0
725,86400.0,685.0,24.9,2.6,11400.0,Debt Consolidation,0,0
726,57100.0,787.0,26.3,3.6,8600.0,Debt Consolidation,0,1
727,48200.0,776.0,24.3,11.6,8700.0,Personal,0,0
728,52100.0,660.0,36.0,0.6,14700.0,Personal,0,0
729,63900.0,537.0,9.7,3.0,9000.0,Home Improvement,0,0
730,83600.0,478.0,10.3,2.1,27000.0,Medical,0,0
731,27300.0,738.0,13.1,5.0,14800.0,Debt Consolidation,1,0
732,28800.0,695.0,26.6,2.4,28100.0,Debt Consolidation,0,0
733,50100.0,578.0,19.1,5.2,20400.0,Debt Consolidation,0,1
734,73200.0,593.0,26.7,1.0,13900.0,Personal,0,0
735,25000.0,714.0,22.0,0.0,5300.0,Personal,1,0
736,88300.0,768.0,10.8,4.4,9300.0,Auto,0,0
737,99100.0,579.0,7.5,2.5,10700.0,Auto,0,0
738,89200.0,723.0,22.4,1.7,8600.0,Debt Consolidation,0,0
739,25200.0,572.0,20.9,4.2,19400.0,Home Improvement,0,0
740,41300.0,651.0,12.5,1.5,20100.0,Medical,0,1
741,54700.0,514.0,14.0,1.8,5000.0,Auto,0,0
742,57700.0,640.0,14.8,27.5,11300.0,Auto,0,0
743,51500.0,722.0,30.5,9.7,29700.0,Personal,1,1
744,76900.0,649.0,6.9,13.4,40000.0,Auto,0,0
745,43800.0,588.0,18.3,0.1,5700.0,Debt Consolidation,0,0
746,32300.0,578.0,22.0,12.7,16500.0,Home Improvement,0,1
747,45300.0,693.0,5.8,5.4,14800.0,Auto,0,0
748,75300.0,680.0,16.5,4.2,25300.0,Home Improvement,0,0
749,47200.0,740.0,16.4,14.5,7900.0,Debt Consolidation,0,0
750,49500.0,780.0,33.0,0.8,22800.0,Debt Consolidation,0,0
751,40800.0,615.0,4.0,2.7,27100.0,Home Improvement,0,0
752,33700.0,752.0,22.7,4.4,17100.0,Auto,1,1
753,95000.0,637.0,25.8,2.9,15400.0,Home Improvement,0,0
754,31600.0,658.0,3.9,1.1,6700.0,Auto,1,0
755,35800.0,757.0,7.5,4.2,7500.0,Debt Consolidation,0,0
756,55300.0,722.0,3.4,2.3,28700.0,Home Improvement,0,0
757,46400.0,759.0,14.0,8.1,30900.0,Personal,0,0
758,63100.0,850.0,27.3,1.5,5000.0,Auto,0,0
759,50600.0,670.0,4.4,2.9,8300.0,Home Improvement,0,0
760,77400.0,725.0,16.3,10.6,22600.0,Personal,0,0
761,30400.0,576.0,16.8,0.6,25100.0,Auto,0,1
762,32400.0,701.0,26.2,0.0,8800.0,Home Improvement,0,1
763,62900.0,769.0,28.9,4.0,13600.0,Auto,0,0
764,132900.0,665.0,6.6,3.2,22500.0,Home Improvement,0,0
765,61100.0,738.0,0.7,4.9,27100.0,Auto,0,0
766,64000.0,764.0,4.8,0.4,24900.0,Auto,0,0
767,40700.0,802.0,22.5,5.7,5000.0,Auto,0,0
768,56600.0,688.0,2.1,2.2,22800.0,Home Improvement,0,0
769,45000.0,647.0,6.9,1.5,14000.0,Auto,0,0
770,76100.0,764.0,45.0,23.9,5700.0,Auto,0,0
771,57900.0,730.0,29.2,1.6,12500.0,Home Improvement,0,0
772,25000.0,745.0,44.5,4.6,10800.0,Medical,0,0
773,36800.0,674.0,4.5,2.6,12300.0,Personal,0,0
774,50700.0,698.0,4.4,0.0,21300.0,Home Improvement,1,0
775,37800.0,803.0,3.3,2.0,8200.0,Debt Consolidation,0,0
776,54400.0,536.0,20.2,2.7,15000.0,Home Improvement,0,1
777,59400.0,605.0,13.3,5.4,11600.0,Personal,0,0
778,61600.0,687.0,11.6,0.1,12700.0,Debt Consolidation,0,0
779,33500.0,825.0,3.5,2.9,5000.0,Debt Consolidation,0,0
780,83800.0,792.0,3.7,0.7,5500.0,Auto,0,0
781,53700.0,728.0,7.3,0.6,5000.0,Debt Consolidation,0,0
782,75100.0,778.0,16.0,0.3,8400.0,Home Improvement,0,0
783,106400.0,681.0,16.4,0.1,24700.0,Medical,0,0
784,37800.0,730.0,7.0,6.6,25400.0,Debt Consolidation,0,0
785,47300.0,558.0,17.9,2.0,10300.0,Medical,1,1
786,56600.0,721.0,7.1,9.0,21800.0,Personal,0,0
787,44400.0,773.0,10.6,1.1,9800.0,Auto,0,0
788,58300.0,750.0,4.1,0.4,28900.0,Home Improvement,0,0
789,25000.0,711.0,23.2,0.8,16200.0,Auto,0,0
790,105700.0,697.0,35.3,1.8,6100.0,Auto,1,1
791,45100.0,699.0,14.4,2.2,11000.0,Home Improvement,0,0
792,35800.0,656.0,34.3,0.9,22900.0,Debt Consolidation,0,1
793,25000.0,818.0,15.6,3.6,9300.0,Personal,0,0
794,47700.0,850.0,3.8,1.4,6800.0,Home Improvement,0,0
795,83600.0,692.0,21.2,3.7,27900.0,Debt Consolidation,1,0
796,83200.0,463.0,15.3,2.2,16900.0,Home Improvement,0,1
797,54700.0,618.0,23.9,4.2,14000.0,Medical,0,0
798,65800.0,729.0,33.9,4.4,5000.0,Home Improvement,0,0
799,50500.0,723.0,20.5,0.3,39300.0,Auto,0,0
800,35400.0,678.0,17.1,5.3,6800.0,Home Improvement,0,0
801,143200.0,680.0,11.6,5.8,9900.0,Auto,1,0
802,37500.0,793.0,14.1,0.0,47900.0,Debt Consolidation,1,0
803,68700.0,721.0,4.2,2.4,5000.0,Home Improvement,0,0
804,52700.0,501.0,8.2,19.7,22100.0,Debt Consolidation,0,0
805,25000.0,666.0,19.0,2.8,6600.0,Home Improvement,0,1
806,50800.0,737.0,14.3,3.8,19700.0,Debt Consolidation,0,0
807,25000.0,726.0,16.2,4.2,24800.0,Personal,0,0
808,57700.0,699.0,24.2,1.0,6900.0,Medical,0,0
809,68800.0,742.0,20.8,0.4,31400.0,Home Improvement,0,0
810,43500.0,757.0,26.4,1.9,11800.0,Debt Consolidation,0,0
811,101000.0,653.0,2.5,7.1,23800.0,Auto,0,0
812,30000.0,647.0,17.3,1.1,9400.0,Auto,0,0
813,55600.0,448.0,14.5,0.2,24100.0,Home Improvement,0,1
814,96500.0,680.0,16.8,1.7,12000.0,Debt Consolidation,0,0
815,33700.0,703.0,19.0,7.8,20200.0,Debt Consolidation,0,0
816,76800.0,590.0,15.0,1.5,6300.0,Debt Consolidation,0,0
817,85500.0,783.0,11.6,0.6,18000.0,Medical,0,0
818,59400.0,718.0,35.2,2.3,17100.0,Debt Consolidation,0,0
819,49300.0,766.0,6.5,3.9,9100.0,Auto,0,0
820,43300.0,832.0,0.8,4.7,5000.0,Auto,0,0
821,103000.0,850.0,38.6,5.4,14200.0,Home Improvement,1,1
822,74800.0,726.0,16.8,15.9,5600.0,Debt Consolidation,0,0
823,178900.0,572.0,11.9,0.1,5200.0,Home Improvement,0,0
824,25700.0,791.0,5.4,2.1,27500.0,Home Improvement,0,0
825,61400.0,514.0,18.1,0.3,19300.0,Debt Consolidation,0,0
826,56100.0,760.0,30.4,4.0,9500.0,Home Improvement,0,0
827,101600.0,749.0,16.9,3.8,5000.0,Personal,0,0
828,25000.0,788.0,27.9,6.7,12400.0,Home Improvement,0,0
829,55000.0,509.0,9.4,0.2,11200.0,Debt Consolidation,0,1
830,62100.0,558.0,12.2,1.6,11600.0,Home Improvement,0,1
831,43100.0,569.0,4.1,4.5,10100.0,Auto,0,0
832,41700.0,682.0,15.3,3.8,16800.0,Auto,0,0
833,124300.0,645.0,16.4,2.1,11400.0,Auto,0,0
834,31200.0,850.0,20.9,0.1,20200.0,Personal,0,0
835,50100.0,780.0,7.5,1.6,22400.0,Personal,0,0
836,109100.0,749.0,8.0,2.5,18100.0,Personal,0,0
837,64000.0,679.0,29.3,2.2,14100.0,Auto,0,1
838,25000.0,790.0,8.7,9.0,16200.0,Personal,0,0
839,25000.0,734.0,6.6,2.0,39300.0,Auto,0,0
840,50900.0,744.0,3.1,3.0,5200.0,Auto,0,0
841,30500.0,646.0,1.8,13.4,22100.0,Auto,0,0
842,27600.0,747.0,44.3,5.8,23800.0,Auto,0,1
843,46700.0,642.0,9.1,2.7,23100.0,Debt Consolidation,0,0
844,41200.0,732.0,27.7,7.1,22900.0,Home Improvement,0,0
845,25000.0,724.0,14.3,1.9,9600.0,Home Improvement,0,0
846,25000.0,723.0,21.1,2.6,29600.0,Debt Consolidation,0,0
847,43300.0,713.0,17.5,5.0,30300.0,Auto,0,0
848,30700.0,730.0,6.8,7.6,29300.0,Debt Consolidation,1,0
849,57400.0,617.0,22.8,1.8,5000.0,Auto,0,0
850,34400.0,675.0,10.6,0.3,58900.0,Debt Consolidation,0,1
851,31500.0,648.0,11.2,0.4,13200.0,Debt Consolidation,0,0
852,30000.0,585.0,19.8,2.2,8300.0,Personal,1,1
853,45400.0,745.0,25.6,3.1,10000.0,Debt Consolidation,0,0
854,76400.0,793.0,9.7,1.8,16500.0,Home Improvement,0,0
855,36600.0,604.0,22.9,6.3,20100.0,Debt Consolidation,0,1
856,45600.0,805.0,3.5,6.2,8800.0,Debt Consolidation,1,0
857,25000.0,617.0,17.6,1.0,20200.0,Auto,0,0
858,65200.0,731.0,31.2,3.0,8600.0,Home Improvement,0,0
859,64500.0,623.0,33.8,1.4,13600.0,Debt Consolidation,0,1
860,29300.0,597.0,19.5,4.7,8700.0,Auto,0,0
861,60900.0,629.0,14.9,0.6,9400.0,Medical,0,1
862,25200.0,652.0,8.9,8.6,6900.0,Personal,0,0
863,47700.0,511.0,14.7,1.5,14900.0,Auto,0,1
864,31400.0,638.0,15.7,4.4,22400.0,Medical,0,0
865,35800.0,609.0,15.6,13.5,5500.0,Debt Consolidation,0,0
866,68900.0,636.0,30.9,10.4,9500.0,Auto,0,0
867,28900.0,653.0,23.6,13.5,61500.0,Medical,0,0
868,42700.0,598.0,26.6,0.6,6200.0,Home Improvement,0,1
869,62500.0,754.0,14.0,0.8,5200.0,Auto,0,0
870,46900.0,670.0,16.8,2.3,7600.0,Home Improvement,0,0
871,40700.0,551.0,36.9,5.1,11700.0,Home Improvement,1,1
872,69600.0,798.0,22.1,3.3,22500.0,Auto,0,0
873,55800.0,691.0,8.6,7.4,16700.0,Medical,0,0
874,33500.0,692.0,2.6,2.5,22400.0,Auto,1,0
875,72200.0,737.0,12.9,6.0,17200.0,Debt Consolidation,0,0
876,62000.0,669.0,42.6,0.0,23100.0,Auto,0,1
877,49900.0,659.0,19.4,0.6,8900.0,Auto,1,1
878,78000.0,654.0,8.7,6.9,5000.0,Debt Consolidation,0,0
879,134300.0,467.0,3.2,0.8,14200.0,Personal,0,0
880,72400.0,719.0,16.3,6.6,7900.0,Medical,0,0
881,38400.0,551.0,9.1,0.8,33600.0,Auto,0,0
882,80100.0,731.0,41.5,3.2,19000.0,Auto,0,0
883,32700.0,729.0,8.1,3.7,35400.0,Auto,0,0
884,85000.0,703.0,26.8,1.6,6300.0,Personal,0,0
885,42900.0,760.0,14.6,0.1,11300.0,Debt Consolidation,0,0
886,93700.0,681.0,7.0,8.0,19800.0,Auto,0,0
887,33400.0,850.0,23.5,3.0,12100.0,Debt Consolidation,0,0
888,25000.0,624.0,11.7,0.8,27000.0,Home Improvement,0,0
889,149400.0,821.0,10.4,2.9,5600.0,Medical,0,0
890,158500.0,837.0,20.7,1.8,11300.0,Home Improvement,0,0
891,25000.0,586.0,44.5,3.0,31800.0,Auto,0,1
892,68300.0,682.0,26.9,0.5,19600.0,Auto,0,1
893,90700.0,657.0,22.5,6.3,14400.0,Auto,1,0
894,51900.0,659.0,3.0,4.0,32900.0,Debt Consolidation,0,0
895,53400.0,722.0,6.2,5.2,22300.0,Medical,0,0
896,25000.0,623.0,5.2,5.0,22100.0,Home Improvement,0,0
897,82500.0,661.0,14.7,4.4,17700.0,Auto,0,0
898,30800.0,771.0,19.1,12.2,17800.0,Debt Consolidation,0,0
899,54100.0,703.0,29.8,6.7,7100.0,Debt Consolidation,0,0
900,52400.0,778.0,19.4,1.7,8200.0,Home Improvement,0,0
901,52700.0,801.0,16.1,12.8,8100.0,Debt Consolidation,0,0
902,28900.0,686.0,35.0,11.1,34900.0,Debt Consolidation,0,1
903,46900.0,692.0,15.0,1.4,32800.0,Medical,0,0
904,37200.0,652.0,17.4,4.5,5000.0,Auto,0,0
905,36500.0,764.0,14.3,1.1,13800.0,Auto,1,0
906,73900.0,643.0,13.2,1.4,18100.0,Debt Consolidation,1,0
907,36900.0,596.0,36.2,4.8,5700.0,Debt Consolidation,1,1
908,29000.0,720.0,15.0,5.5,6800.0,Home Improvement,1,0
909,111900.0,652.0,14.2,0.3,17100.0,Auto,0,0
910,25000.0,657.0,18.7,7.2,17300.0,Auto,0,0
911,113900.0,682.0,26.6,2.8,19400.0,Debt Consolidation,0,0
912,37300.0,707.0,10.6,1.6,19600.0,Auto,0,0
913,71800.0,784.0,9.6,11.1,10000.0,Personal,0,0
914,31400.0,730.0,28.7,6.9,7900.0,Auto,0,0
915,25000.0,779.0,18.4,3.3,48700.0,Debt Consolidation,0,0
916,60100.0,585.0,23.9,8.5,5200.0,Auto,0,1
917,25000.0,623.0,15.9,4.2,9800.0,Personal,0,0
918,25000.0,747.0,14.9,7.5,10900.0,Home Improvement,0,0
919,44300.0,682.0,19.2,0.3,12800.0,Auto,0,0
920,39100.0,717.0,29.5,2.0,16900.0,Personal,1,0
921,70500.0,552.0,41.3,11.1,9100.0,Medical,0,1
922,54500.0,765.0,28.4,1.8,13700.0,Auto,0,0
923,55700.0,609.0,40.2,0.8,10700.0,Personal,0,1
924,47500.0,829.0,19.3,2.8,5600.0,Home Improvement,0,0
925,40700.0,801.0,2.4,1.1,19400.0,Debt Consolidation,0,0
926,103700.0,766.0,9.3,12.7,8000.0,Auto,0,0
927,39100.0,633.0,7.0,12.8,32000.0,Home Improvement,0,0
928,63200.0,736.0,28.7,7.0,20400.0,Home Improvement,0,0
929,45200.0,813.0,16.6,4.1,5000.0,Personal,0,0
930,39700.0,685.0,12.6,7.2,9500.0,Auto,0,0
931,56800.0,663.0,25.5,2.6,12300.0,Personal,0,0
932,80000.0,706.0,10.5,3.3,31100.0,Debt Consolidation,0,0
933,32400.0,668.0,20.5,1.4,14100.0,Auto,0,1
934,35800.0,715.0,21.0,5.3,10700.0,Debt Consolidation,0,0
935,75200.0,813.0,23.9,2.7,21600.0,Home Improvement,0,0
936,52800.0,712.0,16.1,6.8,22900.0,Auto,0,0
937,87900.0,763.0,2.1,1.1,9100.0,Home Improvement,1,0
938,32600.0,654.0,12.8,0.9,31500.0,Personal,1,0
939,25400.0,610.0,9.2,0.1,25100.0,Debt Consolidation,0,0
940,83500.0,638.0,12.2,0.7,8000.0,Auto,0,0
941,25000.0,611.0,5.7,4.2,11300.0,Home Improvement,1,1
942,25000.0,652.0,21.1,2.5,33300.0,Home Improvement,0,1
943,39800.0,675.0,12.8,2.5,25100.0,Auto,0,0
944,25000.0,737.0,13.6,3.7,5000.0,Auto,0,0
945,62300.0,607.0,10.4,1.9,17700.0,Home Improvement,1,1
946,25000.0,650.0,28.0,7.1,32400.0,Auto,0,1
947,34300.0,598.0,14.0,1.7,10900.0,Auto,0,0
948,40800.0,580.0,25.1,1.9,7400.0,Auto,0,0
949,48700.0,637.0,23.6,3.4,12900.0,Personal,0,1
950,93000.0,729.0,33.8,2.2,28300.0,Medical,0,0
951,35000.0,716.0,24.5,3.1,8400.0,Debt Consolidation,0,0
952,44400.0,769.0,4.5,1.9,9100.0,Debt Consolidation,0,0
953,30400.0,667.0,10.3,10.8,13400.0,Debt Consolidation,0,0
954,43000.0,714.0,9.1,1.7,13600.0,Medical,0,0
955,46000.0,811.0,16.2,0.8,8500.0,Home Improvement,0,0
956,29700.0,647.0,31.9,3.8,10100.0,Home Improvement,0,0
957,73500.0,756.0,6.3,1.9,13000.0,Personal,0,0
958,39800.0,626.0,6.4,6.0,17600.0,Personal,0,0
959,56400.0,634.0,34.5,10.7,5000.0,Debt Consolidation,1,0
960,92900.0,727.0,7.7,4.8,12100.0,Medical,0,0
961,44300.0,596.0,7.0,1.7,6800.0,Auto,0,0
962,70800.0,742.0,26.8,4.7,27300.0,Personal,0,0
963,67600.0,670.0,18.3,4.2,29500.0,Auto,1,0
964,40300.0,673.0,19.2,3.5,9600.0,Debt Consolidation,0,0
965,39300.0,700.0,25.3,0.6,10000.0,Home Improvement,0,0
966,47200.0,624.0,10.2,4.6,7900.0,Personal,0,0
967,25000.0,714.0,1.7,5.4,6200.0,Debt Consolidation,0,0
968,63200.0,665.0,6.7,1.0,30500.0,Debt Consolidation,0,0
969,89600.0,682.0,23.8,4.7,13000.0,Home Improvement,0,0
970,32400.0,678.0,29.5,1.7,5000.0,Personal,0,0
971,58000.0,603.0,1.8,2.2,5100.0,Debt Consolidation,1,1
972,25000.0,641.0,15.1,2.4,12500.0,Home Improvement,0,0
973,83800.0,662.0,28.4,4.5,12500.0,Debt Consolidation,0,0
974,149300.0,744.0,28.4,5.6,7300.0,Medical,0,0
975,31600.0,739.0,15.8,7.8,5000.0,Personal,0,0
976,220000.0,672.0,20.4,4.4,25300.0,Home Improvement,1,0
977,26500.0,643.0,18.5,1.0,22600.0,Debt Consolidation,0,0
978,25000.0,511.0,17.9,0.4,27900.0,Medical,0,1
979,44800.0,800.0,22.8,1.3,21300.0,Debt Consolidation,0,0
980,31600.0,646.0,11.8,0.7,10400.0,Auto,0,0
981,79600.0,739.0,31.9,1.4,9200.0,Auto,0,0
982,40700.0,685.0,7.0,9.5,24100.0,Personal,0,0
983,92500.0,799.0,6.1,5.0,28200.0,Personal,0,0
984,40000.0,695.0,5.1,7.8,11100.0,Auto,0,0
985,28500.0,686.0,17.9,8.7,20000.0,Personal,0,1
986,35400.0,672.0,23.9,1.8,11500.0,Home Improvement,0,0
987,104200.0,721.0,28.8,2.4,19000.0,Home Improvement,0,0
988,44100.0,656.0,22.2,5.7,53800.0,Auto,0,0
989,36800.0,639.0,24.4,0.0,12000.0,Debt Consolidation,0,1
990,30200.0,706.0,16.7,0.3,10700.0,Debt Consolidation,0,1
991,25000.0,615.0,16.8,0.6,33900.0,Debt Consolidation,0,0
992,37000.0,708.0,22.9,1.0,41900.0,Debt Consolidation,1,1
993,52300.0,638.0,20.5,0.2,21900.0,Auto,0,0
994,49900.0,746.0,12.8,9.7,31600.0,Home Improvement,0,0
995,31700.0,786.0,15.8,1.8,6300.0,Debt Consolidation,0,0
996,45700.0,713.0,19.3,1.8,71800.0,Home Improvement,0,0
997,52200.0,777.0,5.4,3.1,5400.0,Auto,0,0
998,59800.0,806.0,31.5,0.5,15200.0,Auto,0,0
999,47100.0,623.0,19.2,11.7,15500.0,Home Improvement,0,0
1000,60000.0,697.0,6.7,8.7,9100.0,Debt Consolidation,0,0
1001,56200.0,501.0,21.2,2.5,14500.0,Debt Consolidation,0,0
1002,39900.0,798.0,17.4,1.8,14800.0,Medical,0,0
1003,33200.0,695.0,7.8,6.9,5000.0,Medical,0,0
1004,126800.0,608.0,14.2,8.0,15800.0,Home Improvement,0,1
1005,51200.0,825.0,12.9,1.6,11100.0,Home Improvement,1,0
1006,34900.0,640.0,35.8,0.1,8600.0,Home Improvement,0,1
1007,69000.0,738.0,23.4,4.2,5000.0,Medical,1,0
1008,39700.0,699.0,18.8,3.6,7300.0,Personal,0,0
1009,78100.0,696.0,24.8,1.7,10900.0,Home Improvement,0,0
1010,90400.0,660.0,12.7,7.4,17900.0,Auto,0,0
1011,54700.0,670.0,2.1,3.0,17700.0,Home Improvement,0,0
1012,57500.0,642.0,23.8,2.5,14900.0,Debt Consolidation,0,0
1013,48800.0,536.0,14.5,2.1,8300.0,Home Improvement,0,1
1014,45000.0,647.0,4.3,6.9,13100.0,Debt Consolidation,1,0
1015,35800.0,706.0,21.7,0.1,14400.0,Auto,0,0
1016,75500.0,797.0,9.7,7.6,13700.0,Debt Consolidation,0,0
1017,50800.0,711.0,13.0,2.4,25800.0,Auto,0,0
1018,44000.0,531.0,5.5,2.0,7600.0,Personal,0,0
1019,25000.0,734.0,21.2,0.4,25200.0,Debt Consolidation,0,0
1020,43900.0,704.0,4.7,4.3,5000.0,Auto,0,0
1021,46100.0,704.0,25.6,0.4,12600.0,Home Improvement,0,0
1022,134400.0,724.0,6.6,4.4,5000.0,Auto,0,0
1023,67400.0,786.0,21.4,3.1,21900.0,Personal,1,0
1024,25000.0,624.0,28.5,6.0,10700.0,Debt Consolidation,0,0
1025,45900.0,710.0,2.2,0.2,26900.0,Auto,0,0
1026,89600.0,641.0,26.0,1.7,27800.0,Auto,0,0
1027,77900.0,651.0,20.4,1.6,5000.0,Debt Consolidation,0,0
1028,80900.0,616.0,41.6,12.9,17300.0,Auto,0,1
1029,39600.0,716.0,33.8,3.2,9700.0,Home Improvement,0,0
1030,33600.0,764.0,16.7,7.6,14000.0,Personal,1,0
1031,80000.0,581.0,2.2,1.1,8600.0,Personal,0,0
1032,48600.0,651.0,34.5,8.9,9500.0,Debt Consolidation,0,0
1033,37400.0,829.0,12.5,8.9,11200.0,Personal,0,0
1034,84300.0,615.0,21.6,3.7,10400.0,Home Improvement,0,0
1035,58000.0,719.0,15.0,5.3,28000.0,Auto,1,1
1036,27400.0,728.0,16.8,0.9,13100.0,Medical,0,0
1037,25000.0,667.0,15.3,0.2,10700.0,Auto,0,0
1038,46700.0,508.0,21.0,3.8,12800.0,Debt Consolidation,0,1
1039,121100.0,522.0,19.8,1.8,12100.0,Home Improvement,1,0
1040,75000.0,665.0,0.7,1.7,13000.0,Auto,0,0
1041,52900.0,735.0,31.8,4.9,15200.0,Home Improvement,0,0
1042,57600.0,631.0,42.2,3.6,35400.0,Home Improvement,0,1
1043,33700.0,658.0,12.0,0.0,8600.0,Debt Consolidation,0,1
1044,29400.0,725.0,13.1,3.0,40900.0,Debt Consolidation,1,1
1045,37700.0,638.0,2.4,0.0,24300.0,Home Improvement,0,0
1046,25000.0,721.0,9.4,9.2,24800.0,Personal,0,0
1047,25000.0,774.0,16.4,2.9,27300.0,Debt Consolidation,0,0
1048,37000.0,784.0,31.6,3.4,36200.0,Auto,0,0
1049,36400.0,664.0,7.1,3.1,20800.0,Auto,0,0
1050,35200.0,777.0,15.5,14.9,7000.0,Auto,0,0
1051,47900.0,744.0,7.2,2.2,17800.0,Debt Consolidation,0,0
1052,67700.0,715.0,6.5,5.3,24000.0,Auto,0,0
1053,50100.0,837.0,13.7,11.2,19600.0,Personal,0,0
1054,48100.0,702.0,21.8,3.0,23500.0,Auto,0,0
1055,58200.0,697.0,14.2,14.4,14000.0,Personal,0,0
1056,54400.0,682.0,26.1,3.0,22800.0,Home Improvement,0,0
1057,39300.0,615.0,5.6,2.7,33500.0,Personal,0,0
1058,121600.0,767.0,22.7,4.1,15200.0,Debt Consolidation,0,0
1059,131300.0,792.0,37.4,3.1,7800.0,Medical,0,0
1060,25000.0,754.0,33.3,1.0,13200.0,Auto,0,0
1061,144800.0,807.0,13.2,22.2,24400.0,Personal,1,0
1062,36800.0,737.0,40.7,2.2,12400.0,Auto,0,1
1063,42400.0,780.0,33.4,4.4,10600.0,Home Improvement,0,0
1064,93800.0,721.0,13.3,0.9,12200.0,Auto,0,0
1065,25000.0,623.0,7.5,4.6,10200.0,Home Improvement,0,1
1066,35200.0,565.0,13.5,0.7,18400.0,Auto,0,1
1067,25000.0,629.0,19.9,2.8,7400.0,Debt Consolidation,0,0
1068,69600.0,713.0,20.4,0.0,5500.0,Personal,0,0
1069,34600.0,655.0,8.0,3.0,13900.0,Auto,1,1
1070,58400.0,773.0,7.5,0.8,20100.0,Debt Consolidation,0,0
1071,146100.0,707.0,36.6,1.7,5000.0,Debt Consolidation,0,0
1072,58400.0,628.0,1.8,1.9,9600.0,Home Improvement,0,1
1073,28500.0,701.0,13.0,0.0,5700.0,Auto,0,0
1074,62100.0,719.0,7.6,6.3,13500.0,Auto,0,0
1075,43800.0,645.0,15.7,2.0,12800.0,Home Improvement,0,0
1076,52100.0,704.0,26.1,1.9,11300.0,Auto,0,0
1077,123800.0,628.0,8.4,11.1,14400.0,Personal,0,0
1078,34900.0,618.0,19.6,0.1,9500.0,Auto,0,0
1079,25000.0,818.0,3.9,2.2,5400.0,Debt Consolidation,0,0
1080,67100.0,691.0,16.7,7.8,13900.0,Personal,0,0
1081,47500.0,762.0,20.6,6.0,13400.0,Debt Consolidation,0,0
1082,33700.0,582.0,20.4,2.2,6900.0,Auto,0,0
1083,34600.0,671.0,9.8,0.5,19700.0,Personal,0,0
1084,116900.0,753.0,29.6,2.8,10600.0,Auto,0,0
1085,72600.0,587.0,10.5,1.3,20900.0,Home Improvement,1,1
1086,39600.0,545.0,17.5,5.2,12000.0,Auto,0,0
1087,34600.0,658.0,17.9,6.4,8900.0,Auto,0,0
1088,27700.0,674.0,20.6,0.4,5000.0,Auto,0,0
1089,43500.0,735.0,26.4,8.8,23300.0,Personal,0,0
1090,42000.0,523.0,19.6,8.0,10800.0,Auto,0,1
1091,29000.0,644.0,16.1,0.6,13700.0,Auto,0,1
1092,50600.0,720.0,14.4,6.4,21600.0,Medical,0,0
1093,71700.0,615.0,30.0,1.6,16700.0,Auto,0,0
1094,25000.0,483.0,14.3,2.0,9000.0,Medical,0,1
1095,59400.0,637.0,27.0,4.6,20400.0,Personal,0,0
1096,112500.0,694.0,17.5,3.1,16500.0,Medical,1,0
1097,113400.0,622.0,6.7,3.6,9700.0,Personal,0,0
1098,69500.0,601.0,8.9,8.7,23100.0,Home Improvement,0,0
1099,25300.0,615.0,35.6,3.5,12500.0,Auto,1,1
1100,42800.0,622.0,10.5,0.5,10300.0,Auto,0,0
1101,88700.0,657.0,8.4,2.4,8600.0,Home Improvement,0,0
1102,53200.0,625.0,33.0,1.0,52900.0,Auto,0,1
1103,34200.0,695.0,23.3,2.4,5000.0,Debt Consolidation,0,0
1104,44800.0,707.0,31.6,0.5,13400.0,Auto,0,0
1105,38400.0,752.0,19.8,6.6,9800.0,Auto,0,0
1106,48500.0,805.0,9.3,0.5,14100.0,Debt Consolidation,0,0
1107,64000.0,651.0,19.0,0.6,14600.0,Auto,0,0
1108,62800.0,546.0,18.5,2.2,8300.0,Auto,1,1
1109,31400.0,751.0,23.4,1.2,21600.0,Medical,0,0
1110,86300.0,664.0,23.1,9.8,5000.0,Medical,0,0
1111,106000.0,715.0,23.0,4.6,17300.0,Home Improvement,0,0
1112,50500.0,683.0,27.5,0.1,19600.0,Personal,1,1
1113,109600.0,527.0,15.1,3.6,8500.0,Debt Consolidation,0,0
1114,67800.0,746.0,23.2,1.1,18200.0,Personal,1,0
1115,44800.0,684.0,20.9,1.4,20500.0,Personal,0,0
1116,25000.0,617.0,10.4,4.3,13200.0,Personal,0,1
1117,100000.0,604.0,18.4,5.5,18600.0,Personal,0,0
1118,30000.0,670.0,23.0,2.6,19900.0,Home Improvement,0,0
1119,41900.0,674.0,19.3,0.6,25800.0,Debt Consolidation,0,0
1120,193200.0,638.0,7.6,3.9,25400.0,Home Improvement,0,0
1121,30500.0,765.0,12.6,0.4,7200.0,Personal,0,0
1122,51100.0,568.0,17.8,1.0,5000.0,Auto,1,1
1123,34300.0,819.0,5.5,1.3,15100.0,Debt Consolidation,0,0
1124,57400.0,735.0,16.9,2.1,21100.0,Auto,0,0
1125,62900.0,645.0,36.7,0.3,6800.0,Auto,0,1
1126,75000.0,763.0,10.7,2.1,5000.0,Auto,0,0
1127,77200.0,486.0,23.6,2.2,28200.0,Debt Consolidation,0,1
1128,44400.0,788.0,9.5,7.4,5900.0,Auto,0,0
1129,46000.0,814.0,6.6,2.6,14900.0,Auto,0,0
1130,31600.0,551.0,19.7,2.8,8800.0,Auto,0,1
1131,44900.0,583.0,4.6,6.9,13200.0,Home Improvement,0,1
1132,58300.0,800.0,9.1,3.5,11600.0,Home Improvement,0,0
1133,87300.0,749.0,7.1,4.9,11000.0,Home Improvement,1,0
1134,25000.0,533.0,6.6,2.0,6800.0,Auto,1,1
1135,134800.0,683.0,21.3,1.0,5000.0,Debt Consolidation,1,0
1136,63100.0,850.0,39.9,2.9,26300.0,Home Improvement,0,0
1137,51800.0,526.0,16.7,4.0,8400.0,Home Improvement,1,1
1138,49800.0,684.0,7.3,2.0,19700.0,Medical,0,0
1139,39400.0,715.0,6.5,1.1,19400.0,Personal,1,0
1140,73900.0,850.0,14.1,1.6,14500.0,Personal,0,0
1141,58800.0,662.0,17.6,0.8,7500.0,Debt Consolidation,0,0
1142,25000.0,596.0,12.7,4.1,13500.0,Debt Consolidation,0,0
1143,115600.0,706.0,11.1,0.3,5000.0,Debt Consolidation,0,0
1144,25000.0,731.0,14.9,2.1,5000.0,Home Improvement,0,0
1145,25000.0,627.0,34.3,2.0,26800.0,Home Improvement,0,1
1146,118000.0,747.0,6.4,5.8,10000.0,Auto,0,0
1147,41000.0,723.0,14.3,1.8,12600.0,Debt Consolidation,0,0
1148,25800.0,595.0,15.9,5.6,40000.0,Auto,0,1
1149,52600.0,638.0,14.4,9.0,16100.0,Home Improvement,0,1
1150,89200.0,801.0,13.4,8.5,24100.0,Home Improvement,0,0
1151,27900.0,626.0,22.4,4.3,7000.0,Personal,0,1
1152,41000.0,652.0,30.0,0.4,8600.0,Debt Consolidation,0,1
1153,45200.0,692.0,31.2,8.8,35300.0,Personal,0,0
1154,118000.0,573.0,15.5,4.8,12900.0,Medical,0,0
1155,50000.0,797.0,3.3,16.5,52100.0,Personal,0,0
1156,40900.0,559.0,8.4,9.9,7200.0,Auto,0,0
1157,64000.0,699.0,25.1,2.1,17400.0,Auto,0,0
1158,91700.0,559.0,11.1,2.0,7900.0,Personal,0,0
1159,40800.0,687.0,5.4,5.7,25700.0,Auto,0,1
1160,91400.0,759.0,6.5,1.1,9900.0,Home Improvement,0,0
1161,25900.0,752.0,26.6,12.0,8400.0,Debt Consolidation,0,0
1162,37600.0,621.0,7.9,5.1,5400.0,Auto,0,0
1163,25000.0,741.0,30.7,2.5,20900.0,Auto,0,0
1164,37600.0,683.0,33.2,10.3,20000.0,Medical,0,1
1165,63100.0,656.0,17.9,14.5,20600.0,Auto,0,0
1166,25000.0,661.0,39.4,10.9,5000.0,Auto,0,0
1167,52800.0,686.0,7.7,3.7,5900.0,Auto,0,0
1168,28700.0,692.0,23.0,3.6,5000.0,Medical,0,0
1169,68800.0,808.0,1.3,18.4,13600.0,Personal,0,0
1170,62400.0,591.0,14.6,4.0,17200.0,Home Improvement,0,0
1171,25000.0,713.0,24.3,2.9,8000.0,Auto,0,0
1172,114500.0,662.0,21.3,2.5,5900.0,Debt Consolidation,0,0
1173,72400.0,814.0,20.5,4.2,10700.0,Home Improvement,0,0
1174,25000.0,698.0,7.1,10.8,15100.0,Home Improvement,0,0
1175,48400.0,685.0,10.0,13.9,7700.0,Debt Consolidation,1,0
1176,47900.0,725.0,22.8,6.8,5000.0,Medical,1,1
1177,62700.0,612.0,29.7,4.7,10600.0,Home Improvement,0,0
1178,25000.0,757.0,18.5,8.8,12700.0,Auto,0,0
1179,40600.0,700.0,9.1,5.5,16800.0,Personal,0,0
1180,35600.0,676.0,15.6,3.1,5000.0,Home Improvement,0,1
1181,104600.0,642.0,23.7,3.7,9200.0,Medical,0,0
1182,38100.0,610.0,8.4,10.9,5600.0,Auto,0,0
1183,71600.0,692.0,8.0,3.2,22600.0,Personal,1,0
1184,44400.0,698.0,13.8,6.5,9100.0,Auto,1,0
1185,48600.0,569.0,5.0,0.1,23400.0,Debt Consolidation,0,0
1186,32400.0,682.0,13.3,2.2,16200.0,Personal,1,1
1187,37500.0,550.0,15.0,4.7,9200.0,Debt Consolidation,0,0
1188,53700.0,680.0,7.7,3.8,29600.0,Home Improvement,0,0
1189,39600.0,682.0,7.3,1.7,9000.0,Personal,0,0
1190,63100.0,665.0,12.9,6.5,6800.0,Debt Consolidation,0,0
1191,68000.0,557.0,26.2,2.7,10000.0,Personal,0,1
1192,45900.0,765.0,27.6,6.0,22500.0,Personal,0,0
1193,25000.0,654.0,17.5,1.7,9400.0,Auto,0,0
1194,78200.0,681.0,11.1,4.9,7800.0,Auto,0,0
1195,114500.0,642.0,24.4,6.2,17300.0,Auto,0,0
1196,67800.0,674.0,5.7,8.9,14900.0,Debt Consolidation,0,0
1197,32900.0,549.0,27.5,7.6,11000.0,Auto,0,1
1198,60300.0,605.0,15.9,1.3,22400.0,Medical,0,0
1199,56300.0,689.0,8.0,0.1,5000.0,Home Improvement,0,0
1200,43300.0,726.0,18.2,7.4,19200.0,Debt Consolidation,0,0
1201,38200.0,666.0,4.5,1.4,5200.0,Medical,0,0
1202,82400.0,672.0,8.3,1.3,14800.0,Auto,0,0
1203,42000.0,695.0,34.8,0.5,5700.0,Debt Consolidation,0,0
1204,57500.0,638.0,17.3,2.2,8700.0,Personal,0,0
1205,28900.0,641.0,14.5,4.9,16400.0,Auto,0,0
1206,35800.0,800.0,37.4,0.4,5000.0,Debt Consolidation,0,1
1207,25000.0,801.0,16.7,15.1,13800.0,Debt Consolidation,0,1
1208,67000.0,644.0,9.5,5.2,6000.0,Auto,0,0
1209,38500.0,648.0,12.6,4.3,5800.0,Medical,0,0
1210,47900.0,661.0,44.8,1.3,41500.0,Debt Consolidation,1,1
1211,37300.0,687.0,11.3,3.0,21500.0,Home Improvement,0,1
1212,32300.0,529.0,21.5,1.7,24700.0,Personal,0,0
1213,56900.0,691.0,16.5,0.2,19200.0,Debt Consolidation,0,0
1214,74900.0,726.0,22.1,9.0,15300.0,Auto,1,0
1215,25000.0,690.0,28.5,0.6,14000.0,Personal,0,0
1216,37800.0,711.0,24.0,0.3,19700.0,Personal,0,0
1217,75100.0,559.0,23.2,2.1,5500.0,Debt Consolidation,0,1
1218,58700.0,640.0,28.7,1.6,24200.0,Personal,0,1
1219,140900.0,650.0,23.7,2.1,24200.0,Home Improvement,0,0
1220,88100.0,740.0,8.6,4.1,5000.0,Auto,1,0
1221,84000.0,821.0,27.0,3.3,10900.0,Medical,0,0
1222,45200.0,638.0,18.5,0.9,11500.0,Home Improvement,0,0
1223,35600.0,598.0,15.2,0.2,5000.0,Auto,0,0
1224,97300.0,628.0,15.0,2.0,13800.0,Home Improvement,1,0
1225,66500.0,728.0,12.2,2.5,10300.0,Auto,1,0
1226,58500.0,657.0,18.5,9.3,13700.0,Debt Consolidation,0,0
1227,85900.0,659.0,12.1,4.9,15000.0,Home Improvement,0,0
1228,73700.0,740.0,0.8,5.5,5200.0,Auto,0,0
1229,40000.0,707.0,1.9,4.7,13500.0,Personal,0,0
1230,168800.0,686.0,8.9,6.3,10400.0,Debt Consolidation,0,0
1231,55200.0,580.0,32.5,1.9,21700.0,Auto,0,1
1232,33700.0,731.0,9.0,1.1,21600.0,Medical,0,0
1233,61000.0,701.0,8.0,9.8,5000.0,Debt Consolidation,0,0
1234,53100.0,692.0,24.3,6.7,25700.0,Personal,0,0
1235,31600.0,801.0,24.3,0.9,21100.0,Debt Consolidation,1,0
1236,29900.0,672.0,18.0,2.5,34300.0,Auto,0,0
1237,84500.0,698.0,36.1,4.7,5200.0,Debt Consolidation,0,1
1238,109200.0,722.0,27.6,5.0,15100.0,Auto,0,0
1239,34700.0,650.0,20.4,5.7,11800.0,Debt Consolidation,0,0
1240,25000.0,765.0,12.6,19.0,5500.0,Auto,0,0
1241,66000.0,560.0,7.7,0.1,25100.0,Personal,0,0
1242,87500.0,619.0,16.6,2.1,22100.0,Debt Consolidation,0,0
1243,25000.0,601.0,28.0,0.6,8700.0,Debt Consolidation,0,1
1244,46100.0,647.0,16.4,2.4,16500.0,Home Improvement,0,0
1245,44100.0,582.0,6.1,6.4,20500.0,Debt Consolidation,0,1
1246,29900.0,734.0,40.4,13.3,18400.0,Personal,0,0
1247,28300.0,606.0,23.1,14.5,11100.0,Debt Consolidation,0,0
1248,53800.0,661.0,20.6,1.1,14300.0,Auto,0,0
1249,83300.0,696.0,27.8,1.4,8800.0,Home Improvement,0,0
1250,78300.0,566.0,23.6,5.0,13700.0,Auto,0,1
1251,95000.0,752.0,12.6,4.3,19000.0,Home Improvement,0,0
1252,85000.0,664.0,12.9,0.1,19900.0,Debt Consolidation,0,0
1253,66000.0,674.0,39.0,8.0,28600.0,Personal,0,0
1254,58800.0,640.0,33.4,25.3,17800.0,Home Improvement,0,0
1255,88800.0,653.0,8.1,0.9,30100.0,Auto,0,0
1256,46200.0,685.0,4.7,3.0,5000.0,Home Improvement,0,0
1257,76400.0,673.0,26.2,0.7,18500.0,Debt Consolidation,0,1
1258,42700.0,671.0,31.5,8.9,8800.0,Home Improvement,0,0
1259,47500.0,760.0,32.7,9.9,7100.0,Auto,0,0
1260,30000.0,850.0,18.6,9.1,21200.0,Auto,0,0
1261,49500.0,699.0,14.2,5.1,6800.0,Debt Consolidation,0,0
1262,28700.0,548.0,17.7,1.3,10900.0,Home Improvement,0,1
1263,46500.0,702.0,8.0,8.5,19300.0,Medical,0,0
1264,70100.0,609.0,16.2,6.0,10200.0,Home Improvement,0,0
1265,56800.0,820.0,5.7,0.7,5800.0,Auto,0,0
1266,52400.0,586.0,7.8,2.4,33300.0,Auto,0,0
1267,58200.0,718.0,8.8,3.3,12200.0,Auto,0,0
1268,59400.0,537.0,26.9,5.8,12000.0,Auto,1,1
1269,29100.0,693.0,10.9,1.9,36500.0,Auto,0,0
1270,57400.0,767.0,13.5,3.5,9300.0,Home Improvement,0,0
1271,34800.0,623.0,3.4,8.0,13300.0,Personal,0,0
1272,70400.0,687.0,9.0,5.0,15600.0,Auto,0,0
1273,89200.0,771.0,17.6,0.6,14900.0,Auto,0,0
1274,25000.0,775.0,24.1,6.3,10100.0,Auto,0,0
1275,43000.0,783.0,28.1,3.4,54800.0,Auto,0,0
1276,57000.0,645.0,11.6,2.6,30800.0,Personal,0,0
1277,51000.0,724.0,26.3,3.1,10800.0,Home Improvement,0,1
1278,50700.0,780.0,24.4,1.6,9300.0,Home Improvement,1,0
1279,25700.0,796.0,11.7,1.6,6300.0,Home Improvement,0,0
1280,25000.0,542.0,7.6,6.0,25100.0,Home Improvement,0,0
1281,45800.0,608.0,8.5,2.5,23400.0,Personal,0,0
1282,33700.0,648.0,27.2,0.1,12400.0,Medical,0,0
1283,99500.0,619.0,36.0,0.7,9200.0,Medical,0,0
1284,102800.0,581.0,9.2,3.3,7900.0,Debt Consolidation,0,0
1285,78300.0,589.0,4.5,4.0,8900.0,Debt Consolidation,0,0
1286,75300.0,659.0,12.6,6.0,18100.0,Personal,0,0
1287,80200.0,676.0,26.5,3.0,9400.0,Debt Consolidation,0,0
1288,64600.0,748.0,11.4,4.2,18400.0,Medical,1,0
1289,38000.0,669.0,28.5,3.2,13600.0,Auto,0,0
1290,25200.0,724.0,18.0,0.1,12600.0,Auto,0,0
1291,25900.0,685.0,8.8,8.9,8200.0,Personal,1,0
1292,40900.0,614.0,19.1,13.9,12800.0,Auto,0,0
1293,34600.0,800.0,19.9,1.2,18700.0,Debt Consolidation,0,0
1294,43800.0,671.0,37.9,0.2,17500.0,Home Improvement,0,1
1295,77700.0,653.0,4.6,20.0,16100.0,Auto,0,0
1296,95600.0,705.0,18.8,1.4,6500.0,Auto,0,0
1297,69700.0,601.0,26.3,4.0,5200.0,Debt Consolidation,0,0
1298,80200.0,577.0,10.8,7.6,34500.0,Debt Consolidation,0,0
1299,39700.0,729.0,8.6,2.5,7500.0,Debt Consolidation,0,0
1300,30200.0,700.0,3.2,1.5,8900.0,Personal,0,0
1301,55100.0,756.0,10.5,4.5,11800.0,Auto,0,0
1302,31300.0,720.0,18.2,0.8,19600.0,Debt Consolidation,0,1
1303,64700.0,599.0,16.9,0.3,17700.0,Auto,0,0
1304,68800.0,703.0,30.6,7.8,10400.0,Home Improvement,0,0
1305,35100.0,526.0,11.1,0.3,17900.0,Debt Consolidation,0,0
1306,38000.0,718.0,24.5,3.0,7500.0,Debt Consolidation,0,0
1307,38100.0,619.0,24.6,10.1,12600.0,Auto,0,1
1308,50900.0,730.0,5.5,10.5,10300.0,Auto,0,0
1309,76300.0,702.0,7.0,5.0,11900.0,Medical,0,0
1310,38500.0,716.0,10.3,4.3,12300.0,Debt Consolidation,0,0
1311,37000.0,729.0,15.1,1.7,14000.0,Auto,0,0
1312,30800.0,688.0,10.5,2.6,11400.0,Auto,0,0
1313,94200.0,730.0,7.2,0.1,17800.0,Debt Consolidation,0,0
1314,36600.0,569.0,16.3,1.2,26100.0,Home Improvement,0,0
1315,164800.0,759.0,30.6,3.6,28100.0,Auto,0,0
1316,63900.0,554.0,29.1,3.4,36100.0,Home Improvement,1,1
1317,58000.0,800.0,15.3,3.3,15000.0,Home Improvement,0,0
1318,106500.0,697.0,3.1,0.2,5000.0,Auto,0,0
1319,72600.0,714.0,30.5,1.6,23200.0,Medical,0,0
1320,55800.0,667.0,11.7,5.1,18700.0,Personal,0,0
1321,33000.0,546.0,22.2,0.3,12600.0,Personal,0,1
1322,153500.0,780.0,12.0,3.9,32500.0,Debt Consolidation,1,0
1323,72800.0,712.0,28.5,2.6,9900.0,Personal,0,0
1324,160400.0,564.0,24.4,0.4,5600.0,Auto,0,0
1325,42200.0,724.0,22.8,0.5,12200.0,Home Improvement,0,1
1326,82200.0,717.0,12.0,3.9,26100.0,Debt Consolidation,0,0
1327,37400.0,580.0,9.9,2.1,12000.0,Home Improvement,0,0
1328,48500.0,506.0,16.8,1.5,5000.0,Debt Consolidation,0,1
1329,46400.0,774.0,2.2,5.4,22500.0,Home Improvement,0,0
1330,26100.0,716.0,23.7,2.4,10800.0,Auto,0,1
1331,25000.0,527.0,20.0,2.8,5100.0,Personal,0,1
1332,59100.0,763.0,10.8,5.8,12300.0,Auto,0,0
1333,47800.0,708.0,12.3,6.3,14600.0,Auto,0,0
1334,67300.0,770.0,13.9,3.7,17700.0,Auto,0,1
1335,34900.0,677.0,8.2,1.4,12700.0,Auto,0,0
1336,39300.0,609.0,13.3,3.3,35300.0,Auto,0,0
1337,67600.0,533.0,17.4,5.0,15300.0,Debt Consolidation,0,0
1338,50300.0,779.0,12.9,4.1,47200.0,Auto,1,0
1339,45700.0,662.0,9.6,3.6,7200.0,Home Improvement,0,0
1340,25000.0,663.0,36.5,0.1,7500.0,Debt Consolidation,0,0
1341,33600.0,582.0,10.8,0.9,7100.0,Auto,0,0
1342,102100.0,752.0,19.8,6.0,20000.0,Auto,0,0
1343,67000.0,551.0,31.8,0.8,19600.0,Auto,0,1
1344,25000.0,654.0,13.0,0.8,14700.0,Personal,0,0
1345,76200.0,707.0,8.6,0.3,19100.0,Personal,0,0
1346,60800.0,693.0,5.3,15.3,12800.0,Home Improvement,0,1
1347,99100.0,799.0,10.0,0.4,21600.0,Home Improvement,0,0
1348,105900.0,691.0,14.1,6.4,8800.0,Auto,0,0
1349,32300.0,807.0,29.2,1.3,5000.0,Auto,0,0
1350,102300.0,751.0,30.6,0.3,11800.0,Auto,0,0
1351,109100.0,565.0,32.2,11.0,20300.0,Auto,0,0
1352,69800.0,584.0,23.0,1.2,32100.0,Medical,0,1
1353,114000.0,700.0,19.1,1.3,9900.0,Debt Consolidation,0,0
1354,59400.0,698.0,2.1,1.5,9700.0,Home Improvement,0,0
1355,75900.0,798.0,10.3,0.8,11900.0,Home Improvement,0,0
1356,53800.0,593.0,9.9,0.6,15900.0,Medical,0,1
1357,65900.0,620.0,22.2,2.4,5000.0,Home Improvement,0,1
1358,61500.0,666.0,6.3,8.5,6900.0,Auto,1,0
1359,35600.0,577.0,24.1,14.0,11700.0,Debt Consolidation,0,1
1360,73600.0,686.0,23.2,8.0,16200.0,Debt Consolidation,0,0
1361,56300.0,656.0,27.4,5.3,23700.0,Debt Consolidation,0,0
1362,25000.0,565.0,5.1,3.8,14800.0,Medical,1,1
1363,72500.0,655.0,34.1,6.2,34200.0,Debt Consolidation,0,1
1364,28300.0,700.0,19.4,8.2,5200.0,Debt Consolidation,0,0
1365,40000.0,641.0,12.4,3.0,8000.0,Debt Consolidation,0,0
1366,50600.0,433.0,21.5,0.8,11000.0,Auto,1,1
1367,52300.0,751.0,27.7,2.5,23500.0,Debt Consolidation,0,0
1368,80400.0,769.0,6.4,0.3,10900.0,Medical,0,0
1369,81100.0,555.0,11.3,1.5,12700.0,Home Improvement,0,1
1370,25000.0,812.0,5.0,0.4,23900.0,Personal,0,0
1371,30500.0,838.0,4.4,1.5,11500.0,Auto,1,0
1372,51500.0,784.0,14.4,5.2,5000.0,Medical,0,0
1373,75700.0,574.0,16.6,3.9,29200.0,Auto,0,1
1374,58000.0,606.0,11.2,15.6,13500.0,Personal,0,0
1375,56300.0,658.0,12.4,1.7,17400.0,Debt Consolidation,0,0
1376,51000.0,850.0,26.2,1.6,41500.0,Home Improvement,0,1
1377,39500.0,737.0,4.3,1.9,11300.0,Medical,0,0
1378,45100.0,620.0,21.5,2.0,9500.0,Personal,0,1
1379,94000.0,737.0,15.8,0.5,7500.0,Debt Consolidation,0,0
1380,67400.0,743.0,15.9,1.3,11400.0,Debt Consolidation,0,0
1381,46000.0,563.0,37.5,11.6,9800.0,Debt Consolidation,0,0
1382,83100.0,731.0,25.1,2.7,18200.0,Personal,0,0
1383,36800.0,819.0,19.9,4.5,8700.0,Auto,0,0
1384,42400.0,683.0,36.9,1.0,15800.0,Debt Consolidation,0,0
1385,71700.0,822.0,18.1,7.8,16700.0,Home Improvement,0,0
1386,113800.0,697.0,8.0,3.9,32200.0,Debt Consolidation,0,0
1387,25900.0,753.0,8.1,0.1,27700.0,Home Improvement,0,0
1388,65200.0,623.0,12.2,1.9,13200.0,Personal,0,0
1389,25000.0,672.0,16.6,1.3,10100.0,Home Improvement,0,0
1390,25000.0,687.0,36.8,4.6,31700.0,Auto,0,0
1391,26100.0,569.0,23.4,1.2,15400.0,Debt Consolidation,0,1
1392,30700.0,796.0,11.7,2.6,9300.0,Debt Consolidation,0,0
1393,83300.0,719.0,21.4,5.9,8900.0,Debt Consolidation,0,0
1394,33900.0,643.0,18.4,2.9,13900.0,Debt Consolidation,1,0
1395,80200.0,733.0,7.3,4.9,37500.0,Medical,0,0
1396,112100.0,678.0,20.9,0.4,20900.0,Personal,1,0
1397,47800.0,694.0,14.8,0.7,8400.0,Auto,0,0
1398,51200.0,593.0,8.8,15.8,12800.0,Home Improvement,0,0
1399,26800.0,655.0,32.9,5.7,9300.0,Auto,0,1
1400,48300.0,599.0,6.9,2.6,16400.0,Debt Consolidation,0,0
1401,69800.0,629.0,14.5,3.7,11500.0,Personal,0,0
1402,64100.0,717.0,17.8,3.2,6200.0,Personal,0,0
1403,38200.0,631.0,44.7,2.1,61800.0,Medical,0,1
1404,68800.0,636.0,15.1,1.8,15800.0,Home Improvement,0,0
1405,31700.0,776.0,6.9,2.7,10500.0,Auto,1,0
1406,25000.0,460.0,13.5,6.4,9800.0,Home Improvement,0,0
1407,35700.0,849.0,17.1,4.7,21900.0,Debt Consolidation,1,0
1408,27900.0,850.0,40.4,4.7,18800.0,Auto,0,0
1409,49300.0,742.0,17.7,3.2,45600.0,Auto,0,0
1410,39700.0,702.0,30.4,3.1,22900.0,Personal,0,0
1411,140000.0,708.0,15.0,5.9,6800.0,Debt Consolidation,0,0
1412,37100.0,621.0,26.8,2.4,16000.0,Personal,0,1
1413,38900.0,694.0,24.8,0.2,9100.0,Auto,0,0
1414,147700.0,680.0,8.6,11.9,14300.0,Medical,0,0
1415,25000.0,828.0,5.8,5.2,8100.0,Medical,1,0
1416,41500.0,509.0,30.6,5.0,6900.0,Auto,0,1
1417,35300.0,632.0,16.8,11.0,13500.0,Personal,0,0
1418,55900.0,678.0,28.1,19.2,9700.0,Auto,0,0
1419,26100.0,671.0,14.2,12.3,8900.0,Auto,1,0
1420,35400.0,604.0,19.7,0.1,11100.0,Auto,0,0
1421,69000.0,649.0,11.4,1.4,19600.0,Personal,0,1
1422,66400.0,678.0,13.7,17.0,11400.0,Debt Consolidation,0,0
1423,55400.0,663.0,12.7,15.4,7200.0,Debt Consolidation,0,0
1424,66300.0,548.0,10.8,3.4,15100.0,Medical,0,1
1425,32600.0,648.0,17.2,2.2,12900.0,Personal,0,0
1426,146400.0,791.0,22.5,9.0,5400.0,Medical,0,0
1427,64100.0,736.0,19.4,4.1,13400.0,Debt Consolidation,0,0
1428,41000.0,660.0,4.7,9.8,18100.0,Medical,0,0
1429,56000.0,672.0,32.6,4.8,34200.0,Debt Consolidation,1,1
1430,48000.0,694.0,12.6,2.5,18300.0,Home Improvement,1,1
1431,66200.0,706.0,13.1,6.2,14500.0,Home Improvement,0,0
1432,28400.0,695.0,11.6,4.6,13700.0,Auto,0,0
1433,56000.0,613.0,40.5,20.0,7000.0,Home Improvement,0,0
1434,25000.0,515.0,16.4,13.5,11300.0,Home Improvement,0,1
1435,28200.0,681.0,38.1,4.6,16000.0,Auto,0,0
1436,53000.0,797.0,16.1,2.2,21800.0,Auto,0,0
1437,57700.0,581.0,31.0,11.3,5000.0,Auto,0,0
1438,74400.0,773.0,6.4,9.3,10800.0,Debt Consolidation,0,0
1439,30000.0,608.0,3.5,4.2,9900.0,Auto,0,0
1440,70900.0,662.0,18.2,0.8,16500.0,Debt Consolidation,0,0
1441,55900.0,613.0,10.1,27.9,23000.0,Debt Consolidation,0,0
1442,37800.0,669.0,12.2,1.6,22300.0,Home Improvement,0,0
1443,115100.0,828.0,22.8,10.2,21500.0,Personal,1,0
1444,129900.0,663.0,24.1,6.9,12200.0,Personal,0,0
1445,70300.0,551.0,33.9,2.1,22700.0,Debt Consolidation,1,1
1446,48900.0,685.0,34.6,14.1,8200.0,Auto,0,0
1447,53100.0,492.0,24.2,2.3,9700.0,Debt Consolidation,0,1
1448,73300.0,582.0,2.4,9.9,17300.0,Auto,0,0
1449,45600.0,707.0,35.0,9.4,5000.0,Debt Consolidation,0,0
1450,69900.0,653.0,32.5,1.4,9100.0,Auto,0,0
1451,112500.0,627.0,20.4,1.2,9300.0,Auto,0,0
1452,42200.0,679.0,7.5,0.2,10200.0,Auto,1,0
1453,35200.0,666.0,2.6,1.0,11000.0,Auto,0,0
1454,39400.0,642.0,13.2,2.8,11400.0,Personal,1,1
1455,25000.0,649.0,6.4,2.2,14800.0,Personal,1,0
1456,66800.0,603.0,38.5,13.8,19600.0,Home Improvement,1,1
1457,25000.0,734.0,6.8,4.0,11300.0,Auto,0,0
1458,25000.0,689.0,5.8,3.2,23300.0,Debt Consolidation,0,0
1459,68800.0,604.0,10.6,0.1,10300.0,Debt Consolidation,0,0
1460,41400.0,655.0,24.9,1.8,6300.0,Medical,0,0
1461,31600.0,801.0,19.6,10.1,13400.0,Auto,0,0
1462,71200.0,701.0,16.3,0.8,19300.0,Medical,1,1
1463,44200.0,791.0,4.6,2.4,11100.0,Home Improvement,0,0
1464,87200.0,608.0,6.4,26.0,12900.0,Auto,0,0
1465,43900.0,560.0,5.4,3.3,10400.0,Medical,0,0
1466,116900.0,721.0,30.1,1.9,5300.0,Medical,1,0
1467,47500.0,633.0,5.0,6.1,10100.0,Auto,0,0
1468,30600.0,694.0,28.1,6.7,8800.0,Home Improvement,0,0
1469,37700.0,663.0,12.5,2.3,14200.0,Auto,0,0
1470,55300.0,734.0,22.6,7.3,7600.0,Auto,0,0
1471,26900.0,835.0,16.5,0.5,5800.0,Medical,1,0
1472,37100.0,644.0,16.0,0.1,7300.0,Auto,0,0
1473,33300.0,850.0,21.4,2.8,10900.0,Personal,1,0
1474,51800.0,788.0,27.1,6.6,13600.0,Debt Consolidation,0,0
1475,74200.0,609.0,9.1,2.0,53000.0,Debt Consolidation,0,0
1476,82300.0,719.0,9.9,8.6,19200.0,Auto,0,0
1477,28900.0,581.0,20.2,6.2,21000.0,Medical,0,0
1478,26700.0,653.0,17.4,0.7,7900.0,Personal,0,1
1479,44000.0,775.0,22.6,5.6,11300.0,Debt Consolidation,0,0
1480,48500.0,716.0,1.4,11.3,10600.0,Debt Consolidation,0,0
1481,45000.0,677.0,21.7,4.2,23600.0,Home Improvement,0,0
1482,72500.0,648.0,25.4,10.4,37600.0,Auto,1,1
1483,56700.0,609.0,33.6,0.2,5000.0,Auto,0,1
1484,33800.0,682.0,10.8,2.0,24600.0,Home Improvement,1,0
1485,40200.0,714.0,16.4,6.9,10500.0,Auto,0,0
1486,31900.0,700.0,30.6,7.6,18400.0,Auto,0,1
1487,46000.0,758.0,34.5,1.0,24100.0,Medical,0,0
1488,157200.0,672.0,22.6,0.6,5100.0,Home Improvement,0,0
1489,56000.0,650.0,4.0,1.2,5500.0,Debt Consolidation,0,0
1490,50800.0,609.0,10.6,2.8,20700.0,Debt Consolidation,0,1
1491,59900.0,748.0,13.7,3.2,10300.0,Home Improvement,0,0
1492,64900.0,771.0,13.1,0.4,9100.0,Debt Consolidation,0,0
1493,31000.0,642.0,16.7,4.1,10900.0,Auto,0,0
1494,25000.0,623.0,18.2,1.5,20900.0,Personal,0,1
1495,63300.0,647.0,8.6,15.5,7600.0,Home Improvement,0,0
1496,30100.0,690.0,2.9,3.8,16600.0,Auto,0,0
1497,33700.0,573.0,9.4,0.9,15800.0,Home Improvement,0,1
1498,42100.0,724.0,21.1,1.5,13700.0,Auto,0,0
1499,60100.0,658.0,10.8,1.1,18500.0,Auto,0,0
1500,33800.0,752.0,3.8,8.3,5000.0,Auto,0,0
1501,25000.0,677.0,24.3,5.5,6800.0,Debt Consolidation,0,0
1502,45100.0,563.0,7.0,0.3,22000.0,Home Improvement,1,0
1503,62000.0,729.0,9.2,13.3,20800.0,Auto,1,0
1504,65200.0,543.0,21.4,6.1,20900.0,Personal,0,1
1505,41400.0,735.0,18.6,4.9,11300.0,Medical,0,0
1506,58800.0,592.0,27.2,0.7,13300.0,Personal,1,1
1507,48600.0,666.0,36.2,1.3,20100.0,Personal,0,0
1508,75000.0,556.0,3.3,3.3,47100.0,Debt Consolidation,0,0
1509,28400.0,623.0,24.4,3.9,10100.0,Debt Consolidation,0,1
1510,38500.0,724.0,6.6,4.1,21900.0,Auto,0,0
1511,38900.0,735.0,16.6,3.5,21900.0,Debt Consolidation,0,0
1512,29900.0,637.0,21.2,0.1,11600.0,Debt Consolidation,1,1
1513,108900.0,739.0,10.1,5.4,24200.0,Auto,0,0
1514,32100.0,576.0,12.5,11.5,7900.0,Auto,0,1
1515,53000.0,714.0,29.2,0.2,14300.0,Auto,0,0
1516,25000.0,684.0,35.1,0.8,51200.0,Home Improvement,0,1
1517,35000.0,704.0,8.3,1.6,5000.0,Home Improvement,1,0
1518,69700.0,676.0,8.9,5.5,9700.0,Auto,0,0
1519,26900.0,561.0,29.1,0.4,25500.0,Auto,1,1
1520,44600.0,626.0,21.3,1.7,12700.0,Personal,0,0
1521,25000.0,755.0,19.8,9.5,20900.0,Debt Consolidation,0,0
1522,36900.0,745.0,2.8,2.0,22400.0,Debt Consolidation,1,0
1523,42300.0,718.0,8.6,0.9,17400.0,Home Improvement,0,0
1524,40700.0,661.0,11.2,1.2,17200.0,Personal,0,0
1525,31700.0,683.0,18.7,2.4,25400.0,Medical,0,1
1526,71900.0,577.0,31.6,3.7,7100.0,Debt Consolidation,0,0
1527,50200.0,780.0,33.1,1.3,9000.0,Home Improvement,0,0
1528,50900.0,770.0,17.8,1.5,14200.0,Debt Consolidation,1,0
1529,65700.0,577.0,10.0,1.3,14700.0,Personal,0,0
1530,40200.0,636.0,26.2,1.8,42500.0,Auto,0,1
1531,43600.0,769.0,21.8,17.0,13100.0,Auto,0,0
1532,33300.0,581.0,26.8,1.7,7800.0,Debt Consolidation,0,1
1533,31300.0,655.0,2.5,13.0,29300.0,Auto,0,1
1534,40500.0,660.0,11.5,7.5,30600.0,Debt Consolidation,0,1
1535,94700.0,748.0,9.2,5.9,13600.0,Home Improvement,0,0
1536,39600.0,686.0,19.8,7.1,10100.0,Debt Consolidation,0,0
1537,71700.0,649.0,30.8,2.0,15800.0,Home Improvement,0,0
1538,103200.0,728.0,20.7,0.2,18700.0,Auto,0,0
1539,79400.0,756.0,6.9,4.3,14900.0,Home Improvement,0,0
1540,54700.0,769.0,8.2,1.7,9100.0,Auto,1,0
1541,83800.0,850.0,4.8,8.1,23500.0,Auto,0,0
1542,49600.0,556.0,2.5,0.7,20500.0,Auto,0,0
1543,25000.0,693.0,7.2,4.5,23600.0,Home Improvement,0,0
1544,47800.0,600.0,19.3,3.2,12000.0,Home Improvement,0,1
1545,146700.0,707.0,4.4,1.0,16200.0,Debt Consolidation,1,0
1546,77800.0,782.0,24.4,1.2,15400.0,Debt Consolidation,0,0
1547,35000.0,624.0,5.3,0.3,14900.0,Debt Consolidation,0,0
1548,30800.0,592.0,31.7,8.8,14100.0,Home Improvement,1,1
1549,46800.0,601.0,9.0,0.6,10700.0,Debt Consolidation,0,1
1550,32500.0,620.0,24.8,0.8,5800.0,Home Improvement,0,1
1551,86200.0,701.0,17.5,2.1,24500.0,Debt Consolidation,0,0
1552,55500.0,576.0,20.5,14.5,10200.0,Medical,0,0
1553,50700.0,678.0,24.4,1.6,11600.0,Home Improvement,0,0
1554,174100.0,671.0,1.9,1.2,26000.0,Auto,0,0
1555,29500.0,707.0,38.7,7.1,16000.0,Debt Consolidation,0,0
1556,54900.0,696.0,14.8,2.1,7300.0,Home Improvement,0,0
1557,73600.0,771.0,35.2,7.8,7000.0,Home Improvement,1,0
1558,51700.0,585.0,40.8,2.4,5000.0,Home Improvement,0,0
1559,38000.0,727.0,38.1,0.9,9000.0,Auto,0,0
1560,27800.0,730.0,18.3,5.9,13100.0,Auto,1,1
1561,115400.0,767.0,25.3,3.6,12300.0,Auto,0,0
1562,39600.0,811.0,30.0,0.6,14800.0,Personal,0,0
1563,53800.0,807.0,8.4,5.4,7900.0,Personal,0,0
1564,45700.0,748.0,5.6,11.4,14300.0,Auto,0,0
1565,32000.0,675.0,31.0,14.9,23200.0,Personal,0,1
1566,59900.0,714.0,1.6,1.3,5000.0,Auto,0,0
1567,37300.0,559.0,14.5,3.3,28500.0,Auto,0,1
1568,28200.0,649.0,22.9,2.4,8300.0,Auto,0,0
1569,37800.0,681.0,5.6,1.1,14800.0,Auto,0,0
1570,25000.0,738.0,9.0,0.5,14800.0,Debt Consolidation,0,0
1571,120600.0,634.0,20.8,0.5,9900.0,Personal,0,0
1572,29000.0,745.0,18.6,4.6,9300.0,Auto,0,0
1573,59800.0,648.0,8.8,1.8,9000.0,Auto,0,0
1574,42900.0,750.0,8.4,4.4,11900.0,Home Improvement,0,0
1575,31300.0,596.0,22.0,0.5,12100.0,Home Improvement,1,1
1576,25000.0,649.0,25.4,2.9,13800.0,Debt Consolidation,1,1
1577,38500.0,736.0,23.8,0.2,19000.0,Debt Consolidation,0,0
1578,50400.0,694.0,25.3,0.9,17400.0,Personal,0,0
1579,29500.0,741.0,30.4,17.6,13200.0,Auto,0,0
1580,52800.0,651.0,4.4,4.3,14400.0,Home Improvement,0,0
1581,45700.0,775.0,16.7,3.3,7100.0,Home Improvement,0,0
1582,120800.0,632.0,15.1,5.7,10700.0,Home Improvement,0,0
1583,104800.0,828.0,32.0,6.5,5500.0,Debt Consolidation,0,0
1584,68600.0,651.0,21.0,0.8,18700.0,Debt Consolidation,0,1
1585,39300.0,739.0,11.1,1.9,6100.0,Personal,1,0
1586,27100.0,812.0,16.4,1.6,7400.0,Home Improvement,0,0
1587,50400.0,647.0,16.5,0.7,67500.0,Personal,0,1
1588,54800.0,586.0,17.2,4.0,13900.0,Medical,1,0
1589,156400.0,691.0,6.0,7.6,6600.0,Auto,0,0
1590,76600.0,669.0,7.4,2.6,12200.0,Auto,0,0
1591,70600.0,616.0,15.0,0.3,8300.0,Home Improvement,0,1
1592,43200.0,641.0,8.0,0.5,10500.0,Personal,0,0
1593,55400.0,650.0,11.8,9.9,24000.0,Auto,0,1
1594,38700.0,625.0,21.3,3.9,14700.0,Personal,0,0
1595,28900.0,576.0,22.8,0.5,6800.0,Home Improvement,1,1
1596,70100.0,630.0,7.6,0.8,8600.0,Home Improvement,1,0
1597,65100.0,614.0,24.8,9.2,24400.0,Auto,0,1
1598,72900.0,719.0,11.9,1.3,17200.0,Debt Consolidation,0,0
1599,31300.0,738.0,33.2,0.0,13000.0,Home Improvement,1,0
1600,100600.0,761.0,21.3,2.1,15700.0,Debt Consolidation,0,0
1601,32800.0,668.0,9.6,11.0,13700.0,Debt Consolidation,0,0
1602,25000.0,725.0,2.6,8.8,9200.0,Debt Consolidation,0,0
1603,72400.0,788.0,5.8,1.3,34100.0,Debt Consolidation,0,0
1604,100400.0,615.0,15.9,0.8,10600.0,Debt Consolidation,0,0
1605,86600.0,653.0,16.2,3.4,20200.0,Auto,0,1
1606,29400.0,447.0,7.1,0.6,24500.0,Debt Consolidation,1,0
1607,44800.0,676.0,14.5,4.5,11500.0,Auto,0,0
1608,58800.0,805.0,15.9,4.6,27100.0,Auto,0,0
1609,98500.0,703.0,14.5,5.9,20300.0,Auto,0,0
1610,25000.0,643.0,6.7,1.1,13700.0,Medical,0,0
1611,79400.0,759.0,9.7,0.2,5000.0,Debt Consolidation,0,0
1612,43200.0,585.0,3.0,3.7,28500.0,Auto,0,0
1613,73900.0,717.0,17.3,0.4,18500.0,Medical,1,0
1614,34700.0,465.0,31.4,4.8,19200.0,Auto,0,1
1615,71400.0,649.0,17.3,6.7,11600.0,Auto,0,0
1616,79000.0,558.0,12.6,2.4,31200.0,Medical,1,1
1617,58900.0,769.0,31.5,7.4,14100.0,Auto,0,0
1618,52400.0,762.0,17.0,4.4,26500.0,Debt Consolidation,0,0
1619,83300.0,565.0,11.8,2.1,46200.0,Personal,0,0
1620,70700.0,770.0,25.4,3.1,19100.0,Home Improvement,0,0
1621,115100.0,652.0,3.6,2.2,10900.0,Home Improvement,0,0
1622,135100.0,676.0,17.6,8.4,11100.0,Home Improvement,0,0
1623,107500.0,645.0,15.3,2.5,5000.0,Home Improvement,0,0
1624,66600.0,611.0,23.0,1.1,21300.0,Debt Consolidation,0,0
1625,30300.0,710.0,3.9,0.9,6100.0,Home Improvement,0,0
1626,74900.0,751.0,21.1,22.6,12800.0,Debt Consolidation,0,0
1627,97600.0,661.0,3.2,4.5,8000.0,Debt Consolidation,0,0
1628,114400.0,595.0,9.7,1.5,18000.0,Debt Consolidation,0,0
1629,43800.0,762.0,22.6,0.3,15100.0,Debt Consolidation,0,0
1630,48200.0,665.0,16.9,3.1,31700.0,Personal,0,0
1631,25000.0,623.0,10.4,4.1,37700.0,Auto,1,1
1632,25000.0,716.0,30.0,0.3,5000.0,Debt Consolidation,0,1
1633,28900.0,820.0,35.2,4.2,19800.0,Home Improvement,0,1
1634,113100.0,836.0,17.0,4.3,6200.0,Auto,1,0
1635,25000.0,583.0,15.5,2.6,42500.0,Home Improvement,0,1
1636,54200.0,542.0,8.5,4.0,42000.0,Home Improvement,1,1
1637,52700.0,667.0,9.6,6.6,7800.0,Home Improvement,0,1
1638,42100.0,715.0,9.4,6.1,28000.0,Medical,0,0
1639,70900.0,750.0,17.4,7.0,13200.0,Personal,0,0
1640,109100.0,660.0,16.0,1.7,13200.0,Medical,1,0
1641,69600.0,584.0,9.3,2.8,16700.0,Home Improvement,0,0
1642,30600.0,691.0,17.7,2.1,26000.0,Debt Consolidation,0,0
1643,76400.0,736.0,5.3,2.7,17700.0,Personal,1,0
1644,38500.0,599.0,5.8,5.4,29500.0,Personal,0,0
1645,73900.0,598.0,12.4,1.9,28900.0,Home Improvement,0,0
1646,77700.0,639.0,9.4,4.8,5200.0,Medical,0,0
1647,44300.0,720.0,32.3,11.4,7100.0,Auto,0,0
1648,28200.0,742.0,7.2,2.4,11000.0,Home Improvement,1,1
1649,51600.0,648.0,5.4,3.1,5500.0,Debt Consolidation,0,0
1650,96500.0,704.0,12.3,7.5,8500.0,Auto,0,0
1651,43600.0,622.0,27.4,15.3,6300.0,Debt Consolidation,0,0
1652,66700.0,800.0,11.4,6.9,6200.0,Debt Consolidation,0,0
1653,182100.0,590.0,7.1,10.9,10600.0,Personal,0,0
1654,48900.0,726.0,15.3,10.1,5000.0,Auto,0,0
1655,54400.0,559.0,12.2,1.4,6000.0,Debt Consolidation,0,0
1656,43400.0,662.0,15.4,2.4,13100.0,Debt Consolidation,0,0
1657,79700.0,617.0,7.7,11.3,6600.0,Auto,0,0
1658,50100.0,664.0,6.2,4.8,15600.0,Debt Consolidation,0,0
1659,117500.0,720.0,7.4,1.4,21100.0,Medical,0,0
1660,27300.0,814.0,7.9,0.2,24600.0,Home Improvement,1,1
1661,61700.0,700.0,28.5,5.3,8100.0,Medical,0,0
1662,50400.0,447.0,16.5,2.3,23500.0,Personal,0,1
1663,25000.0,734.0,18.2,13.6,10000.0,Debt Consolidation,0,0
1664,49900.0,732.0,3.5,10.4,40200.0,Home Improvement,0,0
1665,40200.0,675.0,4.3,4.9,44400.0,Personal,0,0
1666,41300.0,736.0,33.6,3.7,8700.0,Home Improvement,0,0
1667,46600.0,783.0,12.6,8.2,15900.0,Medical,0,0
1668,43200.0,672.0,10.3,0.4,10900.0,Personal,0,0
1669,122000.0,756.0,33.2,5.2,12000.0,Home Improvement,0,0
1670,39800.0,721.0,21.9,3.3,5000.0,Auto,0,0
1671,36200.0,843.0,11.6,1.6,9400.0,Debt Consolidation,0,0
1672,117400.0,687.0,6.6,0.4,31300.0,Auto,0,0
1673,42800.0,684.0,18.7,0.6,33500.0,Debt Consolidation,0,0
1674,100400.0,599.0,8.8,0.8,21800.0,Medical,0,0
1675,53000.0,688.0,10.7,1.6,5000.0,Home Improvement,0,0
1676,32300.0,670.0,11.2,8.7,14500.0,Personal,0,0
1677,92100.0,693.0,13.3,0.9,7200.0,Auto,0,0
1678,55700.0,637.0,6.3,1.0,23700.0,Auto,0,0
1679,29300.0,555.0,19.0,2.4,13600.0,Medical,0,0
1680,27100.0,424.0,23.3,0.5,13500.0,Auto,0,1
1681,67000.0,749.0,16.7,4.2,5000.0,Home Improvement,0,0
1682,65100.0,755.0,16.2,1.6,17400.0,Personal,0,0
1683,121100.0,850.0,8.4,0.2,27900.0,Auto,0,0
1684,67900.0,536.0,17.5,0.5,22300.0,Home Improvement,0,0
1685,25000.0,668.0,3.9,8.2,14600.0,Home Improvement,0,0
1686,34000.0,693.0,12.6,6.9,14900.0,Auto,0,0
1687,44400.0,820.0,23.0,0.5,10500.0,Home Improvement,0,0
1688,34900.0,621.0,33.2,0.0,13100.0,Auto,0,0
1689,52300.0,788.0,16.1,3.3,35800.0,Home Improvement,0,0
1690,43400.0,702.0,8.5,4.7,28400.0,Auto,0,0
1691,74400.0,753.0,17.9,4.1,33400.0,Personal,0,0
1692,75600.0,646.0,20.6,1.6,12800.0,Personal,1,0
1693,39000.0,604.0,3.4,0.0,14600.0,Medical,0,0
1694,30900.0,614.0,21.2,12.8,6300.0,Debt Consolidation,0,0
1695,27000.0,644.0,19.7,0.5,24200.0,Auto,0,1
1696,59800.0,734.0,19.7,2.0,13200.0,Auto,0,0
1697,76400.0,641.0,46.0,5.5,46300.0,Auto,0,0
1698,37000.0,668.0,5.5,7.3,16000.0,Debt Consolidation,0,0
1699,67900.0,653.0,16.7,3.4,31800.0,Home Improvement,0,0
1700,97500.0,652.0,11.8,14.9,16300.0,Home Improvement,0,0
1701,34800.0,722.0,28.2,7.6,23600.0,Home Improvement,0,0
1702,25000.0,677.0,11.9,0.1,8200.0,Home Improvement,0,0
1703,25000.0,632.0,26.0,0.5,6200.0,Debt Consolidation,0,1
1704,63000.0,814.0,12.8,0.3,20000.0,Home Improvement,0,0
1705,28100.0,850.0,11.0,3.3,18800.0,Home Improvement,0,0
1706,47500.0,693.0,25.3,0.4,16700.0,Debt Consolidation,0,1
1707,26600.0,654.0,1.6,0.8,20900.0,Auto,0,0
1708,38000.0,582.0,9.3,7.7,5400.0,Debt Consolidation,0,0
1709,83000.0,576.0,3.9,1.9,15200.0,Medical,0,0
1710,25000.0,751.0,13.0,3.3,9400.0,Debt Consolidation,1,0
1711,27000.0,670.0,10.7,0.7,37300.0,Personal,1,0
1712,44300.0,721.0,21.2,7.0,12600.0,Medical,0,0
1713,65500.0,626.0,29.1,1.4,11900.0,Debt Consolidation,0,0
1714,66300.0,683.0,24.1,5.5,7800.0,Medical,0,0
1715,63600.0,660.0,19.2,3.4,9900.0,Home Improvement,0,0
1716,70200.0,717.0,26.5,1.9,5800.0,Personal,0,0
1717,72700.0,624.0,18.4,3.3,12100.0,Debt Consolidation,1,0
1718,46000.0,723.0,16.4,3.5,14700.0,Medical,0,0
1719,70700.0,574.0,8.5,12.0,7700.0,Home Improvement,0,0
1720,62900.0,598.0,18.7,1.2,14600.0,Auto,1,0
1721,33100.0,521.0,20.0,1.3,8300.0,Debt Consolidation,1,1
1722,52100.0,677.0,6.1,5.5,18500.0,Home Improvement,0,0
1723,36300.0,657.0,19.0,0.1,13700.0,Auto,0,0
1724,45100.0,704.0,14.5,2.8,15300.0,Auto,0,0
1725,86300.0,644.0,11.9,2.5,17000.0,Auto,0,0
1726,26500.0,717.0,4.0,0.4,12700.0,Debt Consolidation,0,0
1727,42000.0,640.0,18.2,7.1,6100.0,Debt Consolidation,0,0
1728,68000.0,754.0,12.5,1.6,6500.0,Personal,0,0
1729,73800.0,781.0,25.9,1.0,16500.0,Home Improvement,0,0
1730,25000.0,746.0,5.8,4.6,22700.0,Medical,0,0
1731,45500.0,741.0,28.5,2.4,5000.0,Home Improvement,0,0
1732,25000.0,736.0,15.4,12.0,11400.0,Auto,0,0
1733,25000.0,690.0,7.7,1.9,11400.0,Auto,0,0
1734,100400.0,643.0,12.6,2.1,47200.0,Home Improvement,0,1
1735,84800.0,694.0,16.4,9.2,7800.0,Personal,0,0
1736,25000.0,698.0,31.9,9.8,12400.0,Debt Consolidation,0,1
1737,28400.0,764.0,24.8,1.1,18400.0,Personal,0,0
1738,64300.0,504.0,9.5,1.0,9000.0,Personal,0,1
1739,44100.0,791.0,6.2,18.4,11200.0,Auto,0,0
1740,70600.0,697.0,15.2,1.5,32500.0,Medical,0,0
1741,78800.0,613.0,15.8,5.9,6100.0,Home Improvement,0,1
1742,35000.0,759.0,3.4,3.8,8200.0,Auto,0,0
1743,40800.0,578.0,22.7,2.8,8600.0,Auto,0,0
1744,90600.0,635.0,10.3,2.4,8600.0,Debt Consolidation,0,0
1745,69700.0,756.0,25.9,13.0,9200.0,Auto,0,0
1746,50000.0,693.0,8.6,0.3,32500.0,Home Improvement,0,1
1747,55000.0,687.0,14.7,3.9,11900.0,Auto,0,0
1748,34700.0,579.0,51.2,2.1,21800.0,Debt Consolidation,0,1
1749,25000.0,558.0,16.3,4.1,16900.0,Debt Consolidation,0,0
1750,44000.0,696.0,26.0,17.1,16700.0,Medical,0,0
1751,32200.0,771.0,8.0,0.1,34500.0,Auto,0,0
1752,61400.0,711.0,42.1,2.4,16100.0,Auto,0,0
1753,78600.0,632.0,3.3,1.2,6700.0,Debt Consolidation,0,0
1754,87200.0,646.0,9.2,12.3,6900.0,Home Improvement,0,0
1755,32500.0,766.0,11.0,5.2,24700.0,Auto,0,0
1756,25000.0,677.0,26.7,6.2,11000.0,Auto,0,0
1757,84500.0,808.0,3.5,0.8,8800.0,Auto,0,0
1758,39400.0,755.0,12.5,3.2,18800.0,Auto,0,0
1759,29000.0,626.0,6.6,5.3,7500.0,Auto,0,0
1760,76200.0,701.0,9.5,2.7,5500.0,Auto,0,0
1761,31000.0,617.0,10.5,1.1,9200.0,Auto,0,0
1762,58500.0,652.0,7.5,1.7,19700.0,Home Improvement,0,0
1763,80500.0,586.0,34.6,7.7,14900.0,Auto,0,0
1764,55900.0,613.0,11.6,6.5,12900.0,Auto,0,0
1765,76300.0,636.0,8.1,3.0,14200.0,Debt Consolidation,0,0
1766,77800.0,752.0,44.9,0.3,17200.0,Personal,0,1
1767,55100.0,748.0,15.9,0.5,8300.0,Personal,0,0
1768,162000.0,675.0,4.8,1.9,12000.0,Medical,0,0
1769,72600.0,850.0,26.0,2.8,24200.0,Personal,0,0
1770,57000.0,693.0,13.5,0.1,6000.0,Home Improvement,1,0
1771,49600.0,658.0,10.3,1.1,21100.0,Debt Consolidation,1,1
1772,36100.0,610.0,12.2,5.5,10900.0,Auto,0,0
1773,73200.0,772.0,18.8,0.6,11800.0,Home Improvement,1,0
1774,33300.0,733.0,12.5,2.8,12800.0,Personal,0,0
1775,114500.0,534.0,3.6,1.3,14600.0,Personal,0,0
1776,83400.0,602.0,4.6,4.7,13800.0,Debt Consolidation,0,0
1777,46200.0,588.0,30.3,12.4,14700.0,Medical,0,1
1778,83200.0,789.0,8.1,4.8,14800.0,Home Improvement,1,0
1779,25000.0,531.0,27.1,0.4,26700.0,Personal,0,1
1780,46700.0,850.0,14.9,0.0,12000.0,Auto,0,0
1781,33000.0,775.0,23.7,0.2,14300.0,Auto,0,0
1782,37700.0,788.0,20.2,2.0,5000.0,Auto,0,0
1783,32800.0,743.0,15.8,5.3,19200.0,Home Improvement,0,0
1784,29700.0,647.0,13.0,7.7,5000.0,Home Improvement,0,0
1785,25000.0,594.0,15.6,0.2,10700.0,Home Improvement,0,0
1786,36700.0,677.0,14.3,19.1,6700.0,Debt Consolidation,0,0
1787,25000.0,706.0,25.7,5.1,15200.0,Medical,0,1
1788,35500.0,780.0,8.9,2.7,17400.0,Debt Consolidation,0,1
1789,41600.0,762.0,11.4,1.4,19100.0,Auto,0,0
1790,57400.0,792.0,16.2,12.6,15200.0,Home Improvement,1,0
1791,55400.0,805.0,34.0,1.0,23600.0,Debt Consolidation,0,0
1792,55800.0,668.0,2.4,6.2,9600.0,Medical,0,0
1793,35000.0,712.0,29.0,1.4,11700.0,Auto,1,1
1794,81400.0,753.0,9.3,2.0,8300.0,Auto,1,0
1795,120800.0,535.0,13.9,1.7,15500.0,Auto,0,0
1796,77000.0,626.0,21.4,3.4,7100.0,Debt Consolidation,0,0
1797,42400.0,619.0,26.2,4.6,13900.0,Auto,0,1
1798,58800.0,616.0,5.2,11.4,30000.0,Debt Consolidation,0,0
1799,144700.0,564.0,41.1,2.1,15900.0,Auto,0,0
1800,25000.0,792.0,5.2,4.1,22100.0,Auto,0,0
1801,33800.0,612.0,2.2,5.5,37100.0,Home Improvement,0,0
1802,62600.0,556.0,30.6,6.0,12600.0,Debt Consolidation,1,1
1803,62400.0,679.0,6.9,0.7,5000.0,Debt Consolidation,0,0
1804,25000.0,553.0,14.9,5.0,8500.0,Debt Consolidation,0,1
1805,25000.0,655.0,17.3,11.1,17700.0,Auto,1,1
1806,26200.0,836.0,28.0,1.5,6700.0,Medical,0,0
1807,54000.0,731.0,25.1,1.4,7000.0,Auto,1,0
1808,112600.0,627.0,7.8,2.1,8600.0,Debt Consolidation,0,0
1809,25000.0,630.0,22.3,4.2,6400.0,Personal,0,0
1810,44500.0,678.0,13.6,3.0,10500.0,Debt Consolidation,0,0
1811,61300.0,687.0,26.7,1.3,14500.0,Personal,0,0
1812,44800.0,682.0,26.1,0.5,5000.0,Auto,0,0
1813,101200.0,750.0,3.7,0.8,12700.0,Medical,0,0
1814,25000.0,579.0,17.8,3.9,19900.0,Auto,0,0
1815,99400.0,550.0,21.5,4.7,8900.0,Debt Consolidation,0,1
1816,76800.0,823.0,25.5,0.2,9300.0,Auto,0,0
1817,92600.0,684.0,9.3,0.7,10900.0,Personal,0,0
1818,43300.0,626.0,11.8,6.4,25300.0,Auto,0,1
1819,26800.0,641.0,18.9,3.8,7700.0,Debt Consolidation,0,0
1820,39900.0,538.0,9.4,3.8,14700.0,Auto,1,1
1821,25000.0,712.0,16.8,0.0,5800.0,Auto,0,0
1822,50500.0,588.0,28.3,3.6,19000.0,Debt Consolidation,1,1
1823,35200.0,744.0,12.6,0.4,12200.0,Auto,0,0
1824,57900.0,656.0,39.6,0.7,21100.0,Personal,0,0
1825,35300.0,686.0,23.5,4.1,14100.0,Home Improvement,1,0
1826,147800.0,751.0,8.3,3.7,20500.0,Personal,0,0
1827,58500.0,436.0,22.4,1.7,8900.0,Personal,0,1
1828,47000.0,497.0,11.1,1.4,12400.0,Home Improvement,0,1
1829,25000.0,690.0,42.2,10.0,6400.0,Debt Consolidation,1,1
1830,38000.0,591.0,7.7,3.3,15500.0,Auto,1,0
1831,42600.0,665.0,18.3,4.1,6000.0,Auto,0,0
1832,108200.0,690.0,22.7,0.7,7700.0,Auto,0,0
1833,47200.0,737.0,12.0,1.0,32800.0,Personal,0,0
1834,58500.0,651.0,20.0,2.4,16300.0,Personal,0,0
1835,67200.0,716.0,31.2,15.7,19500.0,Auto,0,0
1836,67500.0,673.0,3.8,2.2,16100.0,Auto,0,0
1837,34300.0,719.0,33.8,3.4,22800.0,Personal,1,1
1838,40100.0,570.0,13.8,6.4,15200.0,Personal,0,0
1839,49400.0,597.0,13.6,22.7,9600.0,Debt Consolidation,0,0
1840,25000.0,682.0,39.7,1.2,70600.0,Auto,0,1
1841,199900.0,611.0,27.6,1.1,7100.0,Auto,0,0
1842,43900.0,733.0,21.1,15.5,16200.0,Debt Consolidation,1,0
1843,39800.0,613.0,36.3,6.8,27700.0,Home Improvement,0,1
1844,30500.0,645.0,6.3,6.1,19700.0,Home Improvement,1,0
1845,70900.0,754.0,9.2,0.9,30000.0,Personal,1,0
1846,86100.0,710.0,8.9,6.8,21500.0,Auto,0,0
1847,48600.0,721.0,22.8,4.2,17300.0,Debt Consolidation,1,1
1848,49800.0,526.0,8.2,3.0,10500.0,Auto,0,0
1849,58700.0,719.0,5.9,6.9,23800.0,Personal,0,0
1850,166900.0,619.0,21.1,1.7,32800.0,Debt Consolidation,0,0
1851,25000.0,764.0,18.6,0.4,18400.0,Home Improvement,0,0
1852,43100.0,631.0,13.4,0.4,15100.0,Debt Consolidation,0,0
1853,35700.0,796.0,15.0,1.6,10000.0,Auto,0,0
1854,27200.0,787.0,12.3,2.8,16600.0,Debt Consolidation,1,0
1855,75800.0,801.0,24.3,1.3,20000.0,Medical,1,0
1856,68800.0,580.0,7.8,4.3,8800.0,Home Improvement,0,0
1857,137400.0,716.0,27.8,10.4,11600.0,Home Improvement,0,0
1858,43800.0,780.0,12.6,3.6,13400.0,Debt Consolidation,0,0
1859,113100.0,528.0,13.1,0.5,25300.0,Debt Consolidation,0,0
1860,25000.0,752.0,44.1,6.1,5000.0,Personal,0,1
1861,41300.0,556.0,16.3,3.5,15800.0,Debt Consolidation,0,1
1862,94900.0,529.0,1.9,1.1,62500.0,Home Improvement,0,0
1863,86800.0,642.0,20.7,1.4,20500.0,Medical,0,0
1864,62600.0,793.0,5.1,3.1,34200.0,Auto,0,0
1865,50100.0,700.0,41.8,0.3,20900.0,Medical,0,0
1866,123200.0,709.0,10.6,6.5,23700.0,Personal,0,0
1867,30000.0,781.0,27.1,0.4,35900.0,Medical,0,0
1868,69000.0,696.0,16.7,3.5,13100.0,Personal,0,0
1869,65300.0,850.0,23.4,0.6,7000.0,Auto,0,0
1870,128000.0,621.0,6.2,8.5,22800.0,Auto,0,1
1871,57300.0,614.0,18.4,3.3,5000.0,Personal,0,0
1872,33100.0,723.0,24.9,7.8,11600.0,Home Improvement,0,0
1873,58900.0,731.0,17.5,5.5,45000.0,Home Improvement,0,0
1874,92900.0,575.0,18.2,4.8,5700.0,Auto,0,0
1875,50100.0,696.0,13.2,4.5,25400.0,Personal,0,0
1876,52300.0,772.0,30.1,0.6,14500.0,Medical,0,0
1877,29900.0,572.0,27.2,19.0,10500.0,Auto,1,1
1878,33200.0,579.0,8.9,6.3,13400.0,Medical,0,0
1879,50900.0,762.0,8.8,0.5,25600.0,Auto,0,0
1880,100700.0,723.0,17.2,10.5,13800.0,Debt Consolidation,0,0
1881,37800.0,625.0,18.2,4.9,9000.0,Auto,0,1
1882,66400.0,795.0,21.1,2.3,5300.0,Personal,0,0
1883,57800.0,494.0,18.5,3.4,35600.0,Auto,0,1
1884,28800.0,697.0,19.0,0.9,11800.0,Home Improvement,0,0
1885,53200.0,627.0,22.0,0.4,12200.0,Debt Consolidation,0,1
1886,46900.0,708.0,21.3,5.0,12300.0,Debt Consolidation,0,0
1887,33600.0,745.0,4.2,2.7,19500.0,Debt Consolidation,0,0
1888,70400.0,625.0,0.4,0.5,7900.0,Auto,0,0
1889,55500.0,627.0,23.0,3.3,8400.0,Debt Consolidation,0,0
1890,25000.0,659.0,11.0,2.8,17100.0,Auto,0,1
1891,25000.0,643.0,17.2,10.8,28100.0,Medical,0,0
1892,25000.0,809.0,14.8,9.3,7000.0,Auto,0,0
1893,67900.0,790.0,10.1,1.2,6700.0,Home Improvement,0,0
1894,33800.0,631.0,16.9,0.0,6600.0,Medical,0,1
1895,34000.0,630.0,21.9,4.2,6000.0,Auto,0,1
1896,49400.0,663.0,17.7,11.4,19000.0,Medical,0,1
1897,48300.0,789.0,11.2,2.3,35000.0,Home Improvement,0,0
1898,49300.0,599.0,23.3,6.8,6400.0,Home Improvement,0,0
1899,69300.0,754.0,16.9,4.6,33900.0,Debt Consolidation,0,0
1900,27800.0,641.0,31.6,8.8,22000.0,Auto,1,1
1901,60300.0,479.0,34.4,1.7,10600.0,Auto,0,1
1902,41800.0,595.0,31.8,3.1,18000.0,Debt Consolidation,0,1
1903,39100.0,609.0,11.9,0.2,9400.0,Home Improvement,0,0
1904,52700.0,716.0,23.3,7.8,5000.0,Auto,1,0
1905,25000.0,677.0,18.5,3.1,20700.0,Home Improvement,0,0
1906,73600.0,669.0,19.2,3.5,6500.0,Auto,0,0
1907,80100.0,647.0,17.3,11.5,14200.0,Debt Consolidation,0,0
1908,150300.0,609.0,10.7,1.7,14300.0,Debt Consolidation,0,0
1909,45400.0,632.0,24.7,0.8,30600.0,Auto,0,0
1910,92500.0,621.0,24.8,0.5,6200.0,Auto,0,1
1911,28700.0,576.0,13.5,1.2,28400.0,Auto,0,0
1912,31900.0,643.0,22.7,5.6,13900.0,Debt Consolidation,0,1
1913,85300.0,630.0,40.2,2.7,30100.0,Home Improvement,1,1
1914,63700.0,645.0,6.6,8.2,32000.0,Debt Consolidation,0,1
1915,61100.0,698.0,3.0,6.3,8700.0,Medical,0,0
1916,102000.0,621.0,34.5,0.6,25700.0,Auto,0,1
1917,25000.0,744.0,18.0,1.2,11800.0,Home Improvement,0,0
1918,43700.0,512.0,2.7,3.9,41100.0,Home Improvement,0,1
1919,54600.0,695.0,8.1,0.1,21800.0,Home Improvement,0,0
1920,71800.0,599.0,30.9,0.1,8500.0,Home Improvement,0,0
1921,25000.0,539.0,6.6,1.5,22700.0,Auto,0,0
1922,34600.0,602.0,23.6,1.6,6600.0,Home Improvement,0,1
1923,84000.0,781.0,25.9,2.7,5000.0,Auto,1,0
1924,39100.0,606.0,27.3,1.2,14900.0,Medical,0,1
1925,52000.0,625.0,20.2,20.8,5700.0,Home Improvement,0,0
1926,33100.0,801.0,19.7,7.1,6200.0,Auto,0,0
1927,67800.0,704.0,6.6,1.5,13800.0,Debt Consolidation,1,0
1928,40100.0,679.0,18.6,6.6,8700.0,Home Improvement,0,1
1929,96200.0,680.0,25.0,2.9,21700.0,Debt Consolidation,1,0
1930,35500.0,780.0,22.1,3.3,5000.0,Debt Consolidation,0,0
1931,164600.0,768.0,3.8,5.0,9900.0,Medical,0,0
1932,51200.0,681.0,23.3,0.1,7700.0,Debt Consolidation,0,0
1933,36200.0,638.0,12.8,7.8,33500.0,Debt Consolidation,0,1
1934,66800.0,707.0,27.0,6.3,25000.0,Debt Consolidation,0,0
1935,54500.0,817.0,21.7,6.2,37200.0,Debt Consolidation,0,0
1936,34100.0,732.0,9.1,2.7,23900.0,Debt Consolidation,0,0
1937,30300.0,562.0,6.7,6.4,13300.0,Personal,0,0
1938,71400.0,620.0,11.2,12.5,12600.0,Auto,0,0
1939,32000.0,511.0,19.6,2.9,20300.0,Medical,0,1
1940,52500.0,660.0,16.0,3.8,15800.0,Medical,0,0
1941,35400.0,572.0,1.8,2.5,23700.0,Debt Consolidation,0,1
1942,60000.0,803.0,5.3,7.9,11700.0,Auto,0,0
1943,54900.0,610.0,11.7,10.4,42800.0,Debt Consolidation,0,0
1944,27900.0,611.0,9.3,2.2,14200.0,Medical,0,0
1945,38400.0,678.0,7.1,4.7,13000.0,Auto,0,0
1946,42800.0,613.0,27.5,10.1,5400.0,Home Improvement,0,0
1947,39900.0,720.0,19.3,2.9,54000.0,Home Improvement,0,0
1948,88000.0,639.0,15.1,18.7,5600.0,Auto,0,0
1949,51600.0,642.0,40.3,1.8,18900.0,Debt Consolidation,0,1
1950,45100.0,780.0,27.5,1.1,5000.0,Home Improvement,0,0
1951,62700.0,717.0,20.9,0.5,8800.0,Auto,0,0
1952,52300.0,732.0,12.8,2.1,13100.0,Auto,0,0
1953,58700.0,770.0,33.0,8.9,10300.0,Home Improvement,0,0
1954,49300.0,683.0,10.3,1.2,10600.0,Debt Consolidation,1,0
1955,31000.0,701.0,6.9,2.1,12200.0,Medical,0,0
1956,54500.0,727.0,20.9,4.2,20400.0,Medical,1,1
1957,35200.0,609.0,8.4,9.3,38200.0,Debt Consolidation,0,0
1958,39300.0,597.0,16.0,3.7,28300.0,Auto,0,1
1959,80700.0,597.0,19.0,5.0,16500.0,Home Improvement,0,0
1960,82800.0,727.0,15.4,2.8,34300.0,Medical,0,1
1961,84400.0,732.0,17.3,1.3,21000.0,Personal,1,1
1962,65600.0,739.0,19.4,0.3,14400.0,Medical,1,0
1963,27800.0,658.0,13.3,4.9,6500.0,Debt Consolidation,0,1
1964,60800.0,756.0,19.5,5.0,23600.0,Auto,0,0
1965,79600.0,686.0,12.3,1.1,8200.0,Debt Consolidation,0,0
1966,32500.0,711.0,16.7,1.3,6000.0,Debt Consolidation,0,0
1967,25000.0,678.0,14.3,2.2,10100.0,Personal,0,0
1968,82300.0,525.0,11.9,15.7,9900.0,Medical,0,0
1969,42100.0,645.0,6.2,1.4,19000.0,Debt Consolidation,0,1
1970,46300.0,614.0,24.5,0.7,19300.0,Personal,0,1
1971,61400.0,730.0,9.4,4.4,13400.0,Home Improvement,0,0
1972,46900.0,648.0,5.8,1.7,13900.0,Debt Consolidation,0,0
1973,37900.0,641.0,27.2,1.7,5000.0,Debt Consolidation,0,0
1974,86400.0,650.0,4.0,2.7,19200.0,Personal,1,0
1975,37200.0,714.0,4.7,0.5,12400.0,Debt Consolidation,1,0
1976,56400.0,783.0,13.0,1.2,17100.0,Personal,0,0
1977,69900.0,714.0,30.0,12.1,11800.0,Home Improvement,1,0
1978,40400.0,740.0,13.4,2.2,7300.0,Debt Consolidation,1,0
1979,25000.0,712.0,13.2,0.6,6300.0,Home Improvement,0,0
1980,82300.0,603.0,16.1,5.4,8200.0,Personal,0,0
1981,95400.0,731.0,34.4,2.4,5000.0,Medical,0,0
1982,58900.0,696.0,7.4,5.5,43300.0,Auto,0,0
1983,61500.0,552.0,4.6,4.7,11500.0,Home Improvement,0,0
1984,35100.0,597.0,31.7,0.4,7600.0,Home Improvement,0,0
1985,39100.0,776.0,26.2,4.3,7200.0,Home Improvement,0,0
1986,66000.0,674.0,17.2,1.4,36000.0,Auto,0,0
1987,61700.0,731.0,1.4,3.1,13400.0,Medical,0,0
1988,43700.0,802.0,32.2,2.8,16200.0,Debt Consolidation,0,0
1989,25000.0,575.0,17.4,3.4,12300.0,Home Improvement,0,0
1990,93900.0,760.0,5.3,1.1,9700.0,Debt Consolidation,0,0
1991,56200.0,604.0,3.3,0.1,33700.0,Debt Consolidation,0,1
1992,50200.0,704.0,25.2,15.2,12000.0,Personal,0,0
1993,48200.0,850.0,15.3,1.1,7200.0,Home Improvement,0,0
1994,78700.0,601.0,10.3,1.8,7800.0,Medical,0,0
1995,54900.0,562.0,37.7,1.5,14300.0,Debt Consolidation,0,1
1996,96400.0,749.0,6.2,1.3,9600.0,Personal,0,0
1997,34800.0,700.0,5.9,1.1,32400.0,Debt Consolidation,0,0
1998,68400.0,552.0,32.0,6.4,24000.0,Home Improvement,0,1
1999,29100.0,554.0,3.9,5.9,10500.0,Debt Consolidation,0,0
2000,27900.0,717.0,12.0,1.3,5300.0,Auto,0,0
2001,31300.0,738.0,21.8,16.8,8600.0,Auto,1,0
2002,67200.0,717.0,7.4,2.3,5800.0,Medical,0,0
2003,43600.0,678.0,15.8,9.4,7300.0,Debt Consolidation,0,0
2004,39400.0,741.0,24.4,1.0,24900.0,Home Improvement,0,0
2005,26900.0,636.0,32.0,10.4,10800.0,Medical,0,0
2006,60300.0,575.0,26.1,9.3,18300.0,Home Improvement,0,1
2007,37900.0,618.0,17.8,10.3,16000.0,Personal,0,1
2008,44800.0,841.0,21.4,10.2,28900.0,Auto,0,0
2009,25000.0,584.0,14.3,11.9,21000.0,Auto,0,0
2010,60800.0,625.0,12.7,9.8,6900.0,Debt Consolidation,1,0
2011,26200.0,660.0,14.9,2.8,13700.0,Home Improvement,0,0
2012,39700.0,850.0,15.4,1.2,14400.0,Auto,0,0
2013,75400.0,611.0,18.0,6.6,10000.0,Debt Consolidation,0,0
2014,68300.0,629.0,15.5,0.1,13900.0,Auto,0,0
2015,33100.0,734.0,9.2,2.5,14300.0,Debt Consolidation,0,0
2016,47000.0,503.0,20.6,3.0,12400.0,Home Improvement,0,1
2017,45900.0,610.0,10.8,4.2,20000.0,Debt Consolidation,0,0
2018,98000.0,635.0,8.6,3.2,15700.0,Medical,0,0
2019,73500.0,586.0,21.9,6.8,24800.0,Home Improvement,0,0
2020,26800.0,698.0,26.4,8.4,5000.0,Debt Consolidation,0,0
2021,52300.0,653.0,25.9,0.1,10400.0,Home Improvement,0,0
2022,38800.0,703.0,16.6,4.1,9100.0,Medical,0,1
2023,63400.0,698.0,0.4,0.4,18100.0,Home Improvement,0,0
2024,47000.0,510.0,37.3,2.0,16500.0,Auto,0,0
2025,63800.0,586.0,25.0,3.0,7100.0,Personal,0,1
2026,60500.0,620.0,32.7,0.8,6600.0,Debt Consolidation,0,0
2027,29100.0,657.0,7.1,0.6,12200.0,Medical,0,0
2028,45400.0,595.0,26.4,1.1,10300.0,Medical,1,1
2029,46800.0,781.0,7.7,1.6,5000.0,Medical,0,0
2030,38600.0,789.0,29.1,0.4,20700.0,Medical,0,0
2031,54600.0,694.0,34.0,7.6,11800.0,Personal,0,0
2032,47800.0,597.0,18.5,5.3,10200.0,Medical,0,0
2033,93000.0,850.0,6.3,1.2,13000.0,Debt Consolidation,0,0
2034,53600.0,685.0,12.3,3.1,5800.0,Medical,0,0
2035,46800.0,716.0,16.6,4.2,12500.0,Auto,0,0
2036,43500.0,768.0,15.6,1.6,18500.0,Medical,0,0
2037,25000.0,808.0,36.7,1.5,10800.0,Medical,1,0
2038,63100.0,612.0,14.3,2.4,11700.0,Medical,0,0
2039,73500.0,711.0,19.7,3.2,10500.0,Auto,0,0
2040,25000.0,676.0,3.5,5.0,7100.0,Personal,0,0
2041,64000.0,725.0,17.0,5.6,10600.0,Debt Consolidation,0,0
2042,43600.0,669.0,37.9,1.9,10400.0,Debt Consolidation,0,0
2043,122600.0,583.0,27.2,3.0,7000.0,Auto,1,1
2044,58500.0,478.0,22.7,2.5,17300.0,Personal,0,1
2045,42100.0,569.0,7.5,1.2,11700.0,Auto,0,0
2046,50600.0,615.0,0.7,5.6,13500.0,Auto,0,0
2047,63100.0,663.0,21.1,0.1,16000.0,Auto,0,0
2048,80400.0,684.0,31.7,2.5,7100.0,Home Improvement,1,0
2049,77100.0,724.0,30.1,2.4,12800.0,Auto,0,0
2050,50200.0,717.0,38.9,2.0,8500.0,Home Improvement,0,1
2051,65900.0,790.0,6.9,0.3,50900.0,Home Improvement,1,0
2052,30100.0,791.0,11.3,9.6,8300.0,Debt Consolidation,0,0
2053,62400.0,540.0,23.5,5.8,21500.0,Debt Consolidation,0,1
2054,25000.0,658.0,15.6,11.7,21700.0,Personal,1,1
2055,51100.0,729.0,2.4,3.9,16800.0,Home Improvement,0,0
2056,80800.0,636.0,21.0,16.1,7200.0,Debt Consolidation,0,0
2057,26500.0,715.0,9.0,3.8,27000.0,Debt Consolidation,0,0
2058,28400.0,850.0,8.3,1.7,15900.0,Home Improvement,0,0
2059,31700.0,625.0,10.3,4.3,11200.0,Medical,0,0
2060,36000.0,682.0,11.6,0.6,43000.0,Auto,0,1
2061,27600.0,669.0,7.5,3.3,10900.0,Medical,0,0
2062,29700.0,672.0,17.2,0.7,5900.0,Auto,0,0
2063,66500.0,733.0,12.9,5.8,7800.0,Auto,0,0
2064,72400.0,589.0,7.5,3.6,11000.0,Personal,1,0
2065,99700.0,634.0,13.4,1.0,6800.0,Personal,0,0
2066,64300.0,504.0,25.5,0.5,6800.0,Personal,0,1
2067,32200.0,691.0,5.3,6.7,9600.0,Debt Consolidation,0,0
2068,73900.0,681.0,24.9,6.6,12200.0,Auto,0,0
2069,39600.0,649.0,26.6,5.4,21500.0,Personal,0,0
2070,63500.0,549.0,9.8,5.0,10000.0,Auto,0,0
2071,38700.0,838.0,40.5,1.8,11000.0,Medical,0,0
2072,31000.0,605.0,26.7,7.2,26400.0,Auto,0,1
2073,44800.0,692.0,23.0,7.4,8800.0,Personal,0,0
2074,44100.0,811.0,19.3,4.1,8300.0,Auto,0,0
2075,36900.0,663.0,38.7,0.1,26000.0,Medical,0,1
2076,60100.0,816.0,11.5,9.9,9200.0,Medical,0,0
2077,103500.0,773.0,20.2,5.1,21100.0,Debt Consolidation,0,0
2078,34600.0,628.0,24.3,0.8,15500.0,Auto,0,0
2079,34200.0,838.0,21.6,0.9,18100.0,Home Improvement,0,0
2080,45700.0,626.0,41.8,0.0,21900.0,Auto,0,1
2081,39600.0,750.0,24.7,1.9,30000.0,Auto,0,0
2082,29200.0,767.0,11.8,1.6,5600.0,Personal,0,0
2083,87700.0,581.0,36.0,7.5,15400.0,Debt Consolidation,0,0
2084,58000.0,667.0,28.5,8.0,14000.0,Medical,0,0
2085,70200.0,815.0,16.2,4.2,26700.0,Personal,0,0
2086,31800.0,685.0,32.0,4.8,16500.0,Personal,0,0
2087,77900.0,631.0,5.2,6.7,14100.0,Debt Consolidation,0,0
2088,49900.0,682.0,12.8,0.5,10000.0,Auto,0,0
2089,35100.0,791.0,9.3,1.8,5400.0,Auto,0,0
2090,36700.0,791.0,39.6,1.9,25200.0,Auto,0,0
2091,50100.0,602.0,8.8,4.8,21100.0,Auto,0,0
2092,36900.0,602.0,42.8,2.6,66000.0,Debt Consolidation,1,1
2093,25000.0,700.0,6.0,12.3,12000.0,Personal,0,0
2094,120800.0,656.0,5.7,5.3,11100.0,Debt Consolidation,0,0
2095,36000.0,665.0,17.5,3.0,17300.0,Medical,0,0
2096,42600.0,838.0,30.7,0.3,6900.0,Auto,0,0
2097,65300.0,481.0,9.2,1.2,21500.0,Auto,1,1
2098,74700.0,558.0,29.3,4.2,35300.0,Auto,0,1
2099,43000.0,657.0,4.4,0.5,28500.0,Auto,0,1
2100,68100.0,612.0,28.3,2.5,17600.0,Medical,0,0
2101,44300.0,702.0,9.0,0.3,9700.0,Auto,0,0
2102,34600.0,718.0,40.7,4.8,13100.0,Home Improvement,1,1
2103,70300.0,617.0,5.1,0.5,22500.0,Medical,0,0
2104,59700.0,626.0,8.4,2.3,19600.0,Auto,0,0
2105,51800.0,620.0,17.0,8.2,11300.0,Debt Consolidation,0,0
2106,46200.0,776.0,13.7,15.1,12800.0,Medical,0,0
2107,37500.0,767.0,37.6,3.8,15400.0,Debt Consolidation,0,0
2108,229600.0,764.0,18.0,1.6,14900.0,Debt Consolidation,0,0
2109,91400.0,702.0,17.7,2.1,11100.0,Debt Consolidation,0,0
2110,118600.0,776.0,6.6,4.9,7100.0,Auto,0,0
2111,44700.0,725.0,26.1,6.6,5200.0,Auto,0,0
2112,72000.0,591.0,3.1,1.4,17100.0,Home Improvement,1,0
2113,25000.0,532.0,5.8,2.6,11700.0,Auto,0,0
2114,72200.0,775.0,10.4,1.1,46300.0,Auto,1,0
2115,25000.0,738.0,1.0,3.8,11400.0,Auto,0,0
2116,59300.0,526.0,9.8,0.6,15800.0,Medical,0,0
2117,61500.0,621.0,11.0,11.9,9400.0,Debt Consolidation,0,0
2118,81500.0,817.0,34.5,2.2,18700.0,Personal,0,0
2119,76500.0,695.0,29.1,5.9,24200.0,Debt Consolidation,0,0
2120,41600.0,658.0,8.7,0.9,17100.0,Debt Consolidation,0,0
2121,25000.0,688.0,13.1,4.7,11700.0,Medical,1,0
2122,74000.0,614.0,11.1,6.8,15200.0,Debt Consolidation,0,0
2123,30500.0,741.0,6.2,0.9,19800.0,Personal,0,0
2124,25000.0,571.0,25.1,2.4,13600.0,Medical,0,0
2125,25000.0,821.0,22.6,2.0,36400.0,Auto,0,0
2126,54000.0,611.0,27.0,0.3,5000.0,Home Improvement,0,1
2127,62800.0,648.0,39.1,0.1,21300.0,Auto,0,1
2128,39400.0,569.0,17.1,0.6,5800.0,Debt Consolidation,0,0
2129,73900.0,653.0,14.9,10.1,16900.0,Debt Consolidation,0,0
2130,31100.0,727.0,9.8,13.3,11100.0,Personal,1,0
2131,47200.0,630.0,20.9,7.3,17300.0,Debt Consolidation,0,0
2132,32000.0,684.0,3.2,10.0,11100.0,Home Improvement,0,0
2133,51800.0,549.0,18.1,0.8,5200.0,Home Improvement,0,1
2134,75000.0,670.0,18.1,2.3,18600.0,Personal,0,0
2135,34000.0,595.0,14.9,4.2,10900.0,Personal,0,0
2136,37200.0,622.0,14.9,2.1,14200.0,Home Improvement,0,0
2137,71300.0,491.0,24.2,8.2,20300.0,Home Improvement,0,0
2138,40400.0,577.0,31.6,0.4,15000.0,Debt Consolidation,0,1
2139,61800.0,682.0,29.7,6.2,11100.0,Home Improvement,1,1
2140,34900.0,701.0,37.2,3.6,10800.0,Auto,0,1
2141,46100.0,834.0,31.4,1.7,27800.0,Debt Consolidation,0,0
2142,61500.0,650.0,2.4,7.7,11300.0,Auto,0,0
2143,25000.0,646.0,36.8,8.1,40100.0,Debt Consolidation,0,1
2144,30600.0,669.0,13.6,0.7,8400.0,Debt Consolidation,0,0
2145,61200.0,849.0,16.1,7.4,5100.0,Auto,0,0
2146,27900.0,677.0,18.7,6.4,10200.0,Auto,0,0
2147,43300.0,735.0,11.1,6.5,5000.0,Auto,0,0
2148,55100.0,628.0,17.1,3.5,13300.0,Home Improvement,0,0
2149,80000.0,712.0,6.7,0.1,20500.0,Medical,0,0
2150,25000.0,652.0,12.7,5.0,40100.0,Auto,0,1
2151,27400.0,717.0,4.2,4.9,23400.0,Debt Consolidation,0,0
2152,48200.0,684.0,10.3,0.6,19100.0,Auto,0,0
2153,61700.0,644.0,19.2,0.1,28100.0,Medical,0,0
2154,72300.0,622.0,19.4,1.8,8100.0,Home Improvement,0,0
2155,84400.0,599.0,2.0,2.2,5100.0,Auto,0,0
2156,82700.0,717.0,8.0,1.0,13400.0,Debt Consolidation,0,0
2157,28200.0,711.0,31.4,4.5,8800.0,Medical,0,0
2158,25000.0,577.0,24.6,1.4,35100.0,Debt Consolidation,0,1
2159,99300.0,767.0,8.5,0.9,12300.0,Personal,0,0
2160,30000.0,759.0,21.2,1.4,26000.0,Auto,0,0
2161,27200.0,726.0,8.9,10.3,16700.0,Debt Consolidation,0,0
2162,88400.0,584.0,9.7,11.8,14400.0,Debt Consolidation,0,0
2163,33100.0,533.0,22.9,3.2,6900.0,Personal,1,1
2164,51400.0,728.0,19.3,6.7,16500.0,Home Improvement,0,0
2165,38300.0,521.0,23.1,0.1,17600.0,Medical,0,1
2166,49100.0,850.0,11.6,12.1,6100.0,Auto,0,0
2167,29400.0,734.0,13.1,5.2,8900.0,Home Improvement,0,0
2168,51300.0,725.0,20.3,1.5,8400.0,Home Improvement,1,0
2169,25000.0,723.0,3.2,3.1,14200.0,Auto,0,0
2170,99000.0,629.0,9.3,3.5,19000.0,Personal,0,0
2171,29500.0,564.0,15.2,2.1,6700.0,Personal,0,1
2172,64000.0,545.0,3.1,4.2,6100.0,Home Improvement,0,0
2173,25000.0,765.0,11.9,5.6,9800.0,Home Improvement,0,0
2174,33200.0,626.0,14.1,0.8,9000.0,Home Improvement,0,0
2175,72700.0,705.0,43.4,0.2,8400.0,Debt Consolidation,0,0
2176,71800.0,692.0,17.9,2.4,12700.0,Auto,0,0
2177,25000.0,676.0,3.7,5.7,23600.0,Auto,0,0
2178,46500.0,778.0,25.7,0.6,21400.0,Auto,0,0
2179,46400.0,739.0,5.5,0.6,6400.0,Debt Consolidation,0,0
2180,45600.0,662.0,34.6,2.4,20200.0,Auto,0,1
2181,34000.0,765.0,8.7,9.6,11800.0,Auto,1,0
2182,85800.0,600.0,13.0,8.5,38400.0,Home Improvement,0,0
2183,57500.0,724.0,9.1,0.7,26300.0,Debt Consolidation,1,1
2184,35900.0,601.0,12.5,1.0,45800.0,Auto,0,1
2185,58900.0,649.0,41.0,0.1,11800.0,Auto,0,1
2186,92600.0,674.0,27.1,0.7,8500.0,Debt Consolidation,0,0
2187,66900.0,580.0,2.0,2.4,11200.0,Auto,0,0
2188,54600.0,713.0,3.9,9.3,11900.0,Personal,0,0
2189,48900.0,704.0,8.2,1.5,14500.0,Personal,0,0
2190,38900.0,626.0,35.5,4.2,6200.0,Auto,0,0
2191,42600.0,687.0,4.8,4.8,21200.0,Home Improvement,0,0
2192,25000.0,638.0,10.8,8.1,12200.0,Home Improvement,0,0
2193,26400.0,758.0,8.8,3.1,8300.0,Medical,0,0
2194,54000.0,577.0,7.9,0.7,17400.0,Home Improvement,0,0
2195,25000.0,753.0,7.3,2.8,6400.0,Debt Consolidation,0,1
2196,26100.0,538.0,6.3,0.1,23100.0,Home Improvement,0,0
2197,54600.0,639.0,21.5,3.4,12200.0,Debt Consolidation,0,0
2198,57500.0,578.0,14.8,5.3,7100.0,Personal,0,0
2199,82300.0,716.0,31.6,5.0,5000.0,Auto,0,0
2200,76300.0,614.0,14.4,2.3,16800.0,Home Improvement,0,0
2201,42100.0,802.0,23.9,4.5,34100.0,Home Improvement,0,0
2202,58000.0,699.0,22.5,13.5,10700.0,Home Improvement,0,0
2203,42100.0,672.0,2.1,9.1,19000.0,Home Improvement,0,0
2204,25000.0,480.0,36.8,8.1,13800.0,Auto,0,0
2205,53400.0,503.0,19.4,11.5,30100.0,Auto,0,0
2206,62700.0,656.0,4.2,0.7,10200.0,Personal,1,0
2207,44900.0,758.0,2.4,3.7,10800.0,Auto,0,0
2208,39200.0,770.0,4.9,0.6,6500.0,Debt Consolidation,0,0
2209,33900.0,608.0,27.7,1.3,13200.0,Medical,0,1
2210,61000.0,747.0,14.4,3.3,38300.0,Medical,0,0
2211,54500.0,481.0,11.2,7.3,16700.0,Auto,0,0
2212,37100.0,677.0,25.2,9.6,16600.0,Auto,1,0
2213,25000.0,760.0,26.3,8.0,5000.0,Home Improvement,0,0
2214,25000.0,532.0,20.3,1.2,47000.0,Home Improvement,0,1
2215,116100.0,667.0,22.0,14.3,26000.0,Auto,0,0
2216,65800.0,608.0,29.4,1.3,12100.0,Debt Consolidation,0,1
2217,73100.0,676.0,10.1,4.0,10400.0,Auto,1,0
2218,30800.0,769.0,1.0,0.2,10200.0,Personal,0,0
2219,69200.0,655.0,20.3,3.7,23100.0,Auto,0,0
2220,56300.0,634.0,13.4,6.6,18300.0,Home Improvement,0,0
2221,69300.0,721.0,9.3,5.3,28500.0,Medical,0,0
2222,36500.0,606.0,10.3,1.4,13200.0,Auto,0,0
2223,36900.0,751.0,13.1,7.9,13100.0,Auto,0,0
2224,56200.0,780.0,20.4,0.9,21100.0,Auto,0,0
2225,26100.0,654.0,25.1,3.8,27900.0,Debt Consolidation,0,1
2226,33700.0,572.0,8.2,1.7,29600.0,Auto,0,1
2227,99000.0,550.0,7.2,0.1,12700.0,Medical,0,0
2228,74000.0,651.0,8.7,1.1,9600.0,Auto,0,0
2229,54500.0,727.0,44.0,1.6,20800.0,Home Improvement,0,0
2230,27000.0,599.0,11.7,1.3,24700.0,Personal,0,0
2231,61100.0,641.0,11.5,9.1,9700.0,Home Improvement,0,1
2232,25000.0,735.0,1.9,5.4,17000.0,Auto,0,0
2233,57800.0,723.0,24.8,4.9,5000.0,Home Improvement,0,0
2234,38200.0,587.0,14.8,7.3,33000.0,Personal,0,1
2235,43500.0,670.0,16.3,1.3,19900.0,Personal,0,1
2236,100900.0,658.0,3.9,3.3,34400.0,Debt Consolidation,1,0
2237,65200.0,673.0,17.2,5.5,24200.0,Personal,0,0
2238,97600.0,710.0,30.9,0.5,32200.0,Medical,0,0
2239,46700.0,791.0,7.2,0.2,26200.0,Medical,0,0
2240,72200.0,604.0,19.8,1.4,36100.0,Auto,1,1
2241,65000.0,646.0,23.9,1.3,15000.0,Debt Consolidation,0,0
2242,33300.0,714.0,30.3,7.7,7400.0,Debt Consolidation,0,0
2243,43500.0,570.0,40.5,0.1,9700.0,Home Improvement,1,1
2244,52700.0,656.0,28.4,0.0,14800.0,Debt Consolidation,0,0
2245,30200.0,700.0,15.2,1.6,25500.0,Debt Consolidation,0,1
2246,29200.0,636.0,29.4,5.2,39500.0,Auto,0,0
2247,64500.0,771.0,37.2,7.2,10600.0,Medical,0,0
2248,30500.0,825.0,4.1,12.8,18400.0,Home Improvement,0,0
2249,62000.0,734.0,25.7,7.1,8700.0,Home Improvement,0,0
2250,27100.0,734.0,16.7,1.3,7900.0,Auto,0,0
2251,46300.0,807.0,15.7,15.4,11300.0,Home Improvement,0,0
2252,97100.0,728.0,10.7,3.1,38000.0,Personal,0,0
2253,44700.0,551.0,12.3,4.7,14100.0,Auto,0,1
2254,34000.0,624.0,17.4,0.3,14400.0,Auto,0,0
2255,30600.0,715.0,14.1,2.1,8200.0,Home Improvement,0,0
2256,30200.0,636.0,14.6,10.1,7100.0,Debt Consolidation,0,0
2257,56900.0,581.0,17.3,4.5,14700.0,Auto,0,0
2258,31000.0,541.0,25.5,1.9,27400.0,Medical,0,1
2259,44400.0,641.0,11.8,4.8,6900.0,Debt Consolidation,0,0
2260,56100.0,574.0,19.8,21.2,20200.0,Auto,0,0
2261,43800.0,738.0,29.1,4.5,14500.0,Debt Consolidation,0,0
2262,35000.0,688.0,15.0,0.5,16400.0,Personal,0,0
2263,76500.0,634.0,3.9,5.8,13700.0,Debt Consolidation,0,0
2264,47800.0,529.0,31.5,2.2,5000.0,Auto,0,1
2265,36400.0,650.0,10.5,0.3,17300.0,Personal,1,0
2266,64700.0,690.0,29.2,1.0,6600.0,Home Improvement,0,0
2267,28700.0,744.0,11.4,2.4,6100.0,Auto,0,0
2268,56200.0,691.0,14.9,18.1,22600.0,Personal,0,0
2269,100700.0,708.0,9.7,3.3,23100.0,Debt Consolidation,0,0
2270,146100.0,716.0,18.4,4.2,11600.0,Debt Consolidation,0,0
2271,53100.0,611.0,18.8,3.2,35500.0,Debt Consolidation,0,0
2272,63300.0,561.0,48.6,10.0,36600.0,Home Improvement,0,1
2273,33700.0,738.0,16.2,5.6,23900.0,Debt Consolidation,0,0
2274,50400.0,754.0,24.9,2.3,100000.0,Debt Consolidation,1,1
2275,25000.0,645.0,2.6,0.4,15100.0,Auto,0,0
2276,108100.0,611.0,31.1,2.8,20000.0,Auto,0,1
2277,74800.0,616.0,25.3,13.9,11100.0,Auto,0,1
2278,89500.0,689.0,19.2,2.8,14600.0,Debt Consolidation,0,0
2279,30100.0,567.0,10.9,0.4,6800.0,Debt Consolidation,0,0
2280,25000.0,482.0,6.6,1.5,12000.0,Debt Consolidation,0,1
2281,99200.0,627.0,30.1,2.4,22800.0,Personal,0,1
2282,25000.0,728.0,7.2,6.7,7000.0,Medical,0,0
2283,34200.0,769.0,14.1,3.5,12600.0,Medical,0,0
2284,56200.0,629.0,27.3,3.4,14600.0,Auto,0,0
2285,47300.0,743.0,13.0,0.5,31000.0,Home Improvement,0,0
2286,81100.0,736.0,0.4,3.8,10200.0,Auto,0,0
2287,25000.0,540.0,21.1,3.4,6300.0,Debt Consolidation,1,1
2288,34800.0,622.0,7.5,3.3,17300.0,Auto,0,1
2289,29700.0,766.0,37.8,11.5,41000.0,Debt Consolidation,0,1
2290,41100.0,634.0,8.3,3.8,8400.0,Home Improvement,0,0
2291,40000.0,713.0,8.8,4.1,10400.0,Home Improvement,0,0
2292,84500.0,620.0,1.4,0.0,19300.0,Auto,0,0
2293,63700.0,672.0,1.3,1.0,5200.0,Medical,0,0
2294,49800.0,616.0,12.7,0.1,21500.0,Auto,0,1
2295,46500.0,581.0,7.8,2.2,15100.0,Auto,0,0
2296,51200.0,775.0,17.4,0.4,9200.0,Personal,0,0
2297,35700.0,774.0,16.3,6.3,17500.0,Debt Consolidation,0,0
2298,33700.0,655.0,19.9,5.9,12900.0,Auto,0,0
2299,34900.0,678.0,10.1,4.5,8500.0,Home Improvement,1,0
2300,69400.0,582.0,22.9,2.7,16200.0,Auto,0,0
2301,45300.0,712.0,42.1,2.1,17400.0,Personal,0,0
2302,25000.0,786.0,32.4,1.2,14000.0,Auto,0,0
2303,57100.0,677.0,22.5,7.8,6500.0,Debt Consolidation,0,0
2304,70900.0,670.0,19.5,4.2,9400.0,Home Improvement,0,0
2305,45200.0,690.0,5.7,0.8,7000.0,Home Improvement,0,0
2306,61900.0,643.0,24.1,6.2,31500.0,Medical,1,1
2307,38000.0,662.0,33.9,3.2,8900.0,Home Improvement,0,0
2308,59500.0,680.0,17.6,0.0,29200.0,Home Improvement,1,1
2309,119400.0,763.0,8.5,19.6,7200.0,Auto,0,0
2310,51500.0,628.0,5.2,4.1,8900.0,Debt Consolidation,0,0
2311,142700.0,737.0,31.6,0.1,21100.0,Debt Consolidation,1,1
2312,74000.0,605.0,2.7,5.7,13000.0,Home Improvement,0,0
2313,56200.0,722.0,17.6,7.1,16400.0,Auto,0,0
2314,30900.0,686.0,4.4,1.4,25900.0,Auto,0,0
2315,134200.0,676.0,32.4,17.7,12000.0,Medical,0,0
2316,33500.0,659.0,4.7,0.9,14600.0,Debt Consolidation,0,0
2317,58900.0,774.0,25.9,8.0,25300.0,Personal,0,0
2318,26400.0,674.0,11.0,0.2,22000.0,Home Improvement,0,0
2319,57400.0,791.0,11.7,6.3,24600.0,Medical,0,0
2320,92300.0,782.0,6.6,10.2,16800.0,Personal,0,0
2321,95300.0,644.0,14.9,1.0,9700.0,Auto,0,0
2322,35700.0,641.0,25.8,2.8,8600.0,Auto,0,0
2323,35400.0,480.0,24.9,11.0,23500.0,Debt Consolidation,0,1
2324,45800.0,772.0,18.9,0.4,35100.0,Home Improvement,0,0
2325,51400.0,655.0,14.7,4.5,12500.0,Auto,0,0
2326,25000.0,568.0,14.4,0.6,19400.0,Auto,0,0
2327,39700.0,562.0,10.4,1.9,16200.0,Debt Consolidation,0,1
2328,30400.0,646.0,25.5,1.1,15200.0,Debt Consolidation,0,0
2329,71500.0,712.0,23.6,9.2,17700.0,Debt Consolidation,0,0
2330,107700.0,759.0,25.1,8.4,23900.0,Auto,0,1
2331,107200.0,662.0,26.4,8.3,28800.0,Home Improvement,0,0
2332,71500.0,724.0,3.7,6.5,6100.0,Personal,0,0
2333,27900.0,782.0,5.6,5.4,7200.0,Auto,0,0
2334,53400.0,700.0,15.1,1.6,5200.0,Auto,0,0
2335,60500.0,659.0,18.2,25.6,16800.0,Personal,0,0
2336,48500.0,759.0,26.2,2.7,8300.0,Home Improvement,0,0
2337,25000.0,721.0,5.5,7.0,9500.0,Auto,0,0
2338,49000.0,623.0,17.9,0.1,21100.0,Medical,0,1
2339,33400.0,644.0,13.0,7.3,8100.0,Home Improvement,0,0
2340,97600.0,661.0,23.6,0.8,18100.0,Home Improvement,0,0
2341,89800.0,545.0,24.5,1.6,12400.0,Auto,1,0
2342,72500.0,669.0,6.0,9.3,5000.0,Medical,0,0
2343,73900.0,713.0,34.1,1.6,14600.0,Debt Consolidation,0,0
2344,125900.0,690.0,8.9,0.7,6500.0,Debt Consolidation,0,0
2345,48700.0,774.0,10.7,14.1,9700.0,Personal,0,0
2346,54500.0,703.0,7.7,4.0,18900.0,Home Improvement,0,0
2347,31300.0,699.0,4.5,0.3,8600.0,Debt Consolidation,0,0
2348,91500.0,733.0,4.5,5.4,20300.0,Home Improvement,0,0
2349,42500.0,675.0,5.5,4.5,7100.0,Debt Consolidation,1,0
2350,86900.0,634.0,39.9,5.4,13400.0,Auto,0,0
2351,36000.0,750.0,24.6,1.8,5000.0,Debt Consolidation,0,0
2352,46100.0,745.0,29.3,5.6,10400.0,Auto,0,0
2353,122900.0,603.0,10.1,0.9,12100.0,Home Improvement,0,0
2354,25000.0,627.0,8.6,6.4,5400.0,Home Improvement,0,0
2355,45100.0,587.0,23.4,0.2,18600.0,Auto,0,1
2356,38100.0,744.0,7.1,1.3,14300.0,Debt Consolidation,0,0
2357,32500.0,850.0,12.1,6.9,7800.0,Debt Consolidation,0,0
2358,28400.0,648.0,17.9,3.3,21300.0,Home Improvement,0,0
2359,47500.0,701.0,5.6,3.1,11700.0,Debt Consolidation,1,0
2360,49200.0,738.0,12.4,11.7,10800.0,Debt Consolidation,0,0
2361,62000.0,647.0,30.2,4.3,11800.0,Debt Consolidation,0,1
2362,96400.0,729.0,17.1,16.4,10200.0,Auto,0,0
2363,34900.0,594.0,14.2,3.1,11700.0,Medical,0,1
2364,28600.0,638.0,5.4,5.8,6700.0,Debt Consolidation,0,0
2365,37900.0,719.0,40.6,0.1,23700.0,Auto,0,1
2366,25400.0,751.0,9.6,0.8,13100.0,Home Improvement,0,0
2367,42900.0,794.0,25.1,0.7,18300.0,Auto,0,0
2368,37100.0,641.0,23.0,9.3,20000.0,Debt Consolidation,0,0
2369,42700.0,642.0,21.8,3.6,46900.0,Debt Consolidation,1,0
2370,67900.0,719.0,16.8,8.5,12900.0,Medical,0,0
2371,45100.0,606.0,42.4,7.5,26400.0,Personal,0,0
2372,49900.0,850.0,20.7,2.5,16900.0,Personal,0,0
2373,90100.0,755.0,19.4,3.4,13700.0,Medical,0,0
2374,31000.0,749.0,22.9,5.7,21600.0,Auto,0,0
2375,49400.0,608.0,29.8,0.7,10200.0,Auto,0,0
2376,25000.0,751.0,2.5,2.6,18500.0,Auto,0,0
2377,76200.0,807.0,41.1,1.7,27500.0,Auto,0,0
2378,38800.0,707.0,18.3,1.6,13200.0,Auto,0,0
2379,74200.0,704.0,39.2,2.4,37500.0,Debt Consolidation,0,0
2380,25000.0,763.0,20.1,1.0,11100.0,Home Improvement,0,0
2381,25000.0,786.0,23.9,3.8,7900.0,Debt Consolidation,1,0
2382,25000.0,744.0,11.6,9.1,10300.0,Auto,0,0
2383,106400.0,714.0,8.8,0.1,17600.0,Auto,0,0
2384,46900.0,570.0,4.8,4.3,23600.0,Debt Consolidation,0,1
2385,40100.0,659.0,24.4,3.5,27900.0,Home Improvement,0,0
2386,26700.0,706.0,39.7,9.5,9600.0,Home Improvement,1,0
2387,50100.0,701.0,15.8,3.7,28900.0,Auto,0,0
2388,45300.0,632.0,34.4,4.4,15000.0,Home Improvement,0,1
2389,58900.0,741.0,8.1,2.6,5000.0,Personal,0,0
2390,54800.0,729.0,16.5,4.5,5400.0,Auto,1,1
2391,52500.0,744.0,7.5,0.8,8600.0,Medical,0,0
2392,30500.0,711.0,0.5,29.2,51300.0,Home Improvement,0,0
2393,25000.0,708.0,17.8,4.1,18100.0,Debt Consolidation,0,1
2394,51900.0,850.0,15.3,0.7,6700.0,Home Improvement,0,0
2395,28800.0,549.0,12.6,9.2,40700.0,Personal,0,1
2396,45000.0,761.0,16.8,7.5,13000.0,Home Improvement,0,0
2397,39900.0,590.0,6.4,9.6,7700.0,Personal,0,0
2398,91400.0,681.0,15.7,4.2,12600.0,Auto,0,0
2399,71700.0,563.0,22.8,0.5,13200.0,Debt Consolidation,0,0
2400,25000.0,635.0,13.5,10.4,11800.0,Auto,0,1
2401,41700.0,723.0,20.9,0.4,10000.0,Personal,0,1
2402,35800.0,694.0,8.1,1.0,5300.0,Home Improvement,0,0
2403,30400.0,789.0,32.7,1.3,16500.0,Home Improvement,0,0
2404,50300.0,680.0,9.4,8.6,7600.0,Auto,0,0
2405,48000.0,650.0,16.8,0.2,10900.0,Debt Consolidation,0,1
2406,32700.0,673.0,12.6,0.1,52500.0,Auto,0,0
2407,50700.0,850.0,15.5,1.3,15600.0,Medical,0,0
2408,63500.0,647.0,20.0,3.3,10400.0,Debt Consolidation,0,0
2409,56400.0,658.0,14.0,2.6,32700.0,Home Improvement,0,0
2410,29900.0,610.0,8.6,11.6,13100.0,Auto,1,1
2411,35200.0,607.0,15.0,3.8,15000.0,Personal,0,0
2412,39900.0,686.0,16.0,1.9,14100.0,Debt Consolidation,1,1
2413,38800.0,690.0,38.3,1.2,8700.0,Debt Consolidation,0,1
2414,30100.0,734.0,9.8,1.2,5200.0,Home Improvement,0,0
2415,51200.0,805.0,8.0,1.8,20300.0,Home Improvement,1,0
2416,104500.0,732.0,15.3,2.1,10600.0,Home Improvement,0,0
2417,88900.0,723.0,33.8,11.6,7900.0,Home Improvement,0,0
2418,66700.0,725.0,17.3,2.8,16300.0,Auto,1,0
2419,29000.0,509.0,6.8,4.7,12200.0,Debt Consolidation,0,0
2420,53100.0,850.0,19.1,0.3,47700.0,Debt Consolidation,0,0
2421,73900.0,760.0,17.7,1.6,17000.0,Debt Consolidation,0,0
2422,39800.0,620.0,20.6,5.4,10100.0,Debt Consolidation,0,0
2423,52900.0,708.0,22.8,0.9,29300.0,Home Improvement,0,0
2424,49700.0,792.0,19.5,12.7,8600.0,Personal,0,0
2425,76800.0,559.0,18.6,4.9,14500.0,Medical,0,1
2426,44200.0,657.0,7.6,2.5,9400.0,Auto,0,0
2427,25100.0,604.0,1.2,0.2,23600.0,Debt Consolidation,0,0
2428,51100.0,667.0,19.7,0.8,10200.0,Debt Consolidation,0,0
2429,60500.0,693.0,9.6,5.4,7200.0,Medical,0,0
2430,38600.0,773.0,9.0,8.0,8700.0,Personal,0,0
2431,112300.0,617.0,24.0,0.1,20900.0,Personal,0,0
2432,50900.0,631.0,11.9,6.4,15400.0,Home Improvement,0,0
2433,103600.0,695.0,10.0,4.8,22300.0,Debt Consolidation,0,0
2434,28000.0,698.0,10.5,2.3,23800.0,Debt Consolidation,0,0
2435,52900.0,766.0,18.7,2.8,11200.0,Medical,0,0
2436,32000.0,576.0,14.5,2.9,23600.0,Personal,0,1
2437,25000.0,577.0,23.2,3.5,19700.0,Auto,0,0
2438,25000.0,565.0,31.8,2.7,5500.0,Auto,0,0
2439,31100.0,739.0,27.3,2.7,5500.0,Auto,0,1
2440,47100.0,724.0,1.5,0.5,10700.0,Medical,0,0
2441,123800.0,548.0,15.8,3.7,9700.0,Auto,0,0
2442,50800.0,824.0,12.1,3.8,13100.0,Medical,1,0
2443,84600.0,608.0,12.9,3.6,9000.0,Auto,0,0
2444,48900.0,692.0,10.1,0.1,8300.0,Home Improvement,0,0
2445,29400.0,592.0,8.0,3.1,19900.0,Personal,0,0
2446,39900.0,751.0,4.8,1.4,14100.0,Home Improvement,0,0
2447,40500.0,692.0,3.3,3.7,17800.0,Auto,0,0
2448,25000.0,716.0,22.0,5.8,22500.0,Medical,0,0
2449,64300.0,755.0,8.9,25.1,14100.0,Debt Consolidation,0,0
2450,45900.0,771.0,6.6,3.0,27700.0,Home Improvement,0,0
2451,83900.0,700.0,10.4,6.4,9600.0,Home Improvement,0,0
2452,81600.0,652.0,18.1,1.2,8000.0,Auto,0,0
2453,57600.0,726.0,16.4,3.2,26400.0,Auto,0,0
2454,55000.0,750.0,9.9,7.1,9600.0,Auto,0,0
2455,43700.0,617.0,18.5,2.8,19800.0,Debt Consolidation,0,0
2456,40100.0,603.0,6.9,2.9,17200.0,Medical,0,0
2457,29900.0,722.0,36.6,2.4,8800.0,Auto,1,1
2458,41100.0,743.0,18.9,2.2,41500.0,Debt Consolidation,0,0
2459,86000.0,773.0,13.1,13.1,22100.0,Personal,1,0
2460,136900.0,725.0,16.6,3.3,14700.0,Auto,0,0
2461,40600.0,626.0,28.6,0.9,24500.0,Debt Consolidation,0,1
2462,39400.0,818.0,34.4,2.7,10900.0,Auto,1,1
2463,62700.0,590.0,35.0,2.8,5000.0,Home Improvement,0,1
2464,44400.0,593.0,44.7,0.4,20900.0,Auto,0,1
2465,63800.0,695.0,15.8,5.3,17100.0,Debt Consolidation,0,0
2466,35900.0,577.0,18.9,28.2,22200.0,Personal,0,0
2467,71600.0,796.0,8.3,0.7,10000.0,Auto,0,0
2468,67700.0,715.0,10.5,2.7,14300.0,Medical,1,0
2469,57600.0,648.0,16.6,2.4,21100.0,Home Improvement,0,0
2470,25000.0,733.0,10.6,0.4,7700.0,Debt Consolidation,0,0
2471,31600.0,605.0,14.4,0.2,14200.0,Debt Consolidation,0,0
2472,60300.0,645.0,14.2,1.3,9000.0,Debt Consolidation,0,1
2473,51900.0,672.0,29.9,15.4,12800.0,Auto,0,0
2474,64700.0,580.0,16.8,4.1,14200.0,Debt Consolidation,0,0
2475,25000.0,603.0,4.4,1.1,27700.0,Medical,0,1
2476,31500.0,735.0,25.8,15.1,6900.0,Auto,0,0
2477,44100.0,667.0,26.3,6.8,16400.0,Debt Consolidation,0,0
2478,32700.0,774.0,42.2,0.6,10600.0,Auto,0,1
2479,57600.0,709.0,5.4,7.6,34000.0,Auto,1,0
2480,30300.0,664.0,33.4,5.4,11700.0,Debt Consolidation,0,1
2481,90400.0,685.0,26.6,1.6,10800.0,Debt Consolidation,0,0
2482,65900.0,732.0,5.3,10.1,5800.0,Personal,1,0
2483,37600.0,661.0,17.8,0.8,10200.0,Personal,0,1
2484,61300.0,732.0,8.6,2.0,8100.0,Auto,0,0
2485,60900.0,586.0,20.3,3.4,5000.0,Auto,0,1
2486,25000.0,768.0,7.0,0.5,21800.0,Auto,0,0
2487,29500.0,745.0,10.9,0.4,14000.0,Home Improvement,1,0
2488,111300.0,721.0,7.4,1.9,14800.0,Debt Consolidation,0,0
2489,25000.0,734.0,25.6,1.1,24400.0,Debt Consolidation,0,0
2490,25900.0,777.0,6.4,0.2,12100.0,Personal,1,0
2491,29700.0,567.0,24.9,1.6,25500.0,Auto,0,1
2492,34100.0,703.0,22.8,0.1,8800.0,Personal,0,1
2493,87800.0,617.0,12.2,5.5,5000.0,Auto,1,0
2494,25000.0,823.0,4.6,4.6,5600.0,Auto,1,0
2495,50400.0,730.0,12.7,0.6,11900.0,Debt Consolidation,0,0
2496,47700.0,765.0,22.4,2.1,5000.0,Medical,0,0
2497,43800.0,605.0,20.6,2.2,9300.0,Auto,1,1
2498,26200.0,624.0,9.3,0.3,18100.0,Auto,0,1
2499,43400.0,616.0,13.8,5.2,27600.0,Debt Consolidation,1,1
2500,26600.0,779.0,26.9,5.0,16000.0,Debt Consolidation,0,1
