txn_id,date,store_id,cust_id,items,subtotal,discount,total,payment
1,07/01/2024,11,1237.0,5.0,116.52,2.33,$114.19,Cash
2,07/01/2024,6,1321.0,13.0,120.26,12.03,$108.23,Credit
3,07/01/2024,12,1058.0,7.0,282.11,28.21,$253.90,Credit
4,07/01/2024,1,1158.0,31.0,121.72,6.09,$115.63,Cash
5,07/01/2024,10,1364.0,33.0,176.85,8.84,$168.01,debit
6,07/01/2024,4,,26.0,160.25,16.03,$144.22,credit
7,07/01/2024,7,1486.0,13.0,264.1,13.21,$250.89,Debit
8,07/01/2024,8,1398.0,7.0,94.31,1.89,$92.42,Credit
9,07/01/2024,11,1021.0,20.0,99.44,4.97,$94.47,Debit
10,07/01/2024,11,1360.0,25.0,26.02,3.9,$22.12,Debit
11,07/01/2024,12,1421.0,13.0,224.35,4.49,$219.86,Credit
12,07/01/2024,11,1167.0,34.0,96.09,1.92,$94.17,CREDIT
13,07/01/2024,12,1025.0,8.0,222.57,22.26,$200.31,Credit
14,07/01/2024,6,1262.0,13.0,82.89,12.43,$70.46,Cash
15,07/01/2024,1,1182.0,5.0,159.04,3.18,$155.86,Debit
16,07/01/2024,1,1175.0,33.0,58.62,2.93,$55.69,Debit
17,07/01/2024,5,1266.0,30.0,208.48,4.17,$204.31,CREDIT
18,07/02/2024,4,1180.0,7.0,111.41,2.23,$109.18,debit 
19,07/02/2024,1,1292.0,,271.7,40.75,$230.95,CREDIT
20,07/02/2024,2,1356.0,3.0,25.21,2.52,$22.69,Debit
21,07/02/2024,8,1070.0,7.0,143.21,7.16,$136.05,Cash
22,07/02/2024,3,1156.0,15.0,22.0,0.44,$21.56,Cash
23,07/02/2024,8,1441.0,26.0,55.82,1.12,$54.70,CREDIT
24,07/02/2024,10,1350.0,14.0,106.47,2.13,$104.34,CREDIT
25,07/02/2024,3,1304.0,19.0,156.54,23.48,$133.06,Credit
26,07/02/2024,2,1407.0,28.0,166.79,16.68,$150.11,cash 
27,07/02/2024,11,1361.0,34.0,136.74,20.51,$116.23,Credit
28,07/02/2024,12,1243.0,21.0,47.61,0.95,$46.66,debit
29,07/02/2024,8,1356.0,16.0,242.33,24.23,$218.10,debit
30,07/02/2024,10,1250.0,16.0,142.73,21.41,$121.32, Credit 
31,07/02/2024,4,1489.0,17.0,319.6,47.94,, Credit 
32,07/02/2024,10,1485.0,34.0,210.58,4.21,$206.37, Credit 
33,07/02/2024,12,1308.0,10.0,132.02,,$129.38,Debit
34,07/03/2024,11,1155.0,19.0,98.63,1.97,$96.66,credit
35,07/03/2024,1,1370.0,31.0,276.55,13.83,$262.72,DEBIT
36,07/03/2024,6,1007.0,13.0,223.35,11.17,$212.18,Credit
37,07/03/2024,3,1073.0,21.0,84.34,4.22,$80.12, Credit 
38,07/03/2024,2,1311.0,22.0,74.74,1.49,$73.25,Debit
39,07/03/2024,2,1040.0,14.0,264.94,,$238.45,Debit
40,07/03/2024,3,1494.0,4.0,145.0,7.25,$137.75,Credit
41,07/03/2024,6,1393.0,31.0,177.83,3.56,$174.27,Credit
41,07/03/2024,6,1393.0,31.0,177.83,3.56,$174.27,Credit
42,07/03/2024,10,1402.0,28.0,171.07,3.42,$167.65,credit
43,07/03/2024,1,1160.0,30.0,81.27,4.06,$77.21,Credit
44,07/03/2024,4,1181.0,22.0,190.66,28.6,$162.06,Cash
45,07/03/2024,4,1048.0,28.0,108.97,2.18,$106.79,Debit
46,07/03/2024,5,1147.0,13.0,81.88,4.09,$77.79, Debit 
47,07/03/2024,5,1221.0,9.0,241.42,4.83,$236.59,Debit
48,07/03/2024,4,1040.0,30.0,33.57,3.36,$30.21,CREDIT
49,07/03/2024,10,1299.0,8.0,247.07,4.94,$242.13,cash
50,07/03/2024,8,1332.0,14.0,57.85,5.79,$52.06,Credit
51,07/04/2024,12,1130.0,5.0,39.05,3.9,$35.15,credit 
52,07/04/2024,8,1238.0,24.0,126.52,2.53,$123.99,Debit
53,07/04/2024,2,1085.0,14.0,147.82,7.39,$140.43,Credit
54,07/04/2024,3,1087.0,22.0,153.99,15.4,$138.59,credit
55,07/04/2024,6,1100.0,33.0,89.99,,$85.49,Credit
56,07/04/2024,3,1063.0,8.0,68.45,3.42,$65.03,Credit
57,07/04/2024,12,1362.0,6.0,292.96,29.3,$263.66,Credit
58,07/04/2024,9,1497.0,16.0,22.57,0.45,$22.12,Credit
59,07/04/2024,11,1307.0,27.0,18.35,0.37,$17.98,Credit
60,07/04/2024,5,1428.0,16.0,191.08,3.82,$187.26,Credit
61,07/04/2024,10,1071.0,12.0,170.71,8.54,$162.17,Credit
62,07/04/2024,2,1111.0,23.0,139.26,13.93,$125.33,Cash
63,07/04/2024,9,1237.0,29.0,115.86,2.32,$113.54,Debit
64,07/04/2024,2,1276.0,23.0,98.06,4.9,$93.16, Credit 
65,07/04/2024,4,1042.0,28.0,127.71,6.39,$121.32,credit
66,07/04/2024,6,1037.0,10.0,48.22,0.96,$47.26, Credit 
67,07/05/2024,11,1419.0,24.0,160.22,3.2,$157.02,Cash
68,07/05/2024,6,1459.0,28.0,129.78,,$116.80, Debit 
68,07/05/2024,6,1459.0,28.0,129.78,,$116.80, Debit 
69,07/05/2024,8,1198.0,23.0,236.99,23.7,$213.29, Credit 
70,07/05/2024,4,1057.0,12.0,121.41,6.07,$115.34,Cash
71,07/05/2024,8,1417.0,24.0,118.27,11.83,$106.44,Cash
72,07/05/2024,2,1049.0,20.0,180.69,3.61,$177.08,Credit
73,07/05/2024,5,1091.0,5.0,55.61,1.11,$54.50,cash
74,07/05/2024,1,1438.0,26.0,200.71,4.01,$196.70,Credit
75,07/05/2024,9,1450.0,26.0,283.31,14.17,$269.14,credit
76,07/05/2024,9,1314.0,,197.79,9.89,$187.90,credit
77,07/05/2024,8,1258.0,25.0,147.89,7.39,$140.50, Debit 
78,07/05/2024,8,1453.0,15.0,105.4,15.81,$89.59,Credit
79,07/05/2024,1,1463.0,17.0,83.06,12.46,$70.60,Credit
80,07/05/2024,11,1186.0,5.0,100.53,15.08,$85.45,Credit
81,07/05/2024,12,1348.0,15.0,198.27,3.97,$194.30, Cash 
82,07/05/2024,9,1273.0,30.0,84.5,4.23,$80.27,Credit
83,07/06/2024,11,1099.0,32.0,98.97,4.95,$94.02,Credit
84,07/06/2024,4,1107.0,14.0,234.75,11.74,$223.01,Debit
85,07/06/2024,9,1004.0,23.0,215.22,21.52,$193.70,Credit
86,07/06/2024,3,1109.0,11.0,135.66,2.71,$132.95,Debit
87,07/06/2024,2,1435.0,19.0,130.09,6.5,$123.59,debit 
88,07/06/2024,6,1126.0,6.0,158.18,7.91,$150.27,Cash
89,07/06/2024,8,1482.0,18.0,297.66,29.77,$267.89,Credit
90,07/06/2024,7,1392.0,34.0,94.17,1.88,$92.29,Credit
91,07/06/2024,9,1470.0,5.0,67.27,3.36,$63.91,credit 
92,07/06/2024,10,1424.0,18.0,97.05,1.94,$95.11,Debit
93,07/06/2024,10,1259.0,4.0,281.06,42.16,$238.90,Debit
94,07/06/2024,9,1194.0,7.0,281.14,14.06,$267.08,Credit
95,07/06/2024,11,1170.0,30.0,357.57,53.64,$303.93,CASH
96,07/06/2024,12,1273.0,33.0,243.89,12.19,$231.70,Credit
97,07/06/2024,11,1128.0,32.0,44.77,0.9,$43.87,CASH
98,07/06/2024,2,1050.0,32.0,79.65,7.97,$71.68,Debit
99,07/06/2024,8,1400.0,17.0,201.23,4.02,$197.21, Debit 
100,07/07/2024,6,1252.0,20.0,233.74,4.67,$229.07,Cash
101,07/07/2024,2,1278.0,4.0,119.9,11.99,$107.91,Cash
102,07/07/2024,10,1404.0,28.0,164.5,3.29,$161.21,debit 
103,07/07/2024,5,1351.0,19.0,27.69,0.55,$27.14,CREDIT
104,07/07/2024,12,1039.0,16.0,30.69,1.53,$29.16, Credit 
105,07/07/2024,7,1024.0,3.0,233.98,11.7,$222.28,Debit
106,07/07/2024,2,1087.0,24.0,66.04,6.6,$59.44,Cash
107,07/07/2024,10,1056.0,15.0,222.19,4.44,$217.75,Credit
108,07/07/2024,12,1254.0,25.0,189.64,3.79,$185.85,credit
109,07/07/2024,6,1034.0,34.0,75.18,3.76,$71.42,Debit
110,07/07/2024,10,1214.0,20.0,187.31,3.75,$183.56,CREDIT
111,07/07/2024,7,1222.0,33.0,146.71,2.93,$143.78,Cash
112,07/07/2024,12,1106.0,26.0,214.28,10.71,$203.57,Credit
113,07/07/2024,1,1080.0,18.0,153.12,7.66,$145.46,credit
114,07/07/2024,4,1017.0,31.0,53.03,1.06,,Cash
115,07/07/2024,8,1337.0,10.0,45.25,0.91,$44.34,debit
116,07/08/2024,4,1461.0,10.0,65.62,3.28,$62.34,credit
117,07/08/2024,2,1126.0,7.0,38.74,1.94,$36.80,Credit
118,07/08/2024,12,1298.0,17.0,267.78,13.39,$254.39,credit
119,07/08/2024,8,1189.0,21.0,130.01,6.5,$123.51,Cash
120,07/08/2024,11,1363.0,21.0,371.08,55.66,$315.42,Debit
121,07/08/2024,7,1336.0,27.0,74.01,3.7,$70.31,Debit
122,07/08/2024,9,1360.0,,182.37,27.36,$155.01,debit 
123,07/08/2024,10,1358.0,14.0,90.64,1.81,$88.83,Cash
124,07/08/2024,10,1073.0,8.0,125.04,6.25,$118.79,Credit
125,07/08/2024,10,1107.0,5.0,203.34,10.17,$193.17,Debit
126,07/08/2024,4,1273.0,24.0,177.41,8.87,$168.54,debit
127,07/08/2024,8,1225.0,29.0,174.54,3.49,$171.05, Debit 
128,07/08/2024,3,1055.0,31.0,132.62,2.65,$129.97,debit
129,07/08/2024,11,1337.0,,169.66,3.39,$166.27,cash 
130,07/08/2024,3,1124.0,27.0,88.49,1.77,$86.72,CREDIT
131,07/08/2024,8,1410.0,29.0,46.39,0.93,$45.46,Credit
132,07/08/2024,1,1235.0,23.0,39.13,0.78,$38.35,credit
133,07/09/2024,6,1133.0,23.0,127.88,6.39,$121.49,Cash
134,07/09/2024,10,1488.0,18.0,193.78,,$189.90,Credit
135,07/09/2024,3,1179.0,10.0,184.66,9.23,$175.43,credit
136,07/09/2024,3,1219.0,30.0,71.71,1.43,$70.28,Cash
137,07/09/2024,5,1184.0,29.0,212.5,10.62,$201.88,Credit
138,07/09/2024,11,1326.0,30.0,120.62,2.41,$118.21,Credit
139,07/09/2024,1,1150.0,34.0,66.08,1.32,$64.76,Credit
140,07/09/2024,12,1434.0,25.0,22.55,1.13,$21.42,Debit
141,07/09/2024,8,1232.0,28.0,157.1,,$149.24,Cash
142,07/09/2024,3,1186.0,17.0,303.78,45.57,$258.21,Credit
143,07/09/2024,8,1019.0,33.0,49.45,4.95,$44.50,Cash
144,07/09/2024,11,1020.0,16.0,238.1,4.76,$233.34,Cash
145,07/09/2024,7,1303.0,27.0,37.19,1.86,$35.33,Cash
146,07/09/2024,2,1279.0,15.0,134.41,2.69,$131.72,Cash
147,07/09/2024,7,1453.0,11.0,355.05,53.26,$301.79,Credit
148,07/09/2024,1,1158.0,25.0,91.66,4.58,$87.08, Credit 
149,07/10/2024,4,1275.0,9.0,95.89,1.92,$93.97,Credit
150,07/10/2024,10,1235.0,7.0,228.1,4.56,$223.54,Debit
151,07/10/2024,7,1468.0,34.0,270.04,13.5,$256.54,Credit
152,07/10/2024,9,1334.0,11.0,17.03,0.34,$16.69,debit
153,07/10/2024,6,1454.0,4.0,26.46,,$23.81,CASH
154,07/10/2024,7,1273.0,23.0,274.0,13.7,$260.30,Credit
155,07/10/2024,5,1181.0,12.0,248.42,37.26,$211.16,credit
156,07/10/2024,9,1298.0,6.0,102.94,5.15,$97.79,Credit
157,07/10/2024,9,1086.0,11.0,214.09,32.11,$181.98,cash 
158,07/10/2024,5,1168.0,16.0,44.79,6.72,$38.07,CREDIT
159,07/10/2024,11,1369.0,10.0,261.53,13.08,$248.45,Credit
160,07/10/2024,9,1495.0,33.0,42.38,6.36,$36.02,Cash
161,07/10/2024,3,1438.0,25.0,243.45,4.87,$238.58, Cash 
162,07/10/2024,11,1272.0,15.0,345.86,51.88,$293.98,Cash
163,07/10/2024,1,1114.0,14.0,51.98,1.04,$50.94, Debit 
164,07/10/2024,7,1309.0,7.0,278.02,27.8,$250.22,debit
165,07/11/2024,5,1283.0,26.0,188.74,3.77,$184.97,debit
166,07/11/2024,4,1361.0,26.0,126.65,19.0,$107.65, Cash 
167,07/11/2024,9,1228.0,5.0,173.78,8.69,, Cash 
168,07/11/2024,6,1364.0,14.0,105.58,5.28,$100.30, Debit 
169,07/11/2024,3,1336.0,34.0,133.83,6.69,$127.14,Credit
170,07/11/2024,11,1139.0,27.0,102.34,2.05,$100.29,credit
171,07/11/2024,12,1059.0,12.0,197.78,19.78,$178.00,CREDIT
172,07/11/2024,7,1180.0,14.0,74.02,1.48,$72.54,Credit
173,07/11/2024,6,1293.0,3.0,33.28,0.67,$32.61,Debit
174,07/11/2024,3,1100.0,17.0,139.91,7.0,$132.91,Debit
175,07/11/2024,10,1310.0,6.0,192.83,19.28,$173.55,Credit
176,07/11/2024,11,1141.0,28.0,250.25,25.03,$225.22,Credit
177,07/11/2024,2,1499.0,32.0,142.62,2.85,$139.77,Cash
178,07/11/2024,4,1299.0,17.0,206.07,4.12,$201.95,Cash
179,07/11/2024,3,,,343.98,51.6,$292.38,credit 
180,07/11/2024,8,1040.0,26.0,74.24,7.42,$66.82,CASH
181,07/11/2024,2,1327.0,23.0,96.39,4.82,$91.57,Debit
182,07/12/2024,7,1014.0,25.0,83.61,12.54,$71.07,Credit
183,07/12/2024,8,,,49.63,2.48,$47.15,credit
184,07/12/2024,7,1126.0,27.0,75.26,3.76,$71.50,Cash
185,07/12/2024,6,1060.0,10.0,147.09,22.06,$125.03,Debit
186,07/12/2024,10,1433.0,9.0,162.02,3.24,$158.78,credit
187,07/12/2024,8,1314.0,14.0,240.28,12.01,$228.27, Credit 
188,07/12/2024,1,1342.0,9.0,178.45,3.57,$174.88,Credit
189,07/12/2024,9,1197.0,11.0,29.72,0.59,$29.13,cash 
190,07/12/2024,2,1301.0,9.0,159.48,7.97,$151.51,Credit
191,07/12/2024,3,1420.0,22.0,204.85,10.24,$194.61,Debit
192,07/12/2024,10,1130.0,32.0,285.26,28.53,$256.73,Cash
193,07/12/2024,9,1473.0,30.0,92.13,1.84,$90.29,Credit
194,07/12/2024,5,1271.0,25.0,198.47,3.97,$194.50,Credit
195,07/12/2024,11,1081.0,18.0,244.47,4.89,,Credit
195,07/12/2024,11,1081.0,18.0,244.47,4.89,,Credit
196,07/12/2024,3,1068.0,9.0,138.12,13.81,$124.31,cash 
197,07/12/2024,2,1213.0,23.0,198.09,9.9,$188.19,credit
198,07/13/2024,8,1395.0,7.0,23.85,1.19,,Cash
199,07/13/2024,4,1067.0,5.0,26.59,1.33,$25.26,cash 
200,07/13/2024,6,,25.0,176.84,3.54,$173.30,CASH
201,07/13/2024,11,1053.0,27.0,83.23,8.32,$74.91,Debit
202,07/13/2024,1,1063.0,32.0,226.33,,$215.01,Credit
203,07/13/2024,12,,19.0,301.62,45.24,$256.38,Credit
204,07/13/2024,7,1337.0,20.0,87.42,1.75,$85.67,CREDIT
205,07/13/2024,1,1340.0,15.0,259.92,25.99,$233.93,credit 
206,07/13/2024,3,1177.0,14.0,70.57,1.41,$69.16,credit 
207,07/13/2024,7,1135.0,28.0,23.01,2.3,$20.71,Credit
208,07/13/2024,9,1390.0,5.0,81.15,1.62,$79.53,Credit
209,07/13/2024,11,1401.0,20.0,80.72,1.61,$79.11,DEBIT
210,07/13/2024,3,1237.0,17.0,98.88,1.98,$96.90,credit
211,07/13/2024,11,1459.0,4.0,101.85,10.19,$91.66,Debit
212,07/13/2024,8,1068.0,32.0,297.74,29.77,$267.97,Credit
213,07/13/2024,2,1489.0,27.0,242.8,36.42,$206.38,debit 
214,07/13/2024,9,1093.0,5.0,202.73,10.14,$192.59,Credit
215,07/14/2024,12,1414.0,4.0,99.76,4.99,$94.77,Credit
216,07/14/2024,12,1481.0,5.0,154.84,3.1,$151.74,Credit
217,07/14/2024,3,1350.0,7.0,245.04,4.9,$240.14,Credit
218,07/14/2024,11,1029.0,12.0,277.79,13.89,$263.90,cash 
219,07/14/2024,4,1309.0,31.0,277.39,27.74,$249.65,Credit
220,07/14/2024,5,1406.0,9.0,147.6,2.95,$144.65,cash 
221,07/14/2024,6,1018.0,11.0,85.93,1.72,$84.21,Debit
222,07/14/2024,12,1042.0,20.0,203.91,10.2,$193.71,credit 
223,07/14/2024,12,1115.0,29.0,144.96,,$142.06,Credit
224,07/14/2024,12,1151.0,15.0,165.88,8.29,$157.59,Credit
225,07/14/2024,8,1318.0,9.0,124.49,2.49,$122.00,Credit
226,07/14/2024,9,1403.0,29.0,124.83,2.5,$122.33,credit
227,07/14/2024,6,1228.0,18.0,181.91,9.1,$172.81,debit
228,07/14/2024,12,1400.0,22.0,57.0,1.14,$55.86,Credit
229,07/14/2024,12,1176.0,23.0,186.9,3.74,$183.16,cash 
230,07/14/2024,6,1444.0,30.0,176.0,8.8,$167.20,Credit
231,07/15/2024,9,1062.0,10.0,163.85,3.28,$160.57,Cash
232,07/15/2024,10,1456.0,5.0,20.36,2.04,$18.32,Credit
233,07/15/2024,7,1249.0,13.0,223.84,4.48,$219.36,Debit
234,07/15/2024,10,1258.0,20.0,127.95,6.4,$121.55,CASH
235,07/15/2024,2,1291.0,25.0,246.67,4.93,$241.74,credit
236,07/15/2024,6,1289.0,8.0,39.62,0.79,$38.83,Credit
237,07/15/2024,10,1217.0,15.0,26.19,1.31,$24.88, Cash 
238,07/15/2024,4,1299.0,9.0,144.03,2.88,$141.15,credit
239,07/15/2024,4,1104.0,31.0,119.85,5.99,$113.86,Debit
240,07/15/2024,5,1067.0,15.0,222.9,11.15,$211.75,credit
241,07/15/2024,6,1114.0,17.0,158.56,3.17,$155.39,Cash
242,07/15/2024,3,1106.0,20.0,121.59,6.08,$115.51,debit
243,07/15/2024,11,1009.0,10.0,249.77,24.98,$224.79,Cash
244,07/15/2024,3,1210.0,17.0,305.82,30.58,$275.24,Cash
245,07/15/2024,9,1024.0,14.0,75.27,3.76,$71.51,Cash
246,07/15/2024,6,1107.0,5.0,206.02,10.3,$195.72,Cash
247,07/16/2024,8,1399.0,20.0,125.56,6.28,$119.28,Debit
248,07/16/2024,8,1004.0,5.0,58.77,5.88,$52.89,Credit
249,07/16/2024,1,1392.0,28.0,170.49,3.41,$167.08,credit
250,07/16/2024,10,1492.0,5.0,231.23,,$226.61,CREDIT
251,07/16/2024,1,1295.0,17.0,140.84,2.82,$138.02, Credit 
252,07/16/2024,9,1439.0,5.0,116.7,2.33,$114.37,CASH
253,07/16/2024,3,1233.0,5.0,170.16,17.02,$153.14,Cash
254,07/16/2024,10,1179.0,8.0,229.56,11.48,$218.08,Credit
255,07/16/2024,5,1406.0,8.0,114.11,2.28,$111.83,Credit
256,07/16/2024,2,1246.0,22.0,288.05,28.81,$259.24,Cash
257,07/16/2024,12,1217.0,18.0,177.02,8.85,$168.17, Credit 
258,07/16/2024,7,1292.0,18.0,237.32,35.6,$201.72,Credit
259,07/16/2024,9,1034.0,10.0,171.91,8.6,$163.31,Debit
260,07/16/2024,12,1130.0,10.0,159.16,15.92,$143.24,debit
261,07/16/2024,8,,29.0,119.22,17.88,$101.34,credit
262,07/16/2024,2,1067.0,17.0,68.23,3.41,$64.82,Credit
263,07/16/2024,10,1361.0,18.0,61.78,9.27,$52.51, Debit 
264,07/17/2024,5,1425.0,32.0,178.11,8.91,$169.20,Cash
265,07/17/2024,2,1321.0,17.0,144.18,,$129.76,credit 
266,07/17/2024,5,1013.0,15.0,236.23,11.81,$224.42, Debit 
267,07/17/2024,10,1242.0,24.0,110.68,2.21,$108.47,debit 
268,07/17/2024,12,1048.0,27.0,219.78,4.4,$215.38,Credit
269,07/17/2024,9,1336.0,7.0,108.55,5.43,$103.12,Cash
270,07/17/2024,11,1022.0,30.0,22.2,2.22,$19.98,Credit
271,07/17/2024,6,1119.0,16.0,46.14,6.92,$39.22,Cash
272,07/17/2024,1,1025.0,32.0,287.74,28.77,$258.97,Credit
273,07/17/2024,7,1090.0,20.0,168.13,8.41,$159.72,Credit
274,07/17/2024,4,1300.0,6.0,112.85,2.26,$110.59,cash
275,07/17/2024,12,1295.0,34.0,245.51,,$240.60,CREDIT
276,07/17/2024,7,1412.0,18.0,145.82,7.29,$138.53,credit 
277,07/17/2024,11,1209.0,15.0,245.66,12.28,$233.38,Credit
278,07/17/2024,8,1422.0,11.0,184.32,3.69,$180.63,Credit
279,07/17/2024,3,1248.0,31.0,220.07,4.4,$215.67,DEBIT
280,07/18/2024,1,1495.0,15.0,29.3,4.39,$24.91,Credit
281,07/18/2024,12,1240.0,15.0,236.59,11.83,$224.76,Cash
282,07/18/2024,9,1265.0,28.0,86.1,,$84.38,Credit
283,07/18/2024,5,1391.0,7.0,282.7,14.13,$268.57,CREDIT
284,07/18/2024,8,1426.0,3.0,24.66,2.47,$22.19,Cash
285,07/18/2024,11,1331.0,4.0,113.71,2.27,$111.44,CREDIT
286,07/18/2024,4,1423.0,26.0,272.87,,$259.23,Credit
287,07/18/2024,5,1266.0,14.0,118.9,2.38,$116.52,Cash
288,07/18/2024,8,1271.0,10.0,137.29,2.75,$134.54, Credit 
289,07/18/2024,1,1230.0,9.0,214.54,10.73,$203.81,debit 
290,07/18/2024,10,1154.0,33.0,85.75,1.72,$84.03,Credit
291,07/18/2024,6,1309.0,34.0,150.81,15.08,$135.73,Credit
292,07/18/2024,5,1436.0,32.0,168.04,3.36,$164.68,Debit
293,07/18/2024,11,1477.0,11.0,220.07,4.4,$215.67,Credit
294,07/18/2024,4,1032.0,13.0,252.72,25.27,$227.45,Debit
295,07/18/2024,3,1492.0,,190.23,3.8,$186.43,credit
296,07/19/2024,10,1225.0,7.0,100.01,2.0,$98.01, Debit 
297,07/19/2024,12,1014.0,20.0,242.13,36.32,$205.81,Credit
298,07/19/2024,2,1092.0,23.0,195.86,3.92,$191.94,credit 
299,07/19/2024,3,1032.0,14.0,257.82,,$232.04,credit
300,07/19/2024,12,1219.0,16.0,146.04,2.92,$143.12,Credit
301,07/19/2024,6,1164.0,4.0,210.24,4.2,$206.04,Credit
302,07/19/2024,3,1236.0,29.0,272.0,40.8,$231.20,Credit
303,07/19/2024,11,1268.0,20.0,254.05,12.7,$241.35, Debit 
304,07/19/2024,4,1016.0,11.0,60.02,1.2,$58.82, Credit 
305,07/19/2024,8,1090.0,20.0,124.75,6.24,$118.51,credit
306,07/19/2024,6,1463.0,34.0,286.33,42.95,$243.38,debit
307,07/19/2024,5,1035.0,22.0,228.4,11.42,$216.98,Credit
308,07/19/2024,9,1416.0,21.0,41.0,2.05,$38.95,Credit
309,07/19/2024,1,1130.0,18.0,54.33,5.43,$48.90,Credit
310,07/19/2024,3,1095.0,32.0,319.42,31.94,$287.48,debit 
311,07/19/2024,6,1298.0,29.0,71.6,3.58,$68.02,debit
312,07/19/2024,11,1371.0,18.0,221.98,33.3,$188.68,Debit
313,07/20/2024,9,1309.0,18.0,42.3,4.23,$38.07,Credit
314,07/20/2024,4,1206.0,16.0,196.96,3.94,$193.02,Debit
315,07/20/2024,8,1436.0,17.0,51.55,1.03,$50.52,Credit
316,07/20/2024,11,1355.0,26.0,79.16,1.58,$77.58,Cash
317,07/20/2024,2,1153.0,20.0,177.44,3.55,$173.89, Credit 
318,07/20/2024,9,1199.0,21.0,108.81,10.88,$97.93, Debit 
319,07/20/2024,12,1402.0,31.0,144.12,2.88,$141.24,DEBIT
320,07/20/2024,6,1181.0,26.0,40.06,6.01,$34.05,Credit
321,07/20/2024,10,1039.0,13.0,268.27,13.41,$254.86,credit
322,07/20/2024,8,1066.0,20.0,243.26,4.87,$238.39,Debit
323,07/20/2024,12,1246.0,21.0,36.13,3.61,$32.52,DEBIT
324,07/20/2024,2,1058.0,15.0,238.51,23.85,$214.66,Debit
325,07/20/2024,3,1369.0,11.0,281.39,14.07,$267.32,Credit
326,07/20/2024,12,1198.0,28.0,37.08,3.71,$33.37,CASH
327,07/20/2024,10,1453.0,24.0,222.24,,$188.90,Debit
328,07/20/2024,2,1236.0,27.0,358.82,53.82,$305.00,credit 
329,07/21/2024,9,1394.0,33.0,229.59,,$225.00,CREDIT
330,07/21/2024,5,1244.0,32.0,60.73,1.21,$59.52,Debit
331,07/21/2024,8,1242.0,29.0,142.9,2.86,$140.04,Debit
332,07/21/2024,10,1041.0,,127.5,2.55,$124.95,Credit
333,07/21/2024,5,1349.0,23.0,301.65,30.16,$271.49,Credit
334,07/21/2024,11,1319.0,22.0,27.72,1.39,$26.33,credit
335,07/21/2024,10,1436.0,25.0,126.21,2.52,$123.69,Credit
336,07/21/2024,9,1234.0,5.0,230.77,11.54,$219.23,Debit
337,07/21/2024,11,1272.0,18.0,296.33,44.45,$251.88,Credit
338,07/21/2024,1,1086.0,18.0,158.84,23.83,$135.01,debit 
339,07/21/2024,7,1188.0,23.0,19.2,0.96,$18.24, Debit 
340,07/21/2024,5,1162.0,8.0,71.6,1.43,$70.17,Debit
341,07/21/2024,1,1416.0,3.0,57.97,2.9,$55.07,debit 
342,07/21/2024,3,1457.0,,131.84,2.64,$129.20,Credit
343,07/21/2024,7,1014.0,5.0,233.97,35.1,$198.87,Credit
344,07/21/2024,4,1220.0,10.0,267.43,13.37,$254.06,Credit
345,07/21/2024,1,1395.0,9.0,31.2,1.56,$29.64,Credit
346,07/22/2024,8,1189.0,3.0,239.37,,$227.40,Cash
347,07/22/2024,5,1154.0,13.0,199.28,3.99,$195.29,credit 
348,07/22/2024,2,1104.0,10.0,261.43,13.07,$248.36, Credit 
349,07/22/2024,9,1474.0,10.0,154.5,3.09,$151.41,cash 
350,07/22/2024,12,1168.0,21.0,34.08,5.11,$28.97,CREDIT
351,07/22/2024,9,1186.0,27.0,86.84,13.03,$73.81,credit
352,07/22/2024,11,1045.0,21.0,39.04,0.78,$38.26,cash 
353,07/22/2024,3,1359.0,23.0,131.34,2.63,$128.71,Credit
354,07/22/2024,6,1249.0,22.0,75.43,1.51,$73.92, Credit 
355,07/22/2024,7,1126.0,16.0,161.14,8.06,$153.08, Cash 
356,07/22/2024,12,1216.0,12.0,24.8,0.5,$24.30,debit 
357,07/22/2024,2,1425.0,25.0,117.28,5.86,$111.42,debit
358,07/22/2024,9,1265.0,9.0,68.89,1.38,$67.51,CASH
359,07/22/2024,9,1304.0,3.0,209.52,31.43,$178.09,debit 
360,07/22/2024,11,1305.0,20.0,188.24,28.24,$160.00,credit
361,07/22/2024,6,1055.0,11.0,219.34,4.39,$214.95,debit
362,07/23/2024,8,1363.0,26.0,151.76,22.76,$129.00,Cash
363,07/23/2024,1,1492.0,30.0,165.48,3.31,$162.17,Credit
364,07/23/2024,5,1024.0,31.0,250.84,12.54,$238.30,CREDIT
365,07/23/2024,9,1049.0,4.0,139.62,2.79,$136.83,Cash
366,07/23/2024,1,1387.0,33.0,299.83,44.97,$254.86,debit 
367,07/23/2024,8,1116.0,18.0,128.34,2.57,$125.77,Credit
368,07/23/2024,10,1466.0,30.0,223.31,4.47,$218.84,Credit
369,07/23/2024,6,1054.0,3.0,88.37,1.77,$86.60, Credit 
370,07/23/2024,8,1042.0,5.0,266.33,13.32,$253.01,Credit
371,07/23/2024,4,1470.0,23.0,140.9,7.05,$133.85, Credit 
372,07/23/2024,10,1423.0,13.0,235.03,11.75,$223.28,credit
373,07/23/2024,9,1436.0,14.0,197.81,3.96,$193.85,Debit
374,07/23/2024,10,1482.0,34.0,324.22,32.42,$291.80, Cash 
375,07/23/2024,6,1277.0,18.0,165.53,8.28,$157.25, Cash 
376,07/23/2024,7,1074.0,29.0,19.68,0.39,$19.29,Debit
377,07/23/2024,11,1294.0,21.0,139.84,13.98,$125.86,Debit
378,07/24/2024,8,1321.0,31.0,106.22,10.62,$95.60,Credit
379,07/24/2024,12,1447.0,18.0,115.98,2.32,$113.66,debit
380,07/24/2024,1,,11.0,141.34,14.13,$127.21,CREDIT
381,07/24/2024,1,1003.0,18.0,71.96,1.44,$70.52,Debit
382,07/24/2024,3,1498.0,9.0,240.19,4.8,$235.39,Credit
383,07/24/2024,12,1196.0,23.0,146.53,2.93,$143.60,Credit
384,07/24/2024,7,1181.0,14.0,125.38,18.81,$106.57,credit 
385,07/24/2024,9,1309.0,12.0,242.23,24.22,,debit
386,07/24/2024,2,1321.0,33.0,249.96,25.0,$224.96,Debit
387,07/24/2024,9,1432.0,28.0,106.99,10.7,$96.29,debit 
388,07/24/2024,11,1494.0,32.0,260.66,13.03,$247.63,Credit
389,07/24/2024,5,1376.0,30.0,166.92,3.34,$163.58,debit 
390,07/24/2024,5,1167.0,17.0,195.13,,$191.23,Debit
391,07/24/2024,10,1008.0,18.0,35.64,1.78,$33.86,Credit
392,07/24/2024,11,1493.0,19.0,255.87,12.79,$243.08, Credit 
393,07/24/2024,11,1122.0,14.0,185.1,,$181.40,Cash
394,07/24/2024,9,1365.0,4.0,283.53,28.35,$255.18, Credit 
395,07/25/2024,1,1158.0,34.0,87.02,4.35,$82.67,Debit
396,07/25/2024,1,1309.0,7.0,163.92,16.39,$147.53,Credit
397,07/25/2024,5,1261.0,4.0,135.64,2.71,$132.93,Credit
398,07/25/2024,7,1377.0,11.0,69.18,3.46,,credit
399,07/25/2024,9,1305.0,31.0,55.9,8.38,$47.52,Credit
400,07/25/2024,7,1224.0,34.0,34.1,0.68,$33.42,CREDIT
400,07/25/2024,7,1224.0,34.0,34.1,0.68,$33.42,CREDIT
401,07/25/2024,6,1205.0,33.0,249.34,4.99,$244.35,cash
402,07/25/2024,8,1185.0,33.0,55.06,2.75,$52.31,Credit
403,07/25/2024,7,1004.0,34.0,242.97,24.3,$218.67,Cash
404,07/25/2024,1,1334.0,19.0,75.38,1.51,$73.87,Debit
405,07/25/2024,7,1292.0,27.0,232.89,34.93,$197.96,Debit
406,07/25/2024,10,1181.0,28.0,187.22,,$159.14,credit 
407,07/25/2024,9,1274.0,34.0,17.3,0.35,$16.95,Credit
408,07/25/2024,3,1458.0,19.0,175.44,8.77,$166.67,Credit
409,07/25/2024,11,1006.0,9.0,53.84,1.08,$52.76,Credit
410,07/25/2024,5,1254.0,20.0,148.58,2.97,$145.61,Debit
411,07/26/2024,8,1430.0,18.0,193.22,9.66,$183.56,Debit
412,07/26/2024,1,1115.0,34.0,227.16,4.54,$222.62,debit
413,07/26/2024,9,1454.0,10.0,274.96,,$247.46,Debit
414,07/26/2024,2,1057.0,23.0,234.63,11.73,$222.90,Debit
415,07/26/2024,2,1441.0,21.0,111.12,2.22,$108.90,Cash
416,07/26/2024,8,1086.0,6.0,232.86,34.93,$197.93, Credit 
417,07/26/2024,8,1168.0,29.0,300.0,45.0,$255.00,CREDIT
418,07/26/2024,3,1278.0,14.0,38.95,3.9,$35.05,Debit
419,07/26/2024,12,1048.0,31.0,83.83,1.68,$82.15,Debit
420,07/26/2024,9,1097.0,34.0,106.69,5.33,$101.36,Cash
421,07/26/2024,3,1302.0,8.0,58.88,2.94,$55.94,cash 
422,07/26/2024,1,,5.0,54.61,1.09,$53.52,Credit
423,07/26/2024,4,1216.0,18.0,162.41,3.25,$159.16,Credit
424,07/26/2024,7,1264.0,11.0,287.01,,$243.96,Cash
425,07/26/2024,3,1119.0,9.0,369.88,55.48,$314.40,credit 
426,07/26/2024,1,1464.0,28.0,24.01,,$23.53,Cash
427,07/26/2024,12,1071.0,9.0,139.55,6.98,$132.57,cash
428,07/27/2024,9,1363.0,22.0,239.4,35.91,$203.49,credit 
429,07/27/2024,11,1155.0,17.0,209.12,,$204.94,Credit
430,07/27/2024,5,1424.0,24.0,91.17,1.82,$89.35,debit 
431,07/27/2024,1,1416.0,34.0,81.25,4.06,$77.19,credit
432,07/27/2024,6,1380.0,22.0,183.68,3.67,$180.01, Debit 
433,07/27/2024,8,1442.0,7.0,29.31,1.47,$27.84,debit 
434,07/27/2024,12,1442.0,25.0,154.53,7.73,$146.80,Debit
435,07/27/2024,5,1202.0,28.0,178.09,8.9,$169.19,Credit
435,07/27/2024,5,1202.0,28.0,178.09,8.9,$169.19,Credit
436,07/27/2024,9,1401.0,12.0,128.37,2.57,$125.80,cash
437,07/27/2024,9,1186.0,17.0,228.96,34.34,$194.62,credit 
438,07/27/2024,5,1230.0,34.0,120.12,6.01,$114.11,Credit
439,07/27/2024,1,1174.0,5.0,244.01,12.2,$231.81,Debit
440,07/27/2024,4,1125.0,32.0,178.12,3.56,$174.56,Credit
441,07/27/2024,10,1473.0,,246.38,4.93,$241.45,Debit
442,07/27/2024,12,1187.0,30.0,185.4,9.27,$176.13,Debit
443,07/27/2024,8,1310.0,7.0,292.4,29.24,$263.16,Credit
444,07/28/2024,9,1322.0,31.0,268.07,26.81,$241.26,Debit
445,07/28/2024,4,1114.0,25.0,51.91,1.04,$50.87,CREDIT
446,07/28/2024,7,1447.0,4.0,217.76,4.36,$213.40,credit
447,07/28/2024,3,1145.0,23.0,172.98,8.65,$164.33,credit
448,07/28/2024,3,1464.0,28.0,127.84,2.56,$125.28,CREDIT
449,07/28/2024,8,1141.0,25.0,26.9,2.69,$24.21,cash
450,07/28/2024,10,1444.0,29.0,147.22,7.36,$139.86,credit 
451,07/28/2024,11,1467.0,19.0,158.46,3.17,$155.29,Credit
452,07/28/2024,5,1304.0,5.0,45.88,6.88,$39.00,CREDIT
453,07/28/2024,9,1429.0,8.0,155.61,15.56,$140.05,Credit
454,07/28/2024,2,1296.0,11.0,221.77,4.44,$217.33,Cash
455,07/28/2024,7,1219.0,5.0,183.73,3.67,$180.06,credit
456,07/28/2024,2,1439.0,27.0,137.04,2.74,$134.30,Debit
457,07/28/2024,6,1441.0,14.0,39.17,0.78,$38.39,Credit
458,07/28/2024,4,1037.0,24.0,155.56,3.11,$152.45, Debit 
459,07/28/2024,10,1454.0,4.0,264.21,26.42,$237.79, Credit 
460,07/29/2024,8,1492.0,4.0,79.73,1.59,$78.14,credit
461,07/29/2024,11,1257.0,14.0,92.09,4.6,$87.49,Cash
462,07/29/2024,7,1106.0,31.0,164.0,8.2,$155.80,cash
463,07/29/2024,2,1266.0,9.0,73.04,1.46,$71.58,Credit
464,07/29/2024,10,1493.0,8.0,111.42,5.57,$105.85,Credit
465,07/29/2024,7,1140.0,9.0,36.52,3.65,$32.87,credit
466,07/29/2024,2,1055.0,24.0,104.46,2.09,$102.37,credit
467,07/29/2024,3,1162.0,23.0,67.81,,$66.45,Debit
468,07/29/2024,2,1368.0,22.0,70.24,1.4,$68.84,credit 
468,07/29/2024,2,1368.0,22.0,70.24,1.4,$68.84,credit 
469,07/29/2024,3,1290.0,16.0,225.26,11.26,$214.00,Credit
470,07/29/2024,5,1332.0,26.0,278.45,27.84,$250.61,Cash
471,07/29/2024,11,1118.0,27.0,244.06,24.41,$219.65,Debit
472,07/29/2024,4,1304.0,5.0,77.61,11.64,$65.97,Debit
473,07/29/2024,8,1093.0,6.0,203.03,10.15,$192.88,Debit
474,07/29/2024,8,1014.0,15.0,269.24,40.39,$228.85,Credit
475,07/29/2024,5,1038.0,31.0,20.85,0.42,$20.43,Cash
476,07/29/2024,1,1215.0,23.0,150.06,,$142.56,credit
476,07/29/2024,1,1215.0,23.0,150.06,,$142.56,credit
477,07/30/2024,6,1253.0,16.0,37.26,0.75,$36.51,Credit
478,07/30/2024,6,1280.0,26.0,243.47,4.87,$238.60,Cash
479,07/30/2024,5,1206.0,34.0,244.72,4.89,$239.83,credit 
480,07/30/2024,6,1383.0,19.0,94.6,1.89,$92.71,Cash
481,07/30/2024,10,1376.0,16.0,195.77,3.92,$191.85,Cash
482,07/30/2024,6,1426.0,9.0,126.26,,$113.63,cash
483,07/30/2024,8,1126.0,4.0,162.72,8.14,$154.58,Debit
484,07/30/2024,8,1349.0,22.0,113.5,11.35,$102.15,Credit
485,07/30/2024,7,1038.0,33.0,178.66,3.57,$175.09,cash
486,07/30/2024,12,1237.0,9.0,30.34,0.61,$29.73,debit
487,07/30/2024,2,1204.0,16.0,217.98,4.36,$213.62,cash 
488,07/30/2024,6,1275.0,21.0,162.33,3.25,$159.08,Credit
489,07/30/2024,6,1438.0,6.0,160.95,3.22,$157.73,Credit
490,07/30/2024,6,1247.0,31.0,230.04,,$225.44,Credit
491,07/30/2024,9,1293.0,7.0,249.89,5.0,$244.89,Debit
492,07/30/2024,1,1368.0,13.0,155.71,3.11,$152.60,Credit
493,07/31/2024,11,1464.0,5.0,112.08,2.24,$109.84,cash 
494,07/31/2024,11,1102.0,16.0,62.79,1.26,$61.53,Debit
495,07/31/2024,9,1421.0,14.0,107.23,2.14,$105.09,Credit
496,07/31/2024,9,1333.0,5.0,157.05,3.14,$153.91,CREDIT
497,07/31/2024,5,1254.0,28.0,121.09,2.42,$118.67,Debit
498,07/31/2024,4,1380.0,18.0,114.34,2.29,$112.05,Credit
499,07/31/2024,6,1046.0,9.0,174.21,3.48,$170.73,Debit
500,07/31/2024,2,1354.0,5.0,142.73,21.41,$121.32,Debit
501,07/31/2024,6,1146.0,8.0,109.79,2.2,$107.59,Debit
502,07/31/2024,2,1420.0,24.0,274.6,13.73,$260.87,debit 
503,07/31/2024,1,1151.0,13.0,202.79,10.14,$192.65,credit
504,07/31/2024,8,1477.0,14.0,57.69,1.15,$56.54,Debit
505,07/31/2024,6,1113.0,25.0,249.02,4.98,$244.04,debit
506,07/31/2024,1,,25.0,20.87,0.42,$20.45,Credit
507,07/31/2024,4,1161.0,26.0,235.26,,$230.55,CASH
508,07/31/2024,12,1059.0,13.0,156.13,15.61,$140.52,CREDIT
509,07/31/2024,5,1236.0,27.0,199.5,29.92,$169.58,credit
510,08/01/2024,12,,18.0,190.82,28.62,$162.20, Credit 
511,08/01/2024,4,1235.0,21.0,230.29,4.61,$225.68,Credit
512,08/01/2024,12,1288.0,16.0,98.29,4.91,$93.38,Debit
512,08/01/2024,12,1288.0,16.0,98.29,4.91,$93.38,Debit
513,08/01/2024,6,1470.0,14.0,124.66,,$118.43,Credit
514,08/01/2024,2,1051.0,22.0,63.73,1.27,$62.46,Credit
515,08/01/2024,11,1443.0,32.0,89.46,4.47,$84.99,Cash
516,08/01/2024,4,1086.0,21.0,271.98,40.8,$231.18,cash
517,08/01/2024,5,1367.0,22.0,186.56,9.33,$177.23,Credit
518,08/01/2024,2,1281.0,7.0,191.49,3.83,$187.66,CREDIT
519,08/01/2024,3,1035.0,23.0,92.75,4.64,$88.11,Debit
520,08/01/2024,5,1034.0,11.0,122.76,6.14,$116.62,Debit
521,08/01/2024,4,1251.0,26.0,291.49,29.15,$262.34,CREDIT
522,08/01/2024,1,1485.0,13.0,198.93,3.98,$194.95,credit
523,08/01/2024,4,1304.0,17.0,281.04,42.16,$238.88,Debit
524,08/01/2024,3,1075.0,10.0,204.99,10.25,$194.74,Credit
525,08/01/2024,1,1495.0,21.0,95.48,14.32,$81.16,Cash
526,08/02/2024,1,1426.0,14.0,135.37,13.54,$121.83,Cash
527,08/02/2024,7,1263.0,28.0,109.99,5.5,$104.49,DEBIT
528,08/02/2024,1,1004.0,26.0,68.46,6.85,$61.61,Cash
529,08/02/2024,10,1180.0,11.0,61.95,1.24,$60.71,Cash
530,08/02/2024,8,1039.0,13.0,124.25,6.21,$118.04,Credit
531,08/02/2024,1,1310.0,34.0,161.51,16.15,$145.36,credit
532,08/02/2024,5,1324.0,13.0,238.22,23.82,$214.40,Debit
533,08/02/2024,8,1357.0,30.0,143.97,7.2,$136.77,Cash
534,08/02/2024,5,1365.0,10.0,264.04,26.4,$237.64,Debit
535,08/02/2024,4,1496.0,22.0,53.09,,$47.78,DEBIT
536,08/02/2024,5,1234.0,3.0,276.68,13.83,$262.85, Debit 
537,08/02/2024,2,1196.0,22.0,74.53,1.49,$73.04,Debit
538,08/02/2024,5,1170.0,24.0,88.05,13.21,$74.84,Debit
539,08/02/2024,2,1088.0,24.0,127.45,6.37,$121.08,Credit
540,08/02/2024,4,1059.0,3.0,35.2,3.52,$31.68,Cash
541,08/02/2024,3,1330.0,,49.49,0.99,$48.50,Credit
542,08/03/2024,12,1158.0,22.0,212.6,10.63,$201.97,Debit
543,08/03/2024,5,1340.0,19.0,173.65,17.37,$156.28, Credit 
544,08/03/2024,10,1262.0,33.0,27.42,4.11,$23.31,Credit
545,08/03/2024,8,1359.0,27.0,37.53,0.75,$36.78,Credit
546,08/03/2024,1,1246.0,30.0,175.28,17.53,$157.75,Credit
547,08/03/2024,10,1131.0,32.0,180.01,3.6,$176.41, Debit 
548,08/03/2024,8,1097.0,9.0,160.71,8.04,$152.67,credit 
549,08/03/2024,7,1470.0,33.0,62.02,3.1,$58.92,Credit
550,08/03/2024,9,1050.0,6.0,106.78,10.68,$96.10,Debit
551,08/03/2024,11,1068.0,30.0,293.24,29.32,$263.92,debit
552,08/03/2024,10,1012.0,34.0,130.62,2.61,$128.01,Cash
553,08/03/2024,9,1385.0,27.0,128.05,2.56,$125.49,Debit
554,08/03/2024,7,1136.0,3.0,134.95,6.75,$128.20,Cash
555,08/03/2024,3,1262.0,31.0,267.94,40.19,$227.75,Debit
556,08/03/2024,3,1287.0,17.0,99.24,9.92,$89.32,credit
557,08/03/2024,7,1282.0,4.0,16.93,0.34,, Credit 
558,08/03/2024,2,1114.0,13.0,223.09,4.46,$218.63,Credit
559,08/04/2024,8,1210.0,3.0,62.0,6.2,$55.80,credit 
560,08/04/2024,4,1185.0,15.0,267.9,13.39,$254.51,CASH
561,08/04/2024,1,1278.0,24.0,257.5,25.75,$231.75,credit 
562,08/04/2024,3,1460.0,8.0,121.43,12.14,$109.29,Credit
563,08/04/2024,4,1393.0,5.0,200.68,4.01,$196.67,credit 
564,08/04/2024,2,1076.0,9.0,156.32,3.13,$153.19,credit
565,08/04/2024,5,1391.0,11.0,27.11,1.36,$25.75,CREDIT
566,08/04/2024,3,1403.0,22.0,50.89,1.02,$49.87,credit
567,08/04/2024,9,1238.0,3.0,178.32,3.57,$174.75,CASH
568,08/04/2024,6,1281.0,6.0,103.4,2.07,$101.33,Debit
569,08/04/2024,11,1098.0,27.0,139.74,13.97,$125.77,cash
570,08/04/2024,8,1238.0,19.0,147.15,2.94,$144.21,credit 
571,08/04/2024,12,1158.0,5.0,48.76,2.44,$46.32,Debit
572,08/04/2024,10,1434.0,7.0,122.62,6.13,$116.49,credit 
573,08/04/2024,1,1265.0,24.0,164.96,3.3,$161.66,CREDIT
574,08/04/2024,8,1181.0,21.0,186.92,28.04,$158.88,Credit
575,08/05/2024,2,1404.0,5.0,145.08,2.9,$142.18,credit
576,08/05/2024,4,1489.0,9.0,122.38,18.36,$104.02,Credit
577,08/05/2024,2,1284.0,7.0,238.8,11.94,$226.86,cash
578,08/05/2024,6,1220.0,21.0,275.95,13.8,$262.15,DEBIT
579,08/05/2024,12,1014.0,20.0,95.04,14.26,$80.78,debit 
580,08/05/2024,11,1014.0,26.0,222.21,33.33,$188.88,Debit
581,08/05/2024,10,1125.0,12.0,121.36,2.43,$118.93,Debit
582,08/05/2024,7,1324.0,21.0,236.38,23.64,$212.74,Debit
583,08/05/2024,10,1004.0,34.0,134.33,13.43,$120.90,Credit
584,08/05/2024,9,1199.0,13.0,192.19,19.22,$172.97,Debit
585,08/05/2024,9,1288.0,5.0,284.35,14.22,$270.13,credit
586,08/05/2024,12,1341.0,31.0,179.79,3.6,$176.19,Credit
587,08/05/2024,12,1103.0,32.0,110.97,2.22,$108.75,Credit
588,08/05/2024,6,1092.0,12.0,245.34,4.91,$240.43,Credit
589,08/05/2024,6,1100.0,30.0,61.87,3.09,$58.78,Debit
590,08/05/2024,10,1384.0,12.0,205.56,,$195.28,Debit
591,08/06/2024,3,1126.0,21.0,120.88,6.04,$114.84,Credit
592,08/06/2024,4,1477.0,10.0,108.64,2.17,$106.47,Credit
593,08/06/2024,9,1071.0,32.0,181.64,9.08,$172.56,Debit
594,08/06/2024,6,1159.0,30.0,227.91,11.4,$216.51,credit
595,08/06/2024,9,1288.0,28.0,191.44,9.57,$181.87, Credit 
596,08/06/2024,2,1363.0,3.0,336.5,50.48,$286.02,credit
597,08/06/2024,1,1203.0,13.0,149.25,2.98,$146.27,credit
598,08/06/2024,8,1221.0,26.0,107.53,2.15,$105.38,Credit
599,08/06/2024,11,1431.0,28.0,120.84,2.42,$118.42,Debit
600,08/06/2024,9,1279.0,33.0,226.44,4.53,$221.91,Credit
601,08/06/2024,9,1259.0,31.0,162.03,24.3,$137.73,Credit
602,08/06/2024,2,1063.0,29.0,282.97,14.15,$268.82,Debit
603,08/06/2024,9,1370.0,31.0,149.76,7.49,$142.27,CREDIT
604,08/06/2024,5,1053.0,10.0,244.5,24.45,$220.05,Debit
605,08/06/2024,4,1152.0,19.0,88.22,4.41,$83.81,Debit
606,08/06/2024,2,1323.0,28.0,115.86,2.32,$113.54, Credit 
607,08/06/2024,2,1213.0,23.0,175.66,,$166.88,Cash
608,08/07/2024,6,1386.0,23.0,211.82,10.59,$201.23,cash 
609,08/07/2024,4,1235.0,25.0,50.38,,$49.37,Credit
610,08/07/2024,10,1228.0,7.0,277.46,13.87,$263.59,Credit
611,08/07/2024,3,1363.0,9.0,334.24,50.14,$284.10,debit 
612,08/07/2024,2,1461.0,5.0,180.76,9.04,$171.72,CREDIT
613,08/07/2024,11,1261.0,24.0,35.82,0.72,$35.10,Debit
614,08/07/2024,11,,33.0,313.62,47.04,$266.58,Credit
615,08/07/2024,10,1495.0,15.0,62.54,,$53.16,cash
616,08/07/2024,5,1498.0,8.0,192.69,3.85,$188.84,Cash
617,08/07/2024,5,1068.0,6.0,27.36,2.74,$24.62,Credit
618,08/07/2024,5,1340.0,11.0,301.0,30.1,$270.90,Debit
619,08/07/2024,4,1488.0,30.0,59.92,1.2,$58.72,CASH
620,08/07/2024,4,1320.0,10.0,297.86,29.79,$268.07,DEBIT
620,08/07/2024,4,1320.0,10.0,297.86,29.79,$268.07,DEBIT
621,08/07/2024,11,1266.0,28.0,225.31,4.51,$220.80, Debit 
622,08/07/2024,8,1257.0,25.0,275.6,13.78,$261.82,Cash
623,08/07/2024,6,1354.0,21.0,216.72,32.51,$184.21,credit
624,08/08/2024,5,1349.0,6.0,286.91,28.69,,Credit
625,08/08/2024,1,1201.0,26.0,211.55,4.23,$207.32,Credit
626,08/08/2024,5,1405.0,34.0,247.98,4.96,$243.02,Debit
627,08/08/2024,10,1065.0,22.0,159.07,7.95,$151.12,Cash
628,08/08/2024,6,1056.0,14.0,201.73,4.03,$197.70,Credit
629,08/08/2024,9,1166.0,27.0,203.86,10.19,$193.67,cash 
630,08/08/2024,10,1464.0,29.0,218.06,4.36,$213.70,debit
631,08/08/2024,8,1435.0,28.0,258.77,12.94,$245.83,Cash
632,08/08/2024,7,1133.0,32.0,31.69,,$30.11,Credit
633,08/08/2024,4,1101.0,31.0,197.01,9.85,$187.16,Credit
634,08/08/2024,11,1463.0,10.0,372.8,55.92,$316.88,debit
635,08/08/2024,2,1264.0,4.0,129.27,19.39,$109.88,Debit
636,08/08/2024,6,1396.0,10.0,228.04,11.4,$216.64,Credit
637,08/08/2024,7,1107.0,25.0,148.59,7.43,$141.16,Cash
638,08/08/2024,4,1259.0,12.0,102.94,15.44,$87.50,Debit
639,08/08/2024,10,1053.0,3.0,299.29,29.93,$269.36,Debit
640,08/08/2024,3,1370.0,16.0,282.01,14.1,$267.91,credit 
641,08/09/2024,9,1340.0,3.0,135.41,13.54,$121.87,CREDIT
642,08/09/2024,10,1056.0,28.0,25.36,,$24.85,Credit
643,08/09/2024,3,1387.0,7.0,133.47,20.02,$113.45, Credit 
644,08/09/2024,3,1329.0,29.0,209.38,,$198.91,cash 
645,08/09/2024,10,1500.0,29.0,111.54,5.58,$105.96,Credit
646,08/09/2024,12,1371.0,14.0,303.96,45.59,$258.37,Credit
647,08/09/2024,6,1286.0,20.0,90.74,1.81,$88.93,cash
648,08/09/2024,8,1032.0,21.0,286.9,28.69,$258.21,Credit
649,08/09/2024,5,1222.0,27.0,68.23,1.36,$66.87,credit
650,08/09/2024,6,1430.0,26.0,24.75,1.24,$23.51, Credit 
651,08/09/2024,2,1358.0,29.0,212.15,4.24,$207.91,Debit
652,08/09/2024,1,1075.0,14.0,95.84,4.79,$91.05,DEBIT
653,08/09/2024,5,1161.0,32.0,84.17,1.68,$82.49,Cash
654,08/09/2024,7,1207.0,32.0,161.54,8.08,$153.46,cash
655,08/09/2024,10,1095.0,28.0,278.62,27.86,$250.76,Credit
656,08/09/2024,3,1370.0,30.0,253.9,12.7,$241.20,credit
657,08/10/2024,6,1399.0,23.0,141.78,7.09,$134.69,credit 
658,08/10/2024,9,1273.0,3.0,252.01,12.6,$239.41,cash
659,08/10/2024,5,1267.0,21.0,91.69,1.83,$89.86,Credit
660,08/10/2024,1,1460.0,22.0,45.04,4.5,$40.54,credit
661,08/10/2024,2,1133.0,25.0,147.3,7.37,$139.93,CASH
662,08/10/2024,8,1401.0,23.0,101.4,,$99.37,Debit
663,08/10/2024,12,1268.0,11.0,104.32,5.22,$99.10,Credit
664,08/10/2024,3,,10.0,235.15,4.7,$230.45,DEBIT
665,08/10/2024,6,1108.0,14.0,181.91,9.1,$172.81,cash
666,08/10/2024,7,1429.0,17.0,252.2,25.22,$226.98,Credit
667,08/10/2024,1,1481.0,34.0,247.01,4.94,$242.07,cash
668,08/10/2024,6,1400.0,24.0,147.9,2.96,$144.94,CREDIT
669,08/10/2024,8,1247.0,3.0,165.22,3.3,$161.92, Credit 
670,08/10/2024,5,1182.0,11.0,172.35,3.45,$168.90,Cash
671,08/10/2024,3,1299.0,20.0,51.82,1.04,$50.78,Credit
672,08/10/2024,5,1316.0,27.0,85.69,1.71,$83.98,Credit
673,08/11/2024,2,1287.0,5.0,155.44,15.54,$139.90, Debit 
674,08/11/2024,6,1107.0,21.0,120.24,6.01,,debit
675,08/11/2024,12,1215.0,31.0,246.43,12.32,$234.11,credit 
676,08/11/2024,8,1035.0,8.0,74.84,,$71.10,Debit
677,08/11/2024,4,1300.0,32.0,95.8,1.92,$93.88,Cash
678,08/11/2024,7,1369.0,17.0,240.63,12.03,$228.60, Credit 
679,08/11/2024,5,1233.0,9.0,244.88,24.49,$220.39,credit
680,08/11/2024,12,1204.0,33.0,58.74,1.17,$57.57,Cash
681,08/11/2024,5,1035.0,11.0,273.08,13.65,$259.43,credit 
682,08/11/2024,11,1416.0,26.0,34.18,1.71,$32.47,Credit
683,08/11/2024,1,1449.0,32.0,230.84,4.62,$226.22,Credit
684,08/11/2024,1,1126.0,30.0,119.54,5.98,$113.56,Credit
685,08/11/2024,5,1181.0,11.0,56.14,8.42,$47.72,Debit
686,08/11/2024,10,1132.0,21.0,151.67,7.58,$144.09,cash
687,08/11/2024,12,,33.0,90.64,1.81,$88.83,Credit
688,08/11/2024,8,1360.0,5.0,26.02,3.9,$22.12,debit
689,08/11/2024,5,1215.0,29.0,93.01,4.65,$88.36,Debit
690,08/12/2024,2,1316.0,32.0,112.28,2.25,$110.03,cash
691,08/12/2024,5,1488.0,14.0,218.39,4.37,$214.02, Debit 
692,08/12/2024,9,1499.0,32.0,175.29,3.51,$171.78,Credit
693,08/12/2024,6,1108.0,26.0,215.84,10.79,$205.05,Debit
694,08/12/2024,12,1405.0,29.0,231.31,4.63,$226.68,Debit
695,08/12/2024,5,1211.0,10.0,49.32,0.99,$48.33,DEBIT
696,08/12/2024,9,1209.0,16.0,157.61,7.88,$149.73,cash
697,08/12/2024,2,1181.0,15.0,236.07,35.41,$200.66,CREDIT
698,08/12/2024,11,1389.0,26.0,214.6,10.73,$203.87,Cash
699,08/12/2024,2,1141.0,24.0,48.39,4.84,$43.55,credit
700,08/12/2024,3,1041.0,22.0,227.91,4.56,$223.35,Credit
701,08/12/2024,12,1016.0,19.0,128.35,2.57,$125.78, Debit 
702,08/12/2024,6,1063.0,5.0,129.79,6.49,$123.30,CREDIT
703,08/12/2024,2,1461.0,18.0,42.9,2.15,$40.75,Credit
704,08/12/2024,12,1144.0,26.0,94.82,1.9,$92.92, Debit 
705,08/12/2024,1,1147.0,29.0,250.52,12.53,$237.99,credit
706,08/13/2024,3,,4.0,151.0,3.02,$147.98,Cash
707,08/13/2024,1,1217.0,13.0,21.61,1.08,$20.53,Debit
708,08/13/2024,12,1276.0,31.0,135.56,,$128.78, Credit 
709,08/13/2024,8,1069.0,33.0,260.62,,,Cash
710,08/13/2024,1,1061.0,15.0,200.94,10.05,$190.89,cash
711,08/13/2024,9,1484.0,18.0,176.22,,$158.60,cash 
712,08/13/2024,4,1440.0,26.0,165.18,3.3,$161.88,Credit
713,08/13/2024,12,1042.0,27.0,280.01,14.0,$266.01,Debit
714,08/13/2024,4,1004.0,17.0,68.65,6.87,$61.78,Credit
715,08/13/2024,3,1239.0,3.0,127.49,,$121.12,Credit
716,08/13/2024,3,1232.0,17.0,187.69,9.38,$178.31,Debit
717,08/13/2024,7,1057.0,19.0,165.51,8.28,$157.23,Credit
718,08/13/2024,10,1264.0,33.0,36.75,5.51,$31.24,cash
719,08/13/2024,3,1114.0,14.0,139.15,2.78,$136.37,Credit
720,08/13/2024,12,1344.0,34.0,90.48,9.05,$81.43,Cash
721,08/13/2024,4,1138.0,13.0,28.35,0.57,$27.78,Cash
722,08/13/2024,12,1250.0,4.0,237.02,35.55,$201.47,CASH
723,08/14/2024,1,1431.0,4.0,122.74,,$120.29,credit
724,08/14/2024,7,1376.0,19.0,116.23,2.32,$113.91,credit 
725,08/14/2024,11,1147.0,3.0,266.91,13.35,$253.56,Cash
726,08/14/2024,10,1232.0,11.0,216.61,10.83,$205.78,Credit
727,08/14/2024,4,1176.0,12.0,233.57,4.67,$228.90,Credit
728,08/14/2024,9,1457.0,16.0,155.29,3.11,$152.18,Credit
729,08/14/2024,2,1461.0,8.0,247.97,,$235.57, Cash 
729,08/14/2024,2,1461.0,8.0,247.97,,$235.57, Cash 
730,08/14/2024,3,1061.0,24.0,251.47,12.57,$238.90,debit
731,08/14/2024,7,1318.0,32.0,204.9,4.1,$200.80,DEBIT
732,08/14/2024,3,1118.0,3.0,218.82,21.88,$196.94,credit 
733,08/14/2024,1,1432.0,27.0,69.03,6.9,$62.13,Debit
734,08/14/2024,12,1095.0,19.0,292.1,29.21,$262.89, Cash 
735,08/14/2024,10,1021.0,24.0,226.57,,$215.24, Credit 
736,08/14/2024,6,1045.0,30.0,88.9,1.78,$87.12,cash
737,08/14/2024,5,1276.0,6.0,137.67,6.88,$130.79,Credit
738,08/14/2024,5,1387.0,28.0,291.03,43.65,$247.38,CREDIT
739,08/15/2024,11,1389.0,20.0,84.38,4.22,$80.16,Cash
740,08/15/2024,9,1292.0,30.0,310.58,46.59,$263.99,debit 
741,08/15/2024,7,1318.0,7.0,115.38,2.31,$113.07,Debit
742,08/15/2024,8,1451.0,29.0,69.76,3.49,$66.27,credit 
743,08/15/2024,8,1460.0,4.0,268.58,26.86,$241.72,Debit
744,08/15/2024,9,1055.0,13.0,94.74,1.89,$92.85,Credit
745,08/15/2024,12,1491.0,12.0,57.7,1.15,$56.55,Cash
745,08/15/2024,12,1491.0,12.0,57.7,1.15,$56.55,Cash
746,08/15/2024,10,1415.0,29.0,279.67,13.98,$265.69,credit 
747,08/15/2024,9,1141.0,17.0,143.49,14.35,$129.14,Debit
748,08/15/2024,10,1056.0,26.0,150.05,3.0,$147.05, Credit 
749,08/15/2024,10,1304.0,19.0,222.57,33.39,$189.18,debit
750,08/15/2024,12,1364.0,13.0,275.93,13.8,$262.13,CREDIT
751,08/15/2024,12,1097.0,10.0,227.94,11.4,$216.54,credit
752,08/15/2024,8,1263.0,13.0,145.2,7.26,$137.94,Credit
753,08/15/2024,5,1366.0,7.0,22.3,0.45,$21.85,Credit
754,08/15/2024,3,1303.0,31.0,200.9,10.05,$190.85,Debit
755,08/16/2024,8,1291.0,26.0,83.9,1.68,$82.22,Credit
756,08/16/2024,11,1317.0,24.0,209.48,10.47,$199.01,Credit
757,08/16/2024,10,1253.0,25.0,58.72,1.17,$57.55,CREDIT
758,08/16/2024,12,1425.0,5.0,214.1,,$203.39,Debit
759,08/16/2024,7,1033.0,22.0,117.73,5.89,$111.84,Credit
760,08/16/2024,7,1089.0,6.0,16.41,0.33,$16.08,CREDIT
761,08/16/2024,6,1262.0,12.0,241.09,36.16,$204.93,CREDIT
762,08/16/2024,2,1352.0,18.0,130.63,2.61,$128.02,Debit
763,08/16/2024,3,1287.0,28.0,150.4,15.04,$135.36,credit 
764,08/16/2024,10,1423.0,30.0,49.59,2.48,$47.11,Credit
765,08/16/2024,10,1273.0,33.0,52.27,2.61,$49.66, Cash 
766,08/16/2024,9,1489.0,12.0,134.68,20.2,$114.48,Debit
767,08/16/2024,3,1482.0,34.0,196.64,19.66,$176.98,Debit
768,08/16/2024,8,1332.0,23.0,315.24,31.52,$283.72,Debit
769,08/16/2024,10,1179.0,10.0,37.95,1.9,$36.05,credit
770,08/16/2024,11,1052.0,26.0,227.71,,$223.16,Cash
771,08/16/2024,1,1456.0,7.0,235.78,23.58,$212.20,Debit
772,08/17/2024,9,1042.0,24.0,209.99,10.5,$199.49,Debit
773,08/17/2024,7,1357.0,20.0,66.91,3.35,$63.56,Cash
774,08/17/2024,8,1241.0,10.0,112.43,2.25,$110.18,Debit
775,08/17/2024,1,1120.0,25.0,231.37,4.63,$226.74,Credit
776,08/17/2024,6,1229.0,18.0,96.63,1.93,$94.70,Debit
777,08/17/2024,11,1439.0,20.0,147.19,2.94,$144.25,debit 
778,08/17/2024,5,1429.0,20.0,294.38,29.44,$264.94,credit
779,08/17/2024,11,1226.0,7.0,216.82,4.34,$212.48,debit 
780,08/17/2024,5,1048.0,3.0,177.78,3.56,$174.22,Debit
781,08/17/2024,9,1059.0,9.0,275.98,,$248.38,credit
782,08/17/2024,12,1353.0,7.0,66.17,1.32,$64.85,Debit
783,08/17/2024,6,1175.0,23.0,210.66,,$200.13,Credit
784,08/17/2024,12,1168.0,32.0,328.83,49.32,$279.51,Debit
785,08/17/2024,7,1186.0,17.0,137.1,20.56,$116.54,Credit
786,08/17/2024,5,1286.0,12.0,235.06,4.7,$230.36,CREDIT
787,08/17/2024,1,1481.0,28.0,240.22,4.8,$235.42,Credit
788,08/18/2024,3,1225.0,34.0,162.68,,$159.43,Cash
789,08/18/2024,8,1324.0,23.0,206.34,20.63,$185.71,credit 
790,08/18/2024,7,1206.0,8.0,69.73,1.39,$68.34,CASH
791,08/18/2024,2,1098.0,34.0,211.25,,$190.13,credit 
792,08/18/2024,5,1041.0,10.0,222.76,4.46,$218.30,Credit
793,08/18/2024,8,,12.0,175.97,8.8,$167.17,debit 
794,08/18/2024,6,1032.0,26.0,197.2,19.72,$177.48,Cash
795,08/18/2024,5,1008.0,11.0,119.8,,$113.81,credit 
796,08/18/2024,9,1043.0,27.0,208.78,10.44,$198.34,cash
796,08/18/2024,9,1043.0,27.0,208.78,10.44,$198.34,cash
797,08/18/2024,8,1357.0,18.0,230.51,,$218.98,Debit
798,08/18/2024,2,1468.0,23.0,229.56,11.48,$218.08,Credit
799,08/18/2024,1,1422.0,8.0,211.67,4.23,$207.44,CREDIT
800,08/18/2024,3,1032.0,7.0,199.19,19.92,$179.27,Debit
801,08/18/2024,12,1444.0,27.0,84.87,4.24,$80.63,Credit
801,08/18/2024,12,1444.0,27.0,84.87,4.24,$80.63,Credit
802,08/18/2024,11,1005.0,6.0,239.4,4.79,$234.61,credit 
803,08/18/2024,2,1349.0,10.0,187.1,18.71,$168.39,Credit
804,08/18/2024,11,,28.0,43.57,2.18,$41.39,Credit
805,08/19/2024,5,1347.0,8.0,209.39,4.19,$205.20,credit
806,08/19/2024,1,1496.0,12.0,290.71,,$261.64, Credit 
807,08/19/2024,5,1056.0,5.0,170.63,3.41,$167.22,debit
808,08/19/2024,4,1164.0,32.0,27.08,0.54,$26.54,CREDIT
809,08/19/2024,1,1213.0,24.0,260.61,13.03,$247.58,credit 
810,08/19/2024,12,1286.0,11.0,58.07,1.16,$56.91, Credit 
811,08/19/2024,10,1330.0,7.0,213.95,4.28,$209.67, Cash 
812,08/19/2024,1,1090.0,30.0,247.18,12.36,$234.82,Credit
813,08/19/2024,9,1414.0,28.0,119.55,5.98,$113.57,Debit
814,08/19/2024,4,1375.0,25.0,50.07,2.5,$47.57,Debit
815,08/19/2024,12,1353.0,28.0,112.93,2.26,$110.67,cash 
816,08/19/2024,11,1304.0,3.0,275.9,,$234.52,credit
817,08/19/2024,5,1083.0,15.0,130.3,2.61,$127.69,debit 
818,08/19/2024,8,1024.0,24.0,55.6,2.78,$52.82,Credit
819,08/19/2024,3,1341.0,9.0,237.68,4.75,$232.93,Credit
820,08/19/2024,9,1056.0,16.0,160.08,3.2,$156.88,Credit
821,08/20/2024,4,1289.0,19.0,135.19,2.7,$132.49,Debit
822,08/20/2024,7,1203.0,6.0,240.6,4.81,$235.79,Credit
823,08/20/2024,12,1278.0,10.0,64.99,6.5,$58.49,Cash
824,08/20/2024,6,1086.0,21.0,329.68,49.45,$280.23,credit
825,08/20/2024,11,1360.0,18.0,28.26,4.24,$24.02,Cash
826,08/20/2024,1,1354.0,13.0,53.37,8.01,$45.36,credit 
827,08/20/2024,9,1472.0,6.0,164.84,8.24,$156.60,credit 
828,08/20/2024,5,1102.0,22.0,91.38,1.83,$89.55,Debit
829,08/20/2024,3,1454.0,12.0,271.84,27.18,$244.66,Credit
830,08/20/2024,11,1264.0,4.0,52.05,7.81,$44.24,Credit
831,08/20/2024,9,1340.0,27.0,85.98,8.6,,credit
832,08/20/2024,8,1073.0,15.0,229.9,11.5,$218.40,CREDIT
833,08/20/2024,5,1322.0,10.0,312.92,31.29,$281.63, Credit 
834,08/20/2024,2,1446.0,14.0,39.68,0.79,$38.89,Credit
835,08/20/2024,4,1346.0,29.0,40.69,0.81,$39.88, Debit 
836,08/20/2024,2,1276.0,23.0,206.63,10.33,$196.30,Credit
837,08/21/2024,9,1240.0,6.0,268.47,,$255.05,Debit
838,08/21/2024,2,1181.0,27.0,174.45,26.17,$148.28,credit 
839,08/21/2024,10,1341.0,22.0,81.07,1.62,$79.45,Credit
840,08/21/2024,5,1464.0,10.0,225.98,4.52,$221.46,Cash
841,08/21/2024,7,1214.0,23.0,141.04,2.82,$138.22,Cash
842,08/21/2024,6,1405.0,17.0,170.31,3.41,$166.90,Credit
843,08/21/2024,3,1233.0,21.0,179.09,17.91,$161.18,debit
844,08/21/2024,10,1256.0,14.0,97.17,1.94,$95.23, Credit 
845,08/21/2024,9,1242.0,7.0,65.62,1.31,$64.31,Debit
846,08/21/2024,12,1407.0,32.0,55.87,5.59,$50.28,Credit
847,08/21/2024,1,1433.0,6.0,197.17,3.94,$193.23, Cash 
848,08/21/2024,4,1477.0,28.0,178.87,3.58,$175.29,credit
849,08/21/2024,7,1059.0,34.0,21.8,2.18,$19.62, Credit 
850,08/21/2024,1,1269.0,3.0,249.11,4.98,$244.13,Credit
851,08/21/2024,1,1021.0,25.0,150.51,7.53,$142.98,Cash
852,08/21/2024,3,1441.0,9.0,158.61,3.17,$155.44,debit
853,08/21/2024,10,1175.0,10.0,218.52,10.93,$207.59,Cash
854,08/22/2024,7,1408.0,13.0,126.57,6.33,$120.24,CREDIT
855,08/22/2024,3,1228.0,33.0,286.88,14.34,$272.54,Debit
856,08/22/2024,9,1427.0,28.0,176.89,3.54,$173.35,Credit
857,08/22/2024,6,1019.0,30.0,145.15,14.52,$130.63,debit
858,08/22/2024,5,1087.0,3.0,271.6,27.16,$244.44,Credit
859,08/22/2024,2,1063.0,23.0,210.67,10.53,$200.14,CASH
860,08/22/2024,7,1106.0,5.0,28.92,1.45,$27.47,Cash
861,08/22/2024,11,1295.0,12.0,28.47,0.57,$27.90,Credit
862,08/22/2024,11,1414.0,31.0,284.3,14.22,$270.08,Credit
863,08/22/2024,1,1489.0,34.0,191.1,28.66,$162.44,CASH
864,08/22/2024,3,1284.0,17.0,171.97,8.6,$163.37,Credit
865,08/22/2024,8,1276.0,9.0,95.31,4.77,$90.54,Cash
866,08/22/2024,2,1429.0,11.0,83.2,8.32,$74.88,cash 
867,08/22/2024,4,1317.0,27.0,134.15,6.71,$127.44,debit 
868,08/22/2024,10,1361.0,16.0,240.93,36.14,$204.79,Debit
869,08/22/2024,5,1325.0,27.0,116.06,2.32,$113.74,Cash
870,08/23/2024,2,1290.0,9.0,88.11,4.41,$83.70,CREDIT
871,08/23/2024,2,1078.0,20.0,143.1,2.86,$140.24,Credit
872,08/23/2024,1,1463.0,22.0,163.56,24.53,$139.03,DEBIT
873,08/23/2024,9,1308.0,31.0,148.82,2.98,$145.84,CASH
874,08/23/2024,1,1442.0,3.0,88.38,4.42,$83.96,Credit
875,08/23/2024,3,1239.0,34.0,262.27,13.11,$249.16,Debit
876,08/23/2024,5,1027.0,10.0,183.44,,$179.77,credit
877,08/23/2024,9,1237.0,4.0,216.39,4.33,$212.06,Credit
878,08/23/2024,10,1099.0,31.0,149.87,,$142.38,Credit
879,08/23/2024,8,1117.0,22.0,223.37,4.47,$218.90,Cash
880,08/23/2024,3,1304.0,8.0,65.79,9.87,$55.92,Credit
881,08/23/2024,9,1147.0,9.0,177.64,8.88,$168.76,cash 
882,08/23/2024,6,1252.0,27.0,19.23,0.38,$18.85,credit
883,08/23/2024,11,1440.0,3.0,209.93,4.2,$205.73,Credit
884,08/23/2024,9,1304.0,27.0,168.36,25.25,$143.11,Debit
885,08/23/2024,8,1360.0,20.0,143.54,,$122.01,Credit
886,08/24/2024,10,1272.0,8.0,195.26,29.29,$165.97,CREDIT
887,08/24/2024,10,1478.0,20.0,24.51,0.49,$24.02,CREDIT
888,08/24/2024,5,1472.0,20.0,175.67,8.78,$166.89,Cash
889,08/24/2024,7,1207.0,32.0,224.45,11.22,$213.23,debit
890,08/24/2024,3,1010.0,17.0,63.57,1.27,$62.30,Credit
891,08/24/2024,10,1207.0,21.0,52.76,2.64,$50.12,Credit
892,08/24/2024,6,1481.0,30.0,171.13,3.42,$167.71,Cash
893,08/24/2024,8,1476.0,24.0,249.82,5.0,$244.82,Cash
894,08/24/2024,1,1200.0,25.0,59.46,1.19,$58.27,Credit
895,08/24/2024,2,1363.0,14.0,76.18,11.43,$64.75,Cash
896,08/24/2024,8,1444.0,4.0,195.36,9.77,$185.59,Debit
897,08/24/2024,8,1413.0,5.0,65.34,6.53,$58.81,debit
898,08/24/2024,12,1055.0,29.0,100.27,2.01,$98.26,CREDIT
899,08/24/2024,4,1365.0,32.0,223.99,22.4,$201.59,Cash
900,08/24/2024,1,1096.0,7.0,209.54,10.48,$199.06,Debit
901,08/24/2024,2,1451.0,14.0,60.42,3.02,$57.40,debit
902,08/24/2024,7,1317.0,24.0,197.09,9.85,$187.24, Cash 
903,08/25/2024,2,1255.0,16.0,101.16,2.02,$99.14,Credit
904,08/25/2024,6,1181.0,20.0,251.73,37.76,$213.97, Debit 
905,08/25/2024,1,1475.0,28.0,198.99,,$195.01, Cash 
906,08/25/2024,4,1258.0,24.0,267.09,13.35,$253.74,Debit
907,08/25/2024,1,1204.0,4.0,121.36,2.43,$118.93,Debit
908,08/25/2024,1,1134.0,29.0,50.58,2.53,$48.05,Cash
909,08/25/2024,6,1181.0,9.0,43.5,6.52,$36.98,credit
910,08/25/2024,2,1145.0,19.0,119.37,5.97,$113.40, Credit 
911,08/25/2024,5,1432.0,30.0,183.26,18.33,$164.93,credit
912,08/25/2024,2,1343.0,11.0,223.2,4.46,$218.74,Credit
913,08/25/2024,12,1111.0,21.0,38.6,3.86,$34.74,Credit
914,08/25/2024,8,1028.0,34.0,60.67,3.03,$57.64, Credit 
915,08/25/2024,12,1068.0,29.0,52.29,5.23,$47.06,Debit
916,08/25/2024,4,1156.0,18.0,223.66,4.47,$219.19,Credit
917,08/25/2024,5,1182.0,4.0,127.41,2.55,$124.86, Cash 
918,08/25/2024,4,1338.0,17.0,207.52,10.38,$197.14,Debit
919,08/26/2024,12,1033.0,24.0,133.45,6.67,$126.78,Credit
920,08/26/2024,2,1434.0,21.0,216.34,10.82,$205.52,debit 
921,08/26/2024,9,1488.0,19.0,129.76,2.6,$127.16,Credit
922,08/26/2024,5,1425.0,32.0,276.31,13.82,$262.49,Debit
923,08/26/2024,8,1460.0,27.0,253.8,25.38,$228.42,credit
924,08/26/2024,11,1068.0,21.0,67.82,6.78,$61.04,Credit
925,08/26/2024,6,1137.0,14.0,76.54,3.83,$72.71,cash 
926,08/26/2024,5,1018.0,3.0,183.87,3.68,$180.19,Credit
927,08/26/2024,8,1093.0,10.0,280.46,14.02,$266.44,credit
928,08/26/2024,12,1363.0,30.0,34.24,5.14,$29.10, Debit 
929,08/26/2024,3,1051.0,5.0,88.66,1.77,$86.89,DEBIT
930,08/26/2024,5,1337.0,27.0,245.58,4.91,$240.67,debit
931,08/26/2024,3,1168.0,24.0,257.68,38.65,$219.03,Debit
932,08/26/2024,8,1090.0,34.0,171.12,8.56,$162.56,credit
933,08/26/2024,5,1375.0,27.0,52.97,2.65,$50.32,Debit
934,08/26/2024,12,1310.0,7.0,89.45,8.95,$80.50,Credit
935,08/26/2024,11,1411.0,31.0,215.39,4.31,$211.08, Credit 
936,08/27/2024,12,1260.0,3.0,42.49,0.85,$41.64,Credit
937,08/27/2024,11,1298.0,13.0,71.81,3.59,$68.22,Cash
938,08/27/2024,8,1412.0,16.0,115.54,5.78,$109.76,credit
939,08/27/2024,12,1485.0,33.0,183.91,3.68,$180.23,Debit
940,08/27/2024,9,1140.0,12.0,224.09,22.41,$201.68,Debit
941,08/27/2024,9,1423.0,27.0,55.37,2.77,$52.60,credit
942,08/27/2024,5,1412.0,29.0,287.02,14.35,$272.67,Credit
943,08/27/2024,3,1454.0,3.0,236.51,23.65,$212.86,debit 
944,08/27/2024,5,1361.0,32.0,148.88,22.33,$126.55,Debit
945,08/27/2024,6,,12.0,81.06,1.62,$79.44,debit 
946,08/27/2024,11,1178.0,30.0,116.35,2.33,$114.02,cash
947,08/27/2024,11,1005.0,16.0,124.22,2.48,$121.74,Debit
948,08/27/2024,8,1011.0,32.0,226.96,4.54,$222.42,credit
949,08/27/2024,11,1059.0,31.0,174.93,17.49,$157.44,DEBIT
950,08/27/2024,10,1385.0,27.0,112.08,2.24,$109.84,debit 
951,08/27/2024,6,,30.0,32.45,3.25,$29.20,CREDIT
952,08/28/2024,8,1376.0,5.0,240.04,4.8,$235.24,Debit
953,08/28/2024,1,1470.0,19.0,213.66,10.68,$202.98,debit
954,08/28/2024,1,1232.0,20.0,87.46,,$83.09, Credit 
955,08/28/2024,8,1381.0,30.0,147.32,,$125.22,Credit
956,08/28/2024,11,1479.0,8.0,202.03,4.04,$197.99,DEBIT
957,08/28/2024,10,1095.0,33.0,77.38,7.74,$69.64,Debit
958,08/28/2024,7,1053.0,4.0,46.18,4.62,$41.56,Debit
959,08/28/2024,1,1394.0,11.0,167.62,3.35,$164.27,Cash
960,08/28/2024,7,1254.0,24.0,124.18,2.48,$121.70,DEBIT
961,08/28/2024,1,1147.0,29.0,23.7,1.19,$22.51,debit 
962,08/28/2024,4,1250.0,19.0,345.87,51.88,$293.99,Credit
963,08/28/2024,8,1189.0,10.0,222.55,11.13,$211.42,Cash
964,08/28/2024,3,1009.0,13.0,53.89,,$48.50,Debit
965,08/28/2024,6,1430.0,16.0,102.18,5.11,$97.07, Cash 
966,08/28/2024,7,1042.0,3.0,199.33,9.97,$189.36,Cash
967,08/28/2024,11,1265.0,18.0,177.31,3.55,$173.76,credit 
968,08/29/2024,3,1075.0,13.0,54.65,2.73,$51.92,Cash
969,08/29/2024,1,1028.0,20.0,63.35,3.17,$60.18,debit 
970,08/29/2024,9,1246.0,10.0,297.74,29.77,$267.97,credit 
971,08/29/2024,1,1495.0,22.0,367.56,55.13,$312.43,Credit
972,08/29/2024,10,1141.0,6.0,21.12,2.11,$19.01,Debit
973,08/29/2024,12,1157.0,21.0,147.44,7.37,$140.07, Credit 
974,08/29/2024,5,1403.0,25.0,149.55,2.99,$146.56,cash
975,08/29/2024,4,1073.0,6.0,124.1,6.21,$117.89,DEBIT
976,08/29/2024,6,1485.0,31.0,87.56,1.75,$85.81,credit 
977,08/29/2024,9,1071.0,34.0,230.72,11.54,$219.18,Debit
978,08/29/2024,10,1363.0,23.0,123.9,18.59,$105.31,Debit
979,08/29/2024,2,1110.0,23.0,148.91,2.98,$145.93,Credit
980,08/29/2024,10,1426.0,23.0,60.64,6.06,$54.58,Debit
981,08/29/2024,8,1445.0,6.0,248.51,4.97,$243.54,Cash
982,08/29/2024,1,1264.0,7.0,287.53,43.13,$244.40,Credit
983,08/29/2024,1,1322.0,31.0,132.24,13.22,$119.02,Credit
984,08/29/2024,10,1429.0,28.0,318.76,31.88,$286.88,Cash
985,08/30/2024,2,1319.0,3.0,254.4,,$241.68,Cash
986,08/30/2024,12,1459.0,15.0,112.55,11.26,,credit
987,08/30/2024,10,1084.0,20.0,94.31,4.72,$89.59,Credit
988,08/30/2024,4,1275.0,11.0,159.43,3.19,$156.24,Credit
989,08/30/2024,12,1217.0,17.0,148.89,7.44,$141.45,CREDIT
990,08/30/2024,6,1013.0,13.0,43.0,2.15,$40.85,Credit
991,08/30/2024,4,1364.0,32.0,246.27,12.31,$233.96,Debit
992,08/30/2024,5,1073.0,29.0,51.18,2.56,$48.62, Cash 
993,08/30/2024,2,1356.0,33.0,248.26,24.83,$223.43,Credit
994,08/30/2024,2,1104.0,33.0,280.93,14.05,$266.88,Cash
995,08/30/2024,2,1361.0,28.0,185.96,27.89,$158.07,CREDIT
996,08/30/2024,11,1059.0,3.0,237.55,23.76,$213.79,debit
997,08/30/2024,4,1246.0,28.0,67.5,6.75,$60.75,cash
998,08/30/2024,4,1348.0,10.0,146.63,2.93,$143.70,CREDIT
999,08/30/2024,10,1034.0,10.0,200.18,10.01,$190.17, Credit 
1000,08/30/2024,1,1292.0,17.0,37.77,5.67,$32.10,Credit
1001,08/31/2024,9,1074.0,17.0,32.86,,$32.20,CASH
1002,08/31/2024,10,1032.0,25.0,65.09,6.51,$58.58,Debit
1003,08/31/2024,2,1361.0,30.0,137.2,20.58,$116.62,Cash
1004,08/31/2024,11,1415.0,28.0,175.97,8.8,$167.17,Debit
1005,08/31/2024,12,1022.0,26.0,202.37,20.24,$182.13,credit
1006,08/31/2024,11,1303.0,12.0,18.08,0.9,$17.18,Credit
1007,08/31/2024,1,1354.0,19.0,62.16,9.32,$52.84,DEBIT
1008,08/31/2024,3,1216.0,17.0,160.66,3.21,$157.45,credit
1009,08/31/2024,9,1259.0,18.0,216.54,32.48,$184.06,Credit
1010,08/31/2024,9,1010.0,14.0,130.8,2.62,$128.18,DEBIT
1011,08/31/2024,12,1368.0,6.0,231.34,4.63,$226.71, Debit 
1012,08/31/2024,9,1049.0,9.0,158.84,3.18,$155.66,debit
1013,08/31/2024,8,1060.0,32.0,313.56,47.03,$266.53, Debit 
1014,08/31/2024,12,1181.0,31.0,339.52,50.93,$288.59, Debit 
1015,08/31/2024,2,1355.0,3.0,228.35,4.57,$223.78, Debit 
1016,08/31/2024,6,1019.0,7.0,316.11,31.61,$284.50,Debit
1017,08/31/2024,9,1160.0,4.0,185.64,9.28,$176.36,Cash
1018,09/01/2024,7,1400.0,18.0,161.63,3.23,$158.40, Credit 
1019,09/01/2024,2,1295.0,15.0,111.57,2.23,$109.34,Debit
1020,09/01/2024,12,1130.0,23.0,205.1,20.51,$184.59,Cash
1021,09/01/2024,12,1481.0,6.0,49.94,1.0,$48.94,Debit
1022,09/01/2024,5,1021.0,16.0,226.3,11.32,$214.98,Credit
1023,09/01/2024,4,1465.0,34.0,145.78,2.92,$142.86, Debit 
1024,09/01/2024,4,1035.0,26.0,208.23,10.41,$197.82,Debit
1025,09/01/2024,7,1181.0,7.0,101.68,15.25,$86.43,Credit
1026,09/01/2024,12,1484.0,14.0,147.34,14.73,$132.61,Debit
1027,09/01/2024,2,1455.0,4.0,127.38,2.55,$124.83,credit
1028,09/01/2024,11,1499.0,17.0,213.92,4.28,$209.64,debit 
1029,09/01/2024,4,1327.0,20.0,192.76,9.64,$183.12,Credit
1029,09/01/2024,4,1327.0,20.0,192.76,9.64,$183.12,Credit
1030,09/01/2024,7,1346.0,7.0,243.17,4.86,$238.31,CASH
1031,09/01/2024,5,1304.0,23.0,26.08,3.91,$22.17,Credit
1032,09/01/2024,8,1262.0,26.0,78.3,11.74,$66.56,debit 
1033,09/01/2024,7,1235.0,16.0,164.4,3.29,$161.11,DEBIT
1034,09/02/2024,6,1057.0,34.0,126.17,6.31,$119.86,Credit
1035,09/02/2024,11,1307.0,7.0,58.58,1.17,$57.41,Credit
1036,09/02/2024,10,1259.0,4.0,275.06,41.26,$233.80,cash
1037,09/02/2024,11,1226.0,14.0,195.58,3.91,$191.67,Credit
1038,09/02/2024,9,1088.0,15.0,195.01,9.75,$185.26,Debit
1039,09/02/2024,3,1249.0,13.0,156.18,3.12,$153.06,Credit
1040,09/02/2024,9,1361.0,26.0,100.6,15.09,$85.51,Credit
1041,09/02/2024,3,1309.0,33.0,227.25,22.73,$204.52,Cash
1042,09/02/2024,2,1188.0,21.0,188.4,9.42,$178.98,debit
1043,09/02/2024,4,1108.0,20.0,43.03,2.15,$40.88,Debit
1044,09/02/2024,4,1034.0,30.0,233.02,11.65,$221.37,credit
1045,09/02/2024,11,1412.0,11.0,277.92,13.9,$264.02,Credit
1046,09/02/2024,4,1499.0,14.0,218.65,4.37,$214.28,cash 
1047,09/02/2024,7,1393.0,29.0,164.23,3.28,$160.95,debit
1048,09/02/2024,8,1245.0,8.0,51.72,1.03,$50.69,Credit
1049,09/02/2024,8,1107.0,34.0,177.33,8.87,$168.46,debit
1050,09/03/2024,11,1263.0,9.0,154.12,7.71,$146.41,Cash
1051,09/03/2024,1,1196.0,8.0,24.59,,$24.10, Debit 
1052,09/03/2024,12,1107.0,8.0,153.73,7.69,$146.04,Cash
1053,09/03/2024,8,1040.0,13.0,68.21,6.82,$61.39, Debit 
1054,09/03/2024,1,1110.0,22.0,234.24,4.68,$229.56,Credit
1055,09/03/2024,9,1292.0,16.0,161.77,24.27,$137.50,Credit
1056,09/03/2024,11,1473.0,14.0,143.53,2.87,$140.66,CASH
1057,09/03/2024,8,1463.0,29.0,200.26,30.04,$170.22,Credit
1058,09/03/2024,9,1047.0,9.0,219.3,4.39,$214.91,credit
1059,09/03/2024,1,1168.0,6.0,355.42,53.31,$302.11,DEBIT
1060,09/03/2024,4,1399.0,13.0,35.99,,$34.19,Cash
1061,09/03/2024,7,1108.0,3.0,251.27,12.56,$238.71, Cash 
1062,09/03/2024,1,1352.0,29.0,40.93,0.82,$40.11,debit 
1063,09/03/2024,6,1200.0,29.0,138.79,2.78,$136.01,Credit
1064,09/03/2024,5,1223.0,20.0,50.98,1.02,$49.96, Cash 
1065,09/03/2024,10,1258.0,31.0,85.77,4.29,$81.48,Debit
1066,09/03/2024,7,1276.0,6.0,264.37,13.22,$251.15,credit 
1067,09/04/2024,11,1406.0,7.0,122.97,2.46,$120.51,Cash
1068,09/04/2024,3,1014.0,29.0,120.63,,$102.54,Credit
1069,09/04/2024,6,1341.0,7.0,100.47,2.01,$98.46,Cash
1070,09/04/2024,3,1442.0,9.0,212.99,,$202.34,cash 
1071,09/04/2024,12,1008.0,32.0,284.95,14.25,$270.70,CREDIT
1072,09/04/2024,9,1398.0,26.0,242.84,4.86,$237.98,Cash
1073,09/04/2024,2,1326.0,4.0,204.68,4.09,$200.59,Debit
1074,09/04/2024,10,1295.0,29.0,212.56,4.25,$208.31,Cash
1075,09/04/2024,5,1118.0,32.0,138.29,13.83,$124.46,Credit
1076,09/04/2024,7,1158.0,9.0,227.85,11.39,$216.46,Cash
1077,09/04/2024,8,1120.0,33.0,20.86,0.42,$20.44,Cash
1077,09/04/2024,8,1120.0,33.0,20.86,0.42,$20.44,Cash
1078,09/04/2024,11,1149.0,25.0,169.61,3.39,$166.22,debit
1079,09/04/2024,11,1060.0,29.0,28.74,4.31,$24.43, Cash 
1080,09/04/2024,1,1058.0,9.0,282.5,28.25,$254.25, Debit 
1081,09/04/2024,8,1275.0,26.0,51.6,1.03,$50.57,CREDIT
1082,09/04/2024,5,1078.0,22.0,35.06,0.7,$34.36,credit
1083,09/05/2024,6,1406.0,26.0,226.21,4.52,$221.69,Debit
1084,09/05/2024,1,1090.0,34.0,285.72,,$271.43,CASH
1085,09/05/2024,8,1013.0,17.0,237.73,11.89,$225.84,CREDIT
1086,09/05/2024,12,1344.0,24.0,172.91,17.29,$155.62,Debit
1087,09/05/2024,12,1264.0,19.0,157.06,23.56,$133.50,debit
1088,09/05/2024,6,1176.0,7.0,153.59,3.07,$150.52, Credit 
1089,09/05/2024,8,1036.0,28.0,172.48,3.45,$169.03,Credit
1090,09/05/2024,4,1118.0,11.0,158.52,15.85,$142.67, Cash 
1091,09/05/2024,5,1050.0,11.0,323.92,32.39,$291.53,CASH
1092,09/05/2024,3,1037.0,33.0,107.07,,$104.93,Credit
1093,09/05/2024,5,1010.0,23.0,102.27,2.05,$100.22, Cash 
1094,09/05/2024,7,1082.0,16.0,56.54,1.13,$55.41,Credit
1095,09/05/2024,4,1451.0,31.0,91.99,4.6,$87.39,credit 
1096,09/05/2024,5,1472.0,5.0,137.32,6.87,$130.45,CASH
1097,09/05/2024,12,1390.0,28.0,231.67,4.63,$227.04,debit
1098,09/05/2024,7,1475.0,8.0,21.86,0.44,$21.42,Credit
1099,09/06/2024,11,1193.0,11.0,60.57,1.21,$59.36,debit
1100,09/06/2024,2,1390.0,6.0,186.29,3.73,$182.56,credit 
1101,09/06/2024,4,1414.0,31.0,66.87,3.34,$63.53,Cash
1102,09/06/2024,12,1359.0,11.0,212.67,4.25,$208.42,DEBIT
1103,09/06/2024,12,1049.0,17.0,47.01,0.94,$46.07,Cash
1104,09/06/2024,3,1230.0,19.0,122.51,6.13,$116.38,Credit
1105,09/06/2024,1,1227.0,21.0,190.46,3.81,$186.65,cash
1106,09/06/2024,9,1436.0,30.0,164.83,3.3,$161.53,Debit
1107,09/06/2024,9,1285.0,28.0,68.11,3.41,$64.70, Debit 
1108,09/06/2024,10,1282.0,13.0,83.47,1.67,$81.80,Credit
1109,09/06/2024,8,1468.0,15.0,220.56,11.03,$209.53,debit 
1110,09/06/2024,2,1303.0,29.0,238.14,11.91,$226.23,Debit
1111,09/06/2024,8,1354.0,27.0,54.57,8.19,$46.38,Debit
1112,09/06/2024,5,1147.0,14.0,144.8,7.24,$137.56,credit 
1113,09/06/2024,7,1424.0,11.0,131.02,2.62,$128.40,debit
1114,09/06/2024,6,1432.0,22.0,106.48,10.65,$95.83,CREDIT
1115,09/06/2024,11,1377.0,25.0,196.08,9.8,$186.28,Credit
1116,09/07/2024,4,1232.0,15.0,137.99,6.9,$131.09,CREDIT
1117,09/07/2024,5,,18.0,333.09,49.96,$283.13,Credit
1118,09/07/2024,5,1442.0,19.0,224.14,,$212.93,Credit
1119,09/07/2024,10,1037.0,34.0,164.32,,$161.03,DEBIT
1120,09/07/2024,1,1198.0,28.0,152.66,15.27,$137.39, Credit 
1121,09/07/2024,9,1437.0,23.0,176.24,3.52,$172.72,Credit
1122,09/07/2024,4,1014.0,9.0,100.74,15.11,$85.63,DEBIT
1123,09/07/2024,8,1489.0,12.0,185.38,27.81,$157.57,credit
1124,09/07/2024,4,1036.0,21.0,76.68,1.53,$75.15,Debit
1125,09/07/2024,3,1181.0,13.0,293.79,44.07,$249.72,CREDIT
1126,09/07/2024,8,1140.0,25.0,84.62,8.46,$76.16,Credit
1127,09/07/2024,4,1386.0,18.0,82.5,4.12,$78.38,Debit
1128,09/07/2024,7,1182.0,20.0,119.68,2.39,$117.29,Credit
1129,09/07/2024,9,1395.0,28.0,172.84,8.64,$164.20,credit 
1130,09/07/2024,9,1109.0,26.0,239.06,4.78,$234.28,Credit
1131,09/07/2024,12,1052.0,33.0,32.36,0.65,$31.71,Credit
1132,09/08/2024,7,1160.0,19.0,217.19,10.86,$206.33,Credit
1133,09/08/2024,11,1406.0,9.0,210.81,4.22,$206.59,credit
1134,09/08/2024,10,1218.0,18.0,273.84,,$260.15,Credit
1135,09/08/2024,10,1232.0,22.0,213.72,10.69,$203.03,debit 
1136,09/08/2024,5,1049.0,6.0,182.33,3.65,$178.68,credit
1137,09/08/2024,9,1287.0,12.0,266.49,26.65,$239.84,Debit
1138,09/08/2024,11,1260.0,13.0,245.95,4.92,$241.03,CREDIT
1139,09/08/2024,3,1227.0,3.0,160.86,3.22,$157.64,Debit
1140,09/08/2024,3,1423.0,20.0,190.85,9.54,$181.31,debit
1141,09/08/2024,12,1451.0,4.0,145.05,7.25,$137.80,Debit
1142,09/08/2024,8,1335.0,9.0,91.79,,$89.95,DEBIT
1143,09/08/2024,11,1122.0,6.0,221.6,4.43,$217.17,credit
1144,09/08/2024,6,1340.0,18.0,45.28,4.53,$40.75,Debit
1145,09/08/2024,1,1290.0,6.0,282.09,14.1,$267.99,Debit
1146,09/08/2024,3,1440.0,27.0,150.62,3.01,$147.61,Credit
1147,09/08/2024,3,1109.0,9.0,95.62,1.91,$93.71,Credit
1148,09/08/2024,3,1455.0,12.0,127.22,2.54,$124.68, Debit 
1149,09/09/2024,2,1179.0,25.0,91.9,4.6,$87.30, Credit 
1150,09/09/2024,2,1098.0,5.0,59.89,,$53.90,Cash
1151,09/09/2024,3,1168.0,29.0,223.88,33.58,$190.30,Debit
1152,09/09/2024,10,1491.0,10.0,117.77,2.36,$115.41,Cash
1153,09/09/2024,6,1165.0,13.0,254.0,12.7,$241.30,cash
1154,09/09/2024,12,1425.0,11.0,100.82,5.04,$95.78,debit
1155,09/09/2024,8,1442.0,21.0,245.36,12.27,$233.09,Credit
1156,09/09/2024,7,1049.0,8.0,201.9,4.04,$197.86,Credit
1157,09/09/2024,1,1117.0,13.0,66.29,1.33,$64.96,credit 
1158,09/09/2024,10,1494.0,29.0,222.04,11.1,$210.94, Credit 
1159,09/09/2024,5,1484.0,27.0,297.87,29.79,$268.08, Debit 
1160,09/09/2024,1,1386.0,17.0,33.9,1.7,$32.20,cash
1161,09/09/2024,11,1150.0,18.0,89.44,1.79,$87.65,credit 
1162,09/09/2024,5,1476.0,27.0,50.96,1.02,$49.94,cash 
1163,09/09/2024,1,1394.0,33.0,140.28,2.81,$137.47,Credit
1164,09/09/2024,10,1119.0,25.0,252.78,37.92,$214.86,cash 
1165,09/10/2024,4,1295.0,9.0,59.39,1.19,$58.20,credit 
1166,09/10/2024,6,1417.0,7.0,286.22,28.62,$257.60, Cash 
1167,09/10/2024,3,1236.0,22.0,153.82,23.07,$130.75,Credit
1168,09/10/2024,2,1130.0,21.0,33.55,3.35,$30.20,Cash
1169,09/10/2024,4,1173.0,24.0,113.37,5.67,$107.70, Cash 
1170,09/10/2024,12,1246.0,9.0,154.5,15.45,$139.05, Debit 
1171,09/10/2024,9,1166.0,15.0,126.98,6.35,$120.63,debit
1172,09/10/2024,4,1181.0,28.0,74.39,11.16,$63.23,Credit
1173,09/10/2024,7,1328.0,7.0,36.98,0.74,$36.24,Cash
1174,09/10/2024,5,1347.0,15.0,204.74,4.09,$200.65,credit 
1175,09/10/2024,2,,26.0,208.68,10.43,$198.25,Debit
1176,09/10/2024,8,1458.0,27.0,221.54,,$210.46,debit 
1177,09/10/2024,2,1109.0,7.0,177.02,3.54,$173.48,Cash
1178,09/10/2024,6,1063.0,25.0,148.32,7.42,$140.90,Cash
1179,09/10/2024,6,1025.0,21.0,89.86,8.99,$80.87,Cash
1180,09/10/2024,6,1152.0,30.0,105.64,5.28,$100.36,debit
1181,09/11/2024,9,1346.0,15.0,84.01,,$82.33,CREDIT
1182,09/11/2024,11,1060.0,17.0,62.4,9.36,$53.04,Credit
1183,09/11/2024,1,1072.0,32.0,283.06,14.15,$268.91,debit 
1184,09/11/2024,9,,30.0,115.66,,$98.31,Credit
1185,09/11/2024,10,1088.0,24.0,25.98,1.3,$24.68,Credit
1186,09/11/2024,1,1305.0,22.0,113.27,16.99,$96.28,credit 
1187,09/11/2024,8,1332.0,4.0,314.04,31.4,$282.64, Cash 
1188,09/11/2024,5,1158.0,28.0,115.98,5.8,$110.18,CASH
1189,09/11/2024,4,1026.0,21.0,45.93,0.92,$45.01,Debit
1190,09/11/2024,12,1041.0,15.0,42.08,,$41.24,Debit
1191,09/11/2024,11,1356.0,29.0,310.47,31.05,$279.42,Debit
1192,09/11/2024,5,1490.0,17.0,216.49,4.33,$212.16,credit
1193,09/11/2024,5,1030.0,15.0,197.94,19.79,$178.15,Debit
1194,09/11/2024,6,1194.0,19.0,100.89,5.04,$95.85,credit 
1195,09/11/2024,2,1177.0,19.0,20.85,0.42,$20.43,Cash
1196,09/11/2024,3,1068.0,6.0,174.07,17.41,$156.66,Debit
1197,09/11/2024,9,1004.0,30.0,74.48,7.45,$67.03,cash 
1198,09/12/2024,3,,3.0,128.11,2.56,$125.55,CREDIT
1199,09/12/2024,6,1360.0,26.0,39.27,5.89,$33.38,cash
1200,09/12/2024,7,1354.0,22.0,349.11,52.37,$296.74,credit 
1201,09/12/2024,10,1342.0,15.0,69.61,1.39,$68.22,Credit
1202,09/12/2024,6,1489.0,9.0,154.12,23.12,,Credit
1203,09/12/2024,9,1088.0,18.0,112.95,5.65,$107.30,Debit
1204,09/12/2024,8,1275.0,24.0,179.99,3.6,$176.39, Debit 
1205,09/12/2024,10,1087.0,6.0,297.34,29.73,$267.61,cash 
1206,09/12/2024,9,1080.0,19.0,164.01,8.2,$155.81,debit
1207,09/12/2024,7,1272.0,12.0,347.13,52.07,,Credit
1208,09/12/2024,11,1386.0,27.0,206.37,10.32,$196.05,CREDIT
1209,09/12/2024,5,1181.0,4.0,278.59,41.79,$236.80,Debit
1210,09/12/2024,8,1473.0,34.0,50.79,1.02,$49.77,Debit
1211,09/12/2024,2,1234.0,16.0,46.48,2.32,$44.16,Credit
1212,09/12/2024,10,1277.0,33.0,45.49,2.27,$43.22,Credit
1213,09/12/2024,4,1228.0,3.0,199.13,9.96,$189.17,Credit
1214,09/13/2024,7,1430.0,5.0,151.86,7.59,$144.27,Cash
1215,09/13/2024,5,1265.0,27.0,156.95,3.14,$153.81,credit
1216,09/13/2024,9,1053.0,12.0,286.49,28.65,$257.84,credit 
1217,09/13/2024,10,1045.0,22.0,95.2,1.9,$93.30,credit
1218,09/13/2024,6,1054.0,10.0,26.84,0.54,$26.30,DEBIT
1219,09/13/2024,6,1222.0,11.0,240.45,4.81,$235.64,Credit
1220,09/13/2024,3,1454.0,25.0,131.82,13.18,$118.64,debit
1221,09/13/2024,3,,24.0,48.19,0.96,$47.23,Cash
1222,09/13/2024,3,1296.0,23.0,231.13,4.62,$226.51,cash
1223,09/13/2024,11,1180.0,31.0,211.27,4.23,$207.04,debit
1224,09/13/2024,10,1482.0,25.0,80.8,8.08,$72.72,Debit
1225,09/13/2024,4,1023.0,34.0,102.52,5.13,$97.39,Debit
1226,09/13/2024,6,1236.0,25.0,33.67,5.05,$28.62,CREDIT
1227,09/13/2024,1,1410.0,18.0,108.58,2.17,$106.41,Credit
1228,09/13/2024,2,1469.0,10.0,103.27,5.16,$98.11,DEBIT
1229,09/13/2024,11,1022.0,13.0,141.58,14.16,$127.42,cash 
1230,09/13/2024,11,1095.0,20.0,128.83,12.88,$115.95,Cash
1231,09/14/2024,12,1400.0,11.0,56.19,1.12,$55.07,Debit
1232,09/14/2024,2,1292.0,24.0,331.22,49.68,$281.54,cash 
1233,09/14/2024,5,1166.0,4.0,284.07,14.2,$269.87,DEBIT
1234,09/14/2024,12,1332.0,17.0,24.48,2.45,$22.03,credit 
1235,09/14/2024,8,1194.0,7.0,80.33,4.02,$76.31,Credit
1236,09/14/2024,8,1158.0,12.0,135.24,6.76,$128.48,CREDIT
1237,09/14/2024,4,1099.0,27.0,45.51,2.28,$43.23,CREDIT
1238,09/14/2024,3,1030.0,10.0,94.72,9.47,$85.25,credit 
1239,09/14/2024,9,1109.0,34.0,97.94,1.96,$95.98,Debit
1240,09/14/2024,6,1163.0,3.0,37.22,0.74,$36.48,Cash
1241,09/14/2024,7,1106.0,26.0,104.88,5.24,$99.64,Debit
1242,09/14/2024,3,1292.0,3.0,188.73,28.31,$160.42,DEBIT
1243,09/14/2024,11,1398.0,24.0,119.35,2.39,$116.96, Credit 
1244,09/14/2024,2,1234.0,26.0,62.33,3.12,$59.21,Credit
1245,09/14/2024,3,1402.0,4.0,201.73,4.03,$197.70,Cash
1246,09/14/2024,5,1335.0,26.0,153.43,3.07,$150.36,credit
1247,09/15/2024,12,1440.0,16.0,154.96,3.1,,credit
1248,09/15/2024,1,1191.0,34.0,63.39,1.27,$62.12,Debit
1249,09/15/2024,3,1454.0,30.0,236.17,23.62,$212.55,Credit
1250,09/15/2024,8,1490.0,14.0,209.63,4.19,$205.44,cash
1251,09/15/2024,4,1319.0,20.0,58.43,2.92,$55.51,Credit
1252,09/15/2024,1,1069.0,4.0,61.43,3.07,$58.36, Credit 
1253,09/15/2024,3,1039.0,33.0,220.47,11.02,$209.45,debit 
1254,09/15/2024,10,1372.0,4.0,128.05,6.4,$121.65,Credit
1255,09/15/2024,2,1029.0,28.0,257.55,12.88,$244.67,cash
1256,09/15/2024,8,1182.0,34.0,152.87,3.06,$149.81,Credit
1257,09/15/2024,11,1197.0,9.0,169.83,3.4,$166.43,CREDIT
1258,09/15/2024,9,1376.0,5.0,71.58,1.43,$70.15,credit 
1259,09/15/2024,8,1377.0,31.0,265.66,13.28,$252.38,Credit
1260,09/15/2024,2,1030.0,9.0,244.02,24.4,$219.62, Credit 
1261,09/15/2024,10,1145.0,17.0,212.73,10.64,$202.09,Credit
1262,09/15/2024,9,,12.0,83.99,1.68,$82.31,Credit
1263,09/16/2024,12,1427.0,5.0,82.64,1.65,$80.99,Cash
1264,09/16/2024,12,1063.0,29.0,141.17,7.06,$134.11,cash 
1265,09/16/2024,3,,32.0,106.64,2.13,$104.51,Cash
1266,09/16/2024,8,1110.0,22.0,42.93,0.86,$42.07,debit
1267,09/16/2024,5,1418.0,10.0,121.66,2.43,$119.23,DEBIT
1268,09/16/2024,8,1259.0,21.0,253.5,,$215.48,Cash
1269,09/16/2024,9,1383.0,7.0,43.36,0.87,$42.49,Debit
1270,09/16/2024,4,1278.0,22.0,195.05,19.51,$175.54,Credit
1271,09/16/2024,12,1431.0,15.0,232.44,4.65,$227.79,cash
1272,09/16/2024,8,1147.0,10.0,191.5,9.58,$181.92,Debit
1273,09/16/2024,8,1100.0,11.0,26.58,1.33,$25.25,Cash
1274,09/16/2024,10,1305.0,34.0,201.14,30.17,$170.97,Debit
1275,09/16/2024,5,1135.0,16.0,130.65,13.07,$117.58,Cash
1276,09/16/2024,1,1438.0,5.0,115.01,2.3,$112.71, Credit 
1277,09/16/2024,2,1092.0,11.0,231.61,4.63,$226.98,Debit
1278,09/16/2024,9,1168.0,12.0,249.38,37.41,$211.97,Debit
1279,09/16/2024,10,1199.0,14.0,143.62,,,Credit
1280,09/17/2024,7,1184.0,10.0,57.49,2.87,$54.62,Credit
1281,09/17/2024,8,1125.0,21.0,146.91,2.94,$143.97, Credit 
1282,09/17/2024,1,1436.0,10.0,227.18,4.54,$222.64,credit
1283,09/17/2024,9,1082.0,31.0,67.34,1.35,$65.99, Credit 
1284,09/17/2024,6,1057.0,10.0,205.99,,$195.69,Cash
1285,09/17/2024,6,1329.0,22.0,244.58,12.23,$232.35,Cash
1286,09/17/2024,10,1371.0,30.0,242.59,36.39,$206.20,debit
1287,09/17/2024,9,1295.0,30.0,51.86,1.04,$50.82,credit
1288,09/17/2024,8,1043.0,9.0,239.22,11.96,$227.26,DEBIT
1289,09/17/2024,7,1207.0,6.0,18.35,0.92,,Cash
1290,09/17/2024,9,1093.0,17.0,35.89,1.79,$34.10, Credit 
1291,09/17/2024,12,1463.0,6.0,186.68,28.0,$158.68, Debit 
1292,09/17/2024,7,1152.0,8.0,251.92,,$239.32, Cash 
1293,09/17/2024,8,1039.0,10.0,264.41,13.22,$251.19,Credit
1294,09/17/2024,11,1432.0,25.0,175.45,17.54,$157.91,CREDIT
1295,09/17/2024,8,1442.0,24.0,163.44,8.17,$155.27,Credit
1296,09/18/2024,12,1362.0,33.0,104.08,10.41,$93.67,debit
1297,09/18/2024,12,1067.0,29.0,83.74,4.19,$79.55,CASH
1298,09/18/2024,4,1450.0,3.0,276.47,13.82,$262.65,cash 
1299,09/18/2024,11,1451.0,22.0,31.27,1.56,$29.71,Cash
1300,09/18/2024,7,1287.0,27.0,180.26,18.03,$162.23,debit 
1301,09/18/2024,4,1104.0,30.0,28.74,1.44,$27.30,CASH
1302,09/18/2024,7,1317.0,33.0,181.54,9.08,$172.46,Cash
1303,09/18/2024,9,1374.0,19.0,247.35,12.37,$234.98,Cash
1303,09/18/2024,9,1374.0,19.0,247.35,12.37,$234.98,Cash
1304,09/18/2024,6,1297.0,25.0,109.65,2.19,$107.46, Cash 
1305,09/18/2024,6,1060.0,20.0,201.98,30.3,$171.68,Credit
1306,09/18/2024,1,1053.0,9.0,190.62,19.06,$171.56,credit 
1307,09/18/2024,12,1402.0,29.0,68.68,1.37,$67.31,Credit
1308,09/18/2024,11,,21.0,203.48,4.07,$199.41,Credit
1309,09/18/2024,3,1453.0,9.0,39.34,5.9,$33.44,Credit
1310,09/18/2024,9,1243.0,10.0,30.92,0.62,$30.30,Debit
1311,09/18/2024,4,1491.0,30.0,190.35,3.81,$186.54,debit 
1312,09/18/2024,4,1434.0,8.0,51.96,2.6,$49.36,Credit
1313,09/19/2024,4,1286.0,7.0,20.58,0.41,$20.17, Credit 
1314,09/19/2024,9,1096.0,29.0,52.35,2.62,$49.73,Cash
1315,09/19/2024,10,1126.0,19.0,187.62,9.38,$178.24,Cash
1316,09/19/2024,5,1283.0,19.0,98.86,1.98,$96.88,Credit
1317,09/19/2024,5,1122.0,34.0,235.92,4.72,$231.20,Credit
1318,09/19/2024,4,1327.0,22.0,32.99,1.65,$31.34,Credit
1319,09/19/2024,3,1222.0,11.0,161.02,3.22,$157.80,credit
1320,09/19/2024,9,1207.0,34.0,269.12,13.46,$255.66,Debit
1321,09/19/2024,7,1142.0,7.0,65.48,3.27,$62.21,Cash
1322,09/19/2024,1,1114.0,20.0,185.6,3.71,$181.89,Cash
1323,09/19/2024,3,1228.0,33.0,235.36,11.77,$223.59,CREDIT
1324,09/19/2024,9,1063.0,7.0,271.83,13.59,$258.24, Debit 
1325,09/19/2024,8,1432.0,6.0,298.86,29.89,$268.97, Credit 
1326,09/19/2024,2,1197.0,30.0,24.81,0.5,$24.31,Cash
1327,09/19/2024,7,1460.0,34.0,278.24,27.82,$250.42,debit
1328,09/19/2024,12,1084.0,6.0,170.83,8.54,$162.29,Credit
1329,09/20/2024,10,1179.0,6.0,112.79,5.64,$107.15,debit
1330,09/20/2024,7,1119.0,33.0,142.95,21.44,$121.51,cash
1331,09/20/2024,3,1028.0,12.0,248.41,12.42,$235.99,Credit
1332,09/20/2024,2,1312.0,20.0,202.45,4.05,$198.40,credit 
1333,09/20/2024,11,1246.0,25.0,79.83,7.98,$71.85,Credit
1334,09/20/2024,1,1229.0,,75.41,,$73.90,Credit
1335,09/20/2024,6,1208.0,16.0,79.45,1.59,$77.86, Credit 
1336,09/20/2024,5,1388.0,20.0,47.59,0.95,$46.64,credit
1337,09/20/2024,6,1178.0,9.0,131.54,2.63,$128.91,Credit
1338,09/20/2024,5,1079.0,11.0,180.8,9.04,$171.76,debit
1339,09/20/2024,8,1370.0,31.0,234.9,11.75,$223.15,credit
1340,09/20/2024,4,1365.0,9.0,197.39,,$177.65,Credit
1341,09/20/2024,2,1413.0,15.0,171.22,17.12,$154.10, Credit 
1342,09/20/2024,10,1458.0,31.0,66.21,3.31,$62.90,credit 
1343,09/20/2024,2,1463.0,33.0,280.62,42.09,$238.53,Credit
1344,09/20/2024,9,1373.0,29.0,29.04,,$27.59,Cash
1345,09/21/2024,12,1141.0,15.0,78.39,7.84,$70.55,Debit
1346,09/21/2024,9,1450.0,8.0,69.08,3.45,$65.63,Credit
1347,09/21/2024,8,1160.0,26.0,82.46,4.12,$78.34,credit
1348,09/21/2024,7,1356.0,31.0,25.65,2.56,$23.09,credit 
1349,09/21/2024,12,1032.0,9.0,112.5,11.25,$101.25,cash
1350,09/21/2024,2,1491.0,26.0,19.19,0.38,$18.81,Debit
1351,09/21/2024,11,1197.0,32.0,70.94,1.42,$69.52,DEBIT
1352,09/21/2024,7,1297.0,10.0,123.46,2.47,$120.99,Debit
1353,09/21/2024,9,1186.0,14.0,91.17,13.68,$77.49,Debit
1354,09/21/2024,1,1185.0,5.0,235.27,,$223.51,Credit
1355,09/21/2024,8,,13.0,373.34,56.0,$317.34,Credit
1356,09/21/2024,1,1471.0,16.0,250.06,12.5,$237.56,Debit
1357,09/21/2024,7,1278.0,19.0,115.27,11.53,$103.74,Credit
1358,09/21/2024,6,1028.0,26.0,215.72,10.79,$204.93,Cash
1359,09/21/2024,12,1173.0,16.0,159.46,7.97,$151.49,Debit
1360,09/21/2024,7,1088.0,23.0,183.13,9.16,$173.97,cash
1361,09/21/2024,3,1081.0,24.0,120.25,2.41,$117.84,Cash
1362,09/22/2024,4,1179.0,14.0,120.55,6.03,$114.52,Debit
1363,09/22/2024,10,1362.0,23.0,310.9,31.09,$279.81,Credit
1364,09/22/2024,6,1109.0,19.0,205.25,4.11,$201.14, Debit 
1365,09/22/2024,2,1158.0,19.0,92.69,4.63,$88.06, Debit 
1366,09/22/2024,5,1349.0,8.0,260.73,26.07,$234.66,Cash
1367,09/22/2024,8,1069.0,7.0,224.49,11.22,$213.27,CREDIT
1368,09/22/2024,1,1460.0,10.0,172.3,17.23,$155.07,Debit
1369,09/22/2024,7,1370.0,29.0,50.55,2.53,$48.02,CASH
1370,09/22/2024,11,1428.0,11.0,203.26,4.07,$199.19, Cash 
1371,09/22/2024,8,1078.0,24.0,188.29,3.77,$184.52,CREDIT
1372,09/22/2024,11,1334.0,10.0,148.54,2.97,$145.57, Credit 
1373,09/22/2024,7,1122.0,8.0,138.29,2.77,$135.52, Debit 
1374,09/22/2024,7,1301.0,17.0,97.51,4.88,$92.63,cash 
1375,09/22/2024,12,1047.0,34.0,118.6,2.37,$116.23, Debit 
1376,09/22/2024,2,1188.0,23.0,241.28,12.06,$229.22, Debit 
1377,09/22/2024,4,1476.0,19.0,212.76,4.26,$208.50,Credit
1378,09/23/2024,7,1197.0,19.0,116.83,2.34,$114.49,Credit
1379,09/23/2024,12,1128.0,12.0,52.44,1.05,$51.39,credit 
1380,09/23/2024,3,1328.0,27.0,166.58,3.33,$163.25,Debit
1381,09/23/2024,4,1059.0,20.0,156.66,15.67,$140.99,Debit
1382,09/23/2024,4,1476.0,21.0,70.03,1.4,$68.63,Debit
1383,09/23/2024,10,1321.0,5.0,72.86,7.29,$65.57,Credit
1384,09/23/2024,1,1139.0,15.0,41.75,0.83,$40.92,Credit
1385,09/23/2024,1,1036.0,25.0,196.31,3.93,$192.38,Debit
1386,09/23/2024,1,1217.0,6.0,145.88,,$138.59,Credit
1387,09/23/2024,3,1142.0,8.0,90.87,4.54,$86.33,Credit
1388,09/23/2024,6,1449.0,9.0,119.7,2.39,$117.31,CREDIT
1389,09/23/2024,3,1274.0,27.0,135.06,2.7,$132.36,debit
1390,09/23/2024,4,1368.0,6.0,137.91,2.76,$135.15,debit
1391,09/23/2024,11,1032.0,29.0,47.84,4.78,$43.06,credit
1392,09/23/2024,2,1236.0,27.0,131.98,19.8,$112.18,cash
1393,09/23/2024,2,1126.0,23.0,74.95,3.75,$71.20,CASH
1394,09/24/2024,11,1259.0,29.0,319.0,47.85,$271.15,credit 
1395,09/24/2024,8,1311.0,33.0,203.52,4.07,$199.45,credit 
1396,09/24/2024,1,1371.0,4.0,167.36,25.1,$142.26, Credit 
1397,09/24/2024,9,1495.0,7.0,323.44,48.52,$274.92,Debit
1398,09/24/2024,10,1073.0,14.0,99.28,4.96,$94.32,credit
1399,09/24/2024,1,1086.0,28.0,170.98,25.65,$145.33,Credit
1400,09/24/2024,5,1291.0,11.0,40.16,0.8,$39.36,CREDIT
1401,09/24/2024,10,1232.0,22.0,256.47,12.82,$243.65,Debit
1402,09/24/2024,4,1479.0,24.0,36.21,0.72,$35.49,Cash
1403,09/24/2024,12,1136.0,12.0,79.97,4.0,$75.97,debit 
1404,09/24/2024,2,1025.0,6.0,284.08,28.41,$255.67,Credit
1405,09/24/2024,12,1113.0,12.0,92.62,1.85,$90.77,DEBIT
1406,09/24/2024,9,1036.0,7.0,73.3,1.47,$71.83,DEBIT
1407,09/24/2024,4,1358.0,27.0,186.44,3.73,$182.71,Cash
1408,09/24/2024,8,1423.0,17.0,172.78,8.64,$164.14,Credit
1409,09/24/2024,5,1390.0,5.0,119.29,2.39,$116.90,debit
1410,09/24/2024,6,1286.0,21.0,58.11,1.16,$56.95,cash
1411,09/25/2024,8,1174.0,33.0,141.65,7.08,$134.57,Debit
1412,09/25/2024,4,1007.0,6.0,212.84,10.64,$202.20,cash
1413,09/25/2024,3,1375.0,26.0,143.77,7.19,$136.58,Credit
1414,09/25/2024,7,1110.0,21.0,188.58,,$184.81,CREDIT
1415,09/25/2024,12,1332.0,3.0,46.06,4.61,$41.45,Credit
1416,09/25/2024,11,1219.0,25.0,91.16,1.82,$89.34,Credit
1416,09/25/2024,11,1219.0,25.0,91.16,1.82,$89.34,Credit
1417,09/25/2024,3,1391.0,16.0,228.91,11.45,$217.46,credit
1418,09/25/2024,6,1022.0,13.0,174.1,17.41,$156.69,Debit
1419,09/25/2024,11,1404.0,22.0,225.88,4.52,$221.36,Cash
1420,09/25/2024,7,1284.0,13.0,232.17,11.61,$220.56,Debit
1421,09/25/2024,10,1311.0,23.0,142.36,2.85,$139.51,DEBIT
1422,09/25/2024,10,1219.0,16.0,181.36,3.63,$177.73,Credit
1423,09/25/2024,4,1456.0,32.0,98.92,9.89,$89.03,cash
1424,09/25/2024,6,1364.0,29.0,25.09,1.25,$23.84,credit 
1425,09/25/2024,4,1264.0,18.0,86.25,12.94,$73.31,Credit
1426,09/25/2024,4,1392.0,8.0,216.88,4.34,$212.54,Debit
1427,09/26/2024,11,1303.0,12.0,163.83,8.19,$155.64,Credit
1428,09/26/2024,8,1311.0,8.0,116.04,2.32,$113.72,Credit
1429,09/26/2024,3,1346.0,9.0,55.55,1.11,$54.44,credit
1430,09/26/2024,4,1417.0,32.0,140.23,14.02,$126.21,Credit
1431,09/26/2024,11,1384.0,29.0,78.91,3.95,$74.96,Credit
1432,09/26/2024,11,1198.0,26.0,246.01,24.6,$221.41,Cash
1433,09/26/2024,3,1033.0,19.0,164.59,8.23,$156.36,DEBIT
1434,09/26/2024,9,1171.0,4.0,122.71,2.45,$120.26,Credit
1435,09/26/2024,6,1259.0,3.0,93.44,14.02,$79.42,Debit
1436,09/26/2024,2,1131.0,18.0,131.48,2.63,$128.85,cash
1437,09/26/2024,6,1360.0,20.0,148.4,22.26,$126.14, Credit 
1438,09/26/2024,10,1490.0,23.0,101.66,2.03,$99.63,Credit
1439,09/26/2024,5,1416.0,24.0,220.26,11.01,$209.25,Cash
1440,09/26/2024,1,1471.0,31.0,78.3,3.92,$74.38,Debit
1441,09/26/2024,9,1280.0,14.0,21.36,0.43,$20.93,cash
1442,09/26/2024,10,1424.0,29.0,90.85,1.82,$89.03,Debit
1443,09/26/2024,7,1291.0,13.0,19.06,0.38,$18.68,debit 
1444,09/27/2024,2,1090.0,8.0,165.21,8.26,$156.95,credit
1445,09/27/2024,6,1082.0,18.0,118.76,,$116.38,CREDIT
1446,09/27/2024,7,1077.0,27.0,181.98,3.64,$178.34,Debit
1447,09/27/2024,12,1416.0,8.0,234.67,11.73,$222.94,DEBIT
1448,09/27/2024,1,1115.0,14.0,49.0,0.98,$48.02,Credit
1449,09/27/2024,5,1182.0,13.0,96.46,1.93,,debit
1450,09/27/2024,8,1346.0,9.0,36.71,0.73,$35.98,Debit
1451,09/27/2024,2,1353.0,28.0,23.39,0.47,$22.92,CASH
1452,09/27/2024,6,1248.0,13.0,28.64,0.57,$28.07,DEBIT
1453,09/27/2024,2,1079.0,29.0,126.66,6.33,$120.33,Credit
1454,09/27/2024,1,1140.0,21.0,74.19,7.42,$66.77,Cash
1455,09/27/2024,10,1002.0,23.0,66.88,1.34,$65.54,cash 
1456,09/27/2024,7,1198.0,21.0,125.57,12.56,$113.01,Credit
1457,09/27/2024,8,1129.0,23.0,197.24,9.86,$187.38,cash 
1458,09/27/2024,4,1236.0,16.0,281.28,42.19,$239.09,Debit
1459,09/27/2024,3,1389.0,17.0,228.26,11.41,$216.85,Credit
1460,09/28/2024,1,1461.0,28.0,75.51,3.78,$71.73,Debit
1461,09/28/2024,7,1413.0,20.0,276.46,27.65,$248.81,Debit
1462,09/28/2024,5,1087.0,29.0,90.68,9.07,$81.61,Credit
1463,09/28/2024,12,1387.0,14.0,234.17,35.13,$199.04,Cash
1464,09/28/2024,6,1395.0,26.0,279.24,13.96,$265.28,Credit
1465,09/28/2024,2,1277.0,4.0,227.49,11.37,$216.12,Credit
1466,09/28/2024,5,1495.0,33.0,82.23,12.33,$69.90,Debit
1467,09/28/2024,8,1427.0,5.0,158.85,3.18,,Credit
1468,09/28/2024,2,1350.0,21.0,124.78,2.5,$122.28,Cash
1469,09/28/2024,8,1050.0,25.0,242.89,24.29,$218.60,Debit
1470,09/28/2024,5,1100.0,15.0,231.4,11.57,$219.83,Debit
1471,09/28/2024,2,1232.0,21.0,130.24,6.51,$123.73, Cash 
1472,09/28/2024,8,1170.0,11.0,42.72,6.41,$36.31,Cash
1473,09/28/2024,9,1277.0,23.0,39.15,1.96,$37.19,Credit
1474,09/28/2024,11,1408.0,9.0,220.55,11.03,$209.52,cash
1475,09/28/2024,1,1457.0,9.0,181.24,3.62,$177.62,Credit
1476,09/29/2024,2,1046.0,26.0,84.05,1.68,$82.37,debit
1477,09/29/2024,1,1185.0,13.0,143.5,7.18,$136.32, Debit 
1478,09/29/2024,10,1122.0,8.0,115.55,2.31,$113.24,CREDIT
1479,09/29/2024,4,1198.0,26.0,212.36,21.24,$191.12,CASH
1480,09/29/2024,1,1020.0,16.0,56.92,1.14,$55.78,Credit
1481,09/29/2024,2,1308.0,18.0,235.33,4.71,$230.62,credit
1482,09/29/2024,1,,31.0,57.7,,$56.55,Cash
1482,09/29/2024,1,,31.0,57.7,,$56.55,Cash
1483,09/29/2024,3,1496.0,4.0,185.55,18.56,$166.99,debit
1484,09/29/2024,9,1236.0,19.0,243.64,36.55,$207.09,CASH
1485,09/29/2024,6,1275.0,19.0,168.87,3.38,$165.49,Cash
1486,09/29/2024,10,1324.0,32.0,167.57,16.76,$150.81,Credit
1487,09/29/2024,5,1458.0,31.0,133.27,6.66,$126.61,Debit
1488,09/29/2024,12,1278.0,31.0,48.61,4.86,$43.75,Credit
1489,09/29/2024,2,1151.0,19.0,191.59,9.58,$182.01,Credit
1490,09/29/2024,11,1110.0,28.0,239.58,4.79,$234.79,Debit
1491,09/29/2024,2,1090.0,32.0,261.64,13.08,$248.56,cash
1492,09/29/2024,3,1137.0,20.0,170.21,8.51,$161.70,credit
1493,09/30/2024,7,1097.0,33.0,121.47,6.07,$115.40,Credit
1494,09/30/2024,8,1101.0,24.0,232.92,11.65,$221.27,Cash
1495,09/30/2024,11,1294.0,32.0,152.48,15.25,$137.23,Credit
1496,09/30/2024,12,1058.0,22.0,117.9,,$106.11,credit 
1497,09/30/2024,8,1393.0,5.0,206.16,4.12,$202.04,Debit
1498,09/30/2024,3,1309.0,30.0,193.69,19.37,$174.32,DEBIT
1499,09/30/2024,1,1140.0,10.0,211.24,21.12,$190.12,Credit
1500,09/30/2024,10,1374.0,22.0,98.65,4.93,$93.72,debit
1501,09/30/2024,11,1305.0,3.0,194.37,29.16,$165.21,credit
1502,09/30/2024,8,1459.0,12.0,56.58,5.66,$50.92,credit 
1503,09/30/2024,5,1461.0,7.0,213.85,10.69,$203.16,Cash
1504,09/30/2024,9,1317.0,10.0,108.82,,$103.38,Cash
1505,09/30/2024,4,1417.0,34.0,175.44,17.54,$157.90,Credit
1506,09/30/2024,4,1434.0,27.0,78.67,3.93,$74.74,credit
1507,09/30/2024,4,1061.0,24.0,146.91,7.35,$139.56,CASH
1508,09/30/2024,10,1213.0,19.0,80.71,4.04,$76.67,Credit
1509,10/01/2024,9,1158.0,29.0,75.43,3.77,$71.66, Credit 
1510,10/01/2024,11,1481.0,5.0,95.64,1.91,$93.73,debit
1511,10/01/2024,5,1370.0,25.0,198.1,9.91,$188.19,DEBIT
1512,10/01/2024,6,1257.0,30.0,92.97,4.65,$88.32,debit
1513,10/01/2024,8,1376.0,24.0,246.84,4.94,$241.90,debit 
1514,10/01/2024,12,1360.0,13.0,273.48,41.02,$232.46,Cash
1515,10/01/2024,8,1181.0,9.0,303.98,,$258.38,Debit
1516,10/01/2024,2,1293.0,6.0,91.16,1.82,$89.34,Credit
1517,10/01/2024,10,1443.0,24.0,195.53,9.78,$185.75,cash
1518,10/01/2024,8,1482.0,33.0,229.49,22.95,$206.54,Cash
1519,10/01/2024,8,1275.0,8.0,83.35,1.67,$81.68,Debit
1520,10/01/2024,5,1330.0,27.0,199.25,3.98,$195.27,Cash
1521,10/01/2024,11,1159.0,27.0,92.0,4.6,$87.40,Debit
1522,10/01/2024,8,1480.0,6.0,201.51,10.08,$191.43,Credit
1523,10/01/2024,3,1489.0,5.0,64.59,9.69,$54.90,debit 
1524,10/01/2024,2,1439.0,28.0,94.96,1.9,$93.06,credit
1525,10/01/2024,6,1439.0,24.0,192.73,3.85,$188.88,Credit
1526,10/02/2024,3,1407.0,34.0,66.92,6.69,$60.23,Cash
1527,10/02/2024,12,1216.0,3.0,197.11,3.94,$193.17,Cash
1528,10/02/2024,4,1333.0,33.0,100.99,2.02,$98.97,Credit
1529,10/02/2024,7,1147.0,28.0,112.11,5.61,$106.50,Debit
1530,10/02/2024,6,1035.0,12.0,270.27,13.51,$256.76,Debit
1531,10/02/2024,10,1276.0,20.0,129.82,6.49,$123.33,Debit
1532,10/02/2024,12,1431.0,17.0,243.48,4.87,$238.61,CREDIT
1533,10/02/2024,4,1455.0,17.0,242.88,4.86,$238.02,CREDIT
1534,10/02/2024,8,1464.0,30.0,42.6,0.85,$41.75,credit 
1535,10/02/2024,3,1378.0,21.0,97.64,1.95,$95.69,Debit
1536,10/02/2024,2,1309.0,19.0,59.94,5.99,$53.95,Debit
1537,10/02/2024,6,1050.0,16.0,145.07,14.51,$130.56,credit
1538,10/02/2024,5,1360.0,23.0,126.69,19.0,$107.69,CREDIT
1539,10/02/2024,3,1432.0,17.0,291.95,29.2,$262.75,Debit
1540,10/02/2024,7,1451.0,19.0,111.01,5.55,$105.46,Credit
1541,10/02/2024,9,1144.0,34.0,138.02,2.76,$135.26,cash
1542,10/03/2024,7,1009.0,30.0,209.27,20.93,,Cash
1543,10/03/2024,8,1212.0,25.0,172.47,3.45,$169.02,Cash
1544,10/03/2024,5,1087.0,5.0,161.6,16.16,$145.44,credit
1545,10/03/2024,5,1379.0,12.0,16.61,0.33,$16.28,Credit
1546,10/03/2024,12,1008.0,27.0,94.56,4.73,$89.83, Credit 
1547,10/03/2024,9,1456.0,24.0,34.45,3.45,$31.00,CREDIT
1548,10/03/2024,7,1132.0,26.0,59.05,2.95,$56.10,Credit
1549,10/03/2024,6,1169.0,10.0,199.26,9.96,$189.30,cash
1550,10/03/2024,10,1175.0,,125.98,6.3,$119.68,cash
1551,10/03/2024,11,1209.0,24.0,90.82,4.54,$86.28,cash
1552,10/03/2024,2,1145.0,18.0,284.96,14.25,$270.71,Credit
1553,10/03/2024,11,1214.0,20.0,105.6,2.11,$103.49,Credit
1554,10/03/2024,10,1169.0,30.0,215.99,10.8,$205.19,Debit
1555,10/03/2024,8,1253.0,26.0,99.92,2.0,$97.92, Credit 
1556,10/03/2024,10,1041.0,28.0,198.15,3.96,$194.19,Cash
1557,10/03/2024,3,1088.0,28.0,258.9,12.95,$245.95,Debit
1558,10/04/2024,5,1174.0,28.0,113.0,5.65,$107.35,Credit
1559,10/04/2024,4,1004.0,8.0,172.73,17.27,$155.46,debit
1560,10/04/2024,5,,11.0,19.12,0.38,$18.74,Credit
1561,10/04/2024,8,1295.0,32.0,193.82,3.88,$189.94,Cash
1562,10/04/2024,5,1186.0,20.0,254.48,38.17,$216.31,DEBIT
1563,10/04/2024,5,1124.0,18.0,127.04,2.54,$124.50,Cash
1564,10/04/2024,12,1214.0,29.0,114.29,,$112.00,Debit
1565,10/04/2024,9,1467.0,16.0,218.51,4.37,$214.14,Debit
1566,10/04/2024,5,1250.0,15.0,371.55,55.73,$315.82,credit
1567,10/04/2024,5,1358.0,22.0,148.31,2.97,$145.34,Debit
1568,10/04/2024,5,1426.0,33.0,257.36,25.74,$231.62,Cash
1569,10/04/2024,5,1442.0,20.0,267.14,13.36,$253.78,Cash
1570,10/04/2024,7,1218.0,3.0,57.36,2.87,$54.49,credit 
1571,10/04/2024,9,1332.0,28.0,24.92,2.49,$22.43,Debit
1572,10/04/2024,8,1310.0,26.0,78.42,7.84,$70.58,Debit
1573,10/04/2024,12,1037.0,31.0,86.1,1.72,$84.38,Cash
1574,10/04/2024,8,1310.0,30.0,146.2,14.62,$131.58,Debit
1575,10/05/2024,4,,30.0,179.61,,$176.02,cash
1576,10/05/2024,6,1447.0,6.0,161.62,3.23,$158.39,Credit
1577,10/05/2024,11,1236.0,13.0,344.55,51.68,$292.87,Credit
1578,10/05/2024,10,1203.0,20.0,102.35,2.05,$100.30,Credit
1579,10/05/2024,2,1477.0,6.0,125.37,2.51,$122.86,Credit
1580,10/05/2024,11,1217.0,20.0,74.04,3.7,$70.34,credit 
1581,10/05/2024,3,1147.0,17.0,213.74,10.69,$203.05,Credit
1582,10/05/2024,8,1063.0,7.0,263.7,13.19,$250.51,Cash
1583,10/05/2024,9,1205.0,14.0,217.72,4.35,$213.37,Credit
1584,10/05/2024,2,1354.0,4.0,306.48,45.97,$260.51,Credit
1585,10/05/2024,6,1213.0,9.0,226.73,11.34,$215.39, Credit 
1586,10/05/2024,12,1498.0,6.0,22.06,0.44,$21.62,Credit
1587,10/05/2024,12,1209.0,16.0,97.53,4.88,$92.65,Cash
1588,10/05/2024,9,1030.0,31.0,91.06,9.11,$81.95,Credit
1589,10/05/2024,9,1127.0,12.0,164.79,3.3,$161.49,Cash
1590,10/05/2024,1,1239.0,8.0,42.18,2.11,$40.07,DEBIT
1591,10/06/2024,8,1321.0,16.0,232.87,23.29,$209.58,DEBIT
1592,10/06/2024,12,1024.0,22.0,257.32,12.87,$244.45,Cash
1593,10/06/2024,8,1237.0,20.0,115.03,2.3,$112.73,Cash
1594,10/06/2024,9,1264.0,12.0,108.34,16.25,$92.09,Credit
1595,10/06/2024,10,1339.0,30.0,128.47,,,CASH
1596,10/06/2024,12,1326.0,24.0,218.67,4.37,$214.30,credit
1597,10/06/2024,11,1282.0,25.0,73.38,1.47,$71.91,credit
1597,10/06/2024,11,1282.0,25.0,73.38,1.47,$71.91,credit
1598,10/06/2024,11,1320.0,18.0,271.05,27.11,$243.94,credit 
1599,10/06/2024,10,1065.0,16.0,212.04,10.6,$201.44,Cash
1600,10/06/2024,4,1240.0,14.0,180.69,9.03,$171.66,Credit
1601,10/06/2024,2,1291.0,22.0,16.7,,$16.37,Debit
1602,10/06/2024,7,,,194.43,3.89,$190.54,Credit
1603,10/06/2024,3,1420.0,34.0,92.08,4.6,$87.48,Cash
1604,10/06/2024,5,1164.0,12.0,111.63,2.23,$109.40,debit
1605,10/06/2024,11,1195.0,9.0,52.9,1.06,$51.84,Credit
1606,10/06/2024,7,1243.0,11.0,108.16,2.16,$106.00,credit
1607,10/06/2024,4,1468.0,28.0,71.36,3.57,$67.79,debit 
1608,10/07/2024,8,1325.0,19.0,137.4,2.75,$134.65,Credit
1609,10/07/2024,2,1028.0,4.0,167.28,8.36,$158.92,CREDIT
1610,10/07/2024,11,1329.0,3.0,39.08,1.95,$37.13,credit
1611,10/07/2024,7,1132.0,21.0,105.22,5.26,$99.96,Credit
1612,10/07/2024,9,1145.0,3.0,78.27,3.91,$74.36,CREDIT
1613,10/07/2024,11,1305.0,9.0,59.32,8.9,$50.42,CREDIT
1614,10/07/2024,10,1025.0,18.0,170.17,17.02,$153.15,Cash
1615,10/07/2024,5,1266.0,3.0,114.77,2.3,$112.47, Debit 
1616,10/07/2024,2,1045.0,34.0,72.63,1.45,$71.18,DEBIT
1617,10/07/2024,9,1273.0,18.0,40.2,2.01,$38.19,credit
1618,10/07/2024,9,1134.0,17.0,225.99,11.3,$214.69,Credit
1619,10/07/2024,8,1420.0,17.0,30.81,1.54,$29.27,Debit
1620,10/07/2024,5,1008.0,27.0,204.49,10.22,$194.27,debit 
1621,10/07/2024,9,1253.0,18.0,164.27,3.29,$160.98,debit 
1622,10/07/2024,3,1133.0,25.0,138.48,6.92,$131.56,Cash
1623,10/07/2024,3,1353.0,22.0,184.36,,$180.67,Credit
1624,10/08/2024,5,1319.0,23.0,145.92,7.3,$138.62,Credit
1625,10/08/2024,10,,31.0,201.84,4.04,$197.80,Credit
1626,10/08/2024,4,1494.0,22.0,175.52,8.78,$166.74,CREDIT
1627,10/08/2024,6,1497.0,4.0,224.25,4.49,$219.76,Cash
1628,10/08/2024,10,1251.0,19.0,29.84,2.98,$26.86, Debit 
1629,10/08/2024,7,1250.0,23.0,280.91,42.14,,Credit
1630,10/08/2024,9,1431.0,21.0,175.24,3.5,$171.74,credit
1631,10/08/2024,3,1025.0,12.0,149.08,14.91,$134.17,debit
1632,10/08/2024,5,1272.0,34.0,346.89,52.03,$294.86,Debit
1633,10/08/2024,9,1148.0,21.0,24.37,0.49,$23.88,Credit
1634,10/08/2024,6,1368.0,32.0,121.19,2.42,$118.77,Cash
1635,10/08/2024,3,1482.0,8.0,40.33,4.03,,Credit
1636,10/08/2024,1,1098.0,27.0,259.58,25.96,$233.62,debit
1637,10/08/2024,5,1255.0,10.0,123.28,2.47,$120.81,debit
1638,10/08/2024,3,1351.0,13.0,246.04,4.92,$241.12,cash 
1639,10/08/2024,8,1316.0,7.0,208.26,4.17,$204.09,Debit
1640,10/09/2024,5,1120.0,24.0,147.71,2.95,$144.76,Credit
1641,10/09/2024,6,1208.0,33.0,232.52,4.65,$227.87,Credit
1642,10/09/2024,4,1070.0,7.0,115.85,5.79,$110.06,credit
1643,10/09/2024,9,1118.0,7.0,199.78,19.98,$179.80,cash 
1644,10/09/2024,8,1356.0,23.0,174.75,17.48,$157.27,Debit
1645,10/09/2024,3,1173.0,24.0,246.85,,$234.51,Credit
1646,10/09/2024,8,1070.0,11.0,279.59,13.98,, Debit 
1647,10/09/2024,7,1433.0,29.0,57.03,1.14,$55.89,Credit
1648,10/09/2024,5,1291.0,32.0,227.95,4.56,$223.39,DEBIT
1649,10/09/2024,1,1382.0,29.0,239.79,11.99,$227.80,CREDIT
1650,10/09/2024,6,1075.0,17.0,123.87,6.19,$117.68,Credit
1651,10/09/2024,9,1015.0,23.0,192.8,3.86,$188.94,Credit
1652,10/09/2024,10,1342.0,12.0,105.92,2.12,$103.80,Credit
1653,10/09/2024,2,1278.0,8.0,136.94,,$123.25,CASH
1654,10/09/2024,9,1376.0,7.0,80.56,1.61,$78.95,Credit
1655,10/09/2024,10,1361.0,9.0,195.48,29.32,$166.16, Credit 
1656,10/09/2024,12,1233.0,24.0,66.82,6.68,$60.14,debit
1657,10/10/2024,1,1419.0,15.0,210.61,4.21,$206.40,Debit
1658,10/10/2024,6,1489.0,6.0,371.36,55.7,$315.66,Cash
1659,10/10/2024,5,1366.0,23.0,146.84,2.94,$143.90,CASH
1660,10/10/2024,12,1412.0,16.0,34.43,1.72,$32.71,Debit
1661,10/10/2024,10,1264.0,33.0,24.08,3.61,$20.47,CREDIT
1662,10/10/2024,6,1318.0,27.0,89.02,1.78,$87.24,credit 
1663,10/10/2024,4,1136.0,21.0,286.43,14.32,$272.11,Cash
1664,10/10/2024,7,1484.0,26.0,203.66,20.37,$183.29,Debit
1665,10/10/2024,8,1058.0,3.0,209.53,20.95,$188.58, Credit 
1666,10/10/2024,3,1324.0,4.0,107.3,10.73,$96.57,Debit
1667,10/10/2024,10,1284.0,9.0,37.98,1.9,$36.08,Credit
1668,10/10/2024,7,1298.0,17.0,56.29,2.81,$53.48,Credit
1669,10/10/2024,4,1039.0,8.0,287.33,14.37,$272.96,Cash
1670,10/10/2024,5,1017.0,17.0,112.47,2.25,$110.22,Debit
1671,10/10/2024,2,1199.0,22.0,121.0,12.1,$108.90,Cash
1672,10/10/2024,6,1022.0,20.0,282.44,28.24,$254.20,debit
1673,10/11/2024,5,1470.0,33.0,263.43,13.17,$250.26,Credit
1674,10/11/2024,6,1471.0,30.0,93.86,4.69,$89.17,Debit
1675,10/11/2024,8,1291.0,26.0,28.6,0.57,$28.03,Credit
1676,10/11/2024,7,,13.0,166.81,3.34,$163.47,credit
1677,10/11/2024,2,1145.0,19.0,121.72,6.09,$115.63,Credit
1678,10/11/2024,9,1031.0,12.0,161.62,3.23,$158.39,Credit
1679,10/11/2024,1,1457.0,6.0,127.9,2.56,$125.34,credit
1680,10/11/2024,5,1406.0,32.0,193.21,3.86,$189.35,Debit
1681,10/11/2024,9,1066.0,23.0,53.86,1.08,$52.78,Debit
1682,10/11/2024,3,1152.0,22.0,72.2,3.61,$68.59,credit
1683,10/11/2024,5,1119.0,33.0,59.19,8.88,$50.31,Credit
1684,10/11/2024,1,1208.0,3.0,217.01,4.34,$212.67,CREDIT
1685,10/11/2024,12,1055.0,22.0,198.49,3.97,$194.52,Debit
1686,10/11/2024,2,1476.0,3.0,144.77,2.9,$141.87,cash
1687,10/11/2024,6,1279.0,11.0,40.36,0.81,$39.55, Cash 
1688,10/11/2024,9,1463.0,29.0,267.0,40.05,$226.95,Credit
1689,10/12/2024,1,1111.0,26.0,152.83,15.28,$137.55,Credit
1690,10/12/2024,4,1317.0,24.0,41.91,2.1,$39.81,DEBIT
1691,10/12/2024,12,1046.0,13.0,81.69,1.63,$80.06, Debit 
1692,10/12/2024,11,1083.0,24.0,78.94,1.58,$77.36,cash 
1693,10/12/2024,7,1311.0,13.0,228.66,4.57,$224.09,credit
1694,10/12/2024,1,1235.0,9.0,69.63,1.39,$68.24,Debit
1695,10/12/2024,12,1442.0,26.0,238.58,11.93,$226.65,CASH
1696,10/12/2024,4,1362.0,4.0,280.77,28.08,$252.69,Debit
1697,10/12/2024,10,1259.0,33.0,360.27,,$306.23,Debit
1698,10/12/2024,7,1091.0,33.0,204.56,4.09,$200.47, Credit 
1699,10/12/2024,10,1202.0,20.0,224.56,11.23,$213.33,debit
1700,10/12/2024,11,1095.0,24.0,243.58,24.36,$219.22,Cash
1701,10/12/2024,11,1425.0,16.0,98.38,4.92,$93.46,debit 
1702,10/12/2024,3,1424.0,17.0,220.71,4.41,$216.30,Credit
1702,10/12/2024,3,1424.0,17.0,220.71,4.41,$216.30,Credit
1703,10/12/2024,11,1360.0,21.0,159.23,23.88,$135.35, Debit 
1704,10/12/2024,2,1209.0,18.0,61.44,3.07,$58.37,DEBIT
1705,10/12/2024,12,1476.0,13.0,176.62,3.53,$173.09,Debit
1706,10/13/2024,2,1383.0,9.0,71.65,1.43,$70.22,DEBIT
1707,10/13/2024,6,1277.0,18.0,69.8,3.49,$66.31,DEBIT
1708,10/13/2024,12,1253.0,11.0,118.77,,$116.39,Cash
1709,10/13/2024,3,1259.0,34.0,215.49,32.32,$183.17,Debit
1710,10/13/2024,12,1027.0,12.0,39.87,0.8,$39.07,Debit
1711,10/13/2024,8,1331.0,25.0,42.91,0.86,$42.05,Cash
1712,10/13/2024,2,1470.0,23.0,217.7,10.88,$206.82,Cash
1713,10/13/2024,7,1435.0,4.0,111.52,5.58,$105.94,credit 
1714,10/13/2024,4,1317.0,7.0,109.62,5.48,$104.14,Credit
1715,10/13/2024,2,1059.0,8.0,238.64,23.86,$214.78,Credit
1716,10/13/2024,7,1221.0,12.0,223.98,4.48,$219.50,debit
1717,10/13/2024,1,1175.0,22.0,225.96,11.3,$214.66,credit 
1718,10/13/2024,12,1117.0,10.0,239.23,4.78,$234.45,CREDIT
1719,10/13/2024,12,1435.0,3.0,263.81,13.19,$250.62,cash
1720,10/13/2024,8,1345.0,11.0,275.53,13.78,$261.75,Credit
1721,10/13/2024,4,1257.0,30.0,133.68,6.68,$127.00,cash
1722,10/14/2024,12,1144.0,17.0,129.39,2.59,$126.80, Credit 
1723,10/14/2024,10,1261.0,18.0,113.33,2.27,$111.06,credit
1724,10/14/2024,7,1202.0,32.0,269.4,13.47,$255.93,debit
1725,10/14/2024,7,1445.0,8.0,210.15,4.2,$205.95,Credit
1726,10/14/2024,9,1480.0,34.0,91.9,4.6,$87.30,DEBIT
1727,10/14/2024,3,1158.0,24.0,281.46,14.07,$267.39,debit 
1728,10/14/2024,12,1426.0,19.0,226.86,22.69,$204.17,Credit
1729,10/14/2024,5,1405.0,7.0,245.09,4.9,$240.19,Debit
1730,10/14/2024,7,1151.0,28.0,283.73,14.19,$269.54,Cash
1731,10/14/2024,10,1407.0,31.0,217.33,21.73,$195.60,Cash
1732,10/14/2024,5,1471.0,24.0,278.16,13.91,$264.25,credit
1733,10/14/2024,3,1259.0,8.0,173.18,25.98,$147.20,Credit
1734,10/14/2024,10,1263.0,9.0,137.6,6.88,$130.72,Debit
1735,10/14/2024,6,1395.0,23.0,195.17,9.76,$185.41,Cash
1736,10/14/2024,8,1039.0,19.0,286.83,14.34,$272.49,debit
1737,10/14/2024,5,1078.0,22.0,139.97,2.8,$137.17,CREDIT
1738,10/14/2024,3,1047.0,5.0,156.38,3.13,$153.25, Debit 
1739,10/15/2024,1,1140.0,24.0,161.25,16.12,$145.13,Credit
1740,10/15/2024,3,1087.0,,42.63,4.26,$38.37, Credit 
1741,10/15/2024,9,1401.0,17.0,234.62,,$229.93,cash
1742,10/15/2024,9,1003.0,33.0,174.93,,$171.43,CASH
1743,10/15/2024,12,1451.0,15.0,80.42,4.02,$76.40,Debit
1744,10/15/2024,5,1452.0,29.0,88.16,1.76,$86.40,Debit
1745,10/15/2024,3,1371.0,8.0,59.19,8.88,$50.31,debit
1746,10/15/2024,12,1128.0,23.0,66.4,,$65.07,cash 
1747,10/15/2024,3,1458.0,33.0,62.23,3.11,$59.12, Cash 
1748,10/15/2024,12,1471.0,5.0,115.1,5.75,$109.35,Credit
1749,10/15/2024,3,1334.0,34.0,168.88,3.38,$165.50,Debit
1750,10/15/2024,7,,28.0,206.14,20.61,$185.53,Cash
1751,10/15/2024,7,1198.0,13.0,70.33,7.03,$63.30,Credit
1752,10/15/2024,9,1260.0,8.0,194.08,3.88,$190.20, Cash 
1753,10/15/2024,10,1453.0,19.0,172.4,25.86,$146.54,cash 
1754,10/15/2024,2,1032.0,20.0,118.56,11.86,$106.70,Credit
1755,10/16/2024,9,1197.0,32.0,95.69,1.91,$93.78,debit 
1756,10/16/2024,3,1373.0,3.0,112.79,5.64,$107.15,cash
1757,10/16/2024,7,1107.0,24.0,226.57,11.33,$215.24,Debit
1758,10/16/2024,12,1293.0,31.0,38.85,0.78,$38.07,Debit
1759,10/16/2024,6,1172.0,6.0,169.41,3.39,$166.02,Credit
1760,10/16/2024,6,1065.0,11.0,155.46,7.77,$147.69,Cash
1761,10/16/2024,4,1345.0,17.0,37.03,1.85,$35.18,Credit
1762,10/16/2024,5,1429.0,21.0,57.78,5.78,$52.00,Cash
1763,10/16/2024,4,1189.0,6.0,213.74,10.69,$203.05,Debit
1764,10/16/2024,3,1112.0,28.0,95.05,1.9,$93.15,debit
1765,10/16/2024,9,1094.0,9.0,34.23,0.68,$33.55,credit 
1766,10/16/2024,9,1317.0,3.0,50.42,2.52,$47.90,credit
1766,10/16/2024,9,1317.0,3.0,50.42,2.52,$47.90,credit
1767,10/16/2024,3,1495.0,30.0,91.41,13.71,$77.70,Debit
1768,10/16/2024,1,1313.0,12.0,29.36,0.59,$28.77,Credit
1769,10/16/2024,3,1378.0,17.0,91.39,1.83,$89.56,CREDIT
1770,10/16/2024,6,1119.0,14.0,174.56,,$148.38,Cash
1771,10/17/2024,10,1120.0,4.0,195.3,3.91,$191.39,Credit
1772,10/17/2024,10,1029.0,26.0,40.14,2.01,$38.13,Debit
1773,10/17/2024,3,1432.0,7.0,277.46,27.75,$249.71,Cash
1774,10/17/2024,5,1495.0,25.0,301.73,45.26,$256.47,Credit
1774,10/17/2024,5,1495.0,25.0,301.73,45.26,$256.47,Credit
1775,10/17/2024,1,1148.0,19.0,191.09,3.82,$187.27,debit
1776,10/17/2024,2,1496.0,32.0,279.33,27.93,$251.40,CASH
1777,10/17/2024,4,1216.0,6.0,135.9,2.72,$133.18,Debit
1778,10/17/2024,4,1314.0,31.0,69.93,3.5,$66.43,Cash
1779,10/17/2024,6,1258.0,13.0,115.76,5.79,$109.97,CASH
1780,10/17/2024,5,1317.0,23.0,113.01,5.65,$107.36,credit 
1781,10/17/2024,12,1262.0,29.0,231.27,34.69,$196.58, Credit 
1782,10/17/2024,1,1263.0,23.0,272.62,13.63,$258.99,credit
1783,10/17/2024,6,1484.0,5.0,176.29,,$158.66,Cash
1784,10/17/2024,5,1179.0,9.0,151.94,7.6,$144.34,Credit
1785,10/17/2024,9,1215.0,28.0,131.69,6.58,$125.11,cash
1786,10/17/2024,4,1180.0,30.0,93.52,1.87,$91.65,debit
1787,10/17/2024,6,1035.0,14.0,101.29,5.06,$96.23,Cash
1788,10/18/2024,8,1046.0,31.0,56.55,1.13,$55.42,Credit
1789,10/18/2024,3,1219.0,15.0,156.32,3.13,$153.19,credit
1790,10/18/2024,5,1085.0,15.0,189.96,9.5,$180.46,debit 
1791,10/18/2024,12,1087.0,16.0,307.63,30.76,$276.87,DEBIT
1792,10/18/2024,9,1310.0,10.0,191.57,19.16,$172.41,credit
1793,10/18/2024,2,1095.0,22.0,35.2,3.52,$31.68, Debit 
1794,10/18/2024,10,1351.0,31.0,155.29,3.11,$152.18,Credit
1795,10/18/2024,12,1134.0,22.0,152.96,7.65,$145.31,Cash
1796,10/18/2024,5,1292.0,7.0,86.79,13.02,$73.77,Credit
1797,10/18/2024,12,1143.0,20.0,108.61,2.17,$106.44,Cash
1798,10/18/2024,9,1024.0,9.0,282.51,14.13,$268.38,credit
1799,10/18/2024,1,1454.0,23.0,295.44,29.54,$265.90,Debit
1800,10/18/2024,2,1290.0,12.0,150.8,7.54,$143.26,Credit
1801,10/18/2024,3,1058.0,28.0,35.75,3.58,$32.17,cash
1802,10/18/2024,11,1242.0,5.0,128.59,2.57,$126.02,Debit
1803,10/18/2024,3,1246.0,4.0,313.52,31.35,$282.17,Credit
1804,10/19/2024,12,1240.0,6.0,24.51,,$23.28,credit 
1805,10/19/2024,2,1481.0,23.0,108.86,,$106.68, Cash 
1806,10/19/2024,5,1392.0,5.0,54.05,1.08,$52.97,Debit
1807,10/19/2024,1,1218.0,28.0,206.64,10.33,$196.31,Cash
1808,10/19/2024,4,1377.0,32.0,22.74,1.14,$21.60,debit
1809,10/19/2024,2,1101.0,21.0,82.4,4.12,$78.28, Credit 
1810,10/19/2024,9,1325.0,22.0,94.24,1.88,$92.36,Credit
1811,10/19/2024,6,1433.0,3.0,223.18,,$218.72,Debit
1812,10/19/2024,5,1458.0,6.0,174.33,,$165.61,Debit
1813,10/19/2024,3,1431.0,,80.27,1.61,$78.66,Cash
1814,10/19/2024,1,1363.0,22.0,326.73,49.01,$277.72,Credit
1815,10/19/2024,9,1132.0,10.0,230.99,11.55,$219.44,credit
1816,10/19/2024,5,1418.0,19.0,179.12,3.58,$175.54,Debit
1817,10/19/2024,6,1013.0,21.0,213.39,10.67,$202.72, Cash 
1818,10/19/2024,12,1245.0,18.0,238.35,4.77,$233.58,CASH
1819,10/19/2024,6,1376.0,11.0,15.82,0.32,$15.50,Credit
1820,10/19/2024,5,1190.0,12.0,232.95,4.66,$228.29,Debit
1821,10/20/2024,3,1047.0,27.0,188.44,3.77,$184.67,Cash
1822,10/20/2024,7,1417.0,26.0,228.33,22.83,$205.50,debit 
1823,10/20/2024,2,1369.0,9.0,57.75,2.89,$54.86,Credit
1824,10/20/2024,8,1477.0,25.0,83.99,1.68,$82.31,Credit
1825,10/20/2024,2,1106.0,10.0,73.9,3.7,$70.20,Debit
1826,10/20/2024,8,1058.0,30.0,241.02,24.1,$216.92,Cash
1827,10/20/2024,9,1004.0,25.0,109.3,10.93,$98.37,Debit
1828,10/20/2024,3,1381.0,29.0,266.12,39.92,$226.20, Cash 
1829,10/20/2024,9,1495.0,14.0,152.31,22.85,$129.46,Credit
1830,10/20/2024,1,1292.0,26.0,81.2,12.18,$69.02,Debit
1831,10/20/2024,1,1433.0,19.0,195.62,3.91,$191.71,Debit
1832,10/20/2024,5,,34.0,162.48,8.12,$154.36, Debit 
1833,10/20/2024,8,1184.0,12.0,151.66,7.58,$144.08,debit
1834,10/20/2024,10,1361.0,32.0,256.92,,$218.38,Credit
1835,10/20/2024,10,1095.0,3.0,60.61,6.06,$54.55,Cash
1836,10/20/2024,11,1292.0,33.0,246.52,36.98,$209.54,Credit
1837,10/21/2024,10,1500.0,32.0,245.01,12.25,$232.76,Cash
1838,10/21/2024,2,1456.0,11.0,90.53,9.05,$81.48,credit
1839,10/21/2024,9,1043.0,20.0,65.6,3.28,$62.32,Credit
1840,10/21/2024,2,1292.0,34.0,56.9,8.54,$48.36,Debit
1841,10/21/2024,3,1185.0,26.0,226.14,11.31,$214.83,Debit
1842,10/21/2024,3,1302.0,25.0,214.77,,$204.03,Credit
1843,10/21/2024,7,1246.0,24.0,54.89,5.49,$49.40,Credit
1844,10/21/2024,12,1250.0,6.0,219.17,32.88,$186.29,debit
1845,10/21/2024,7,1051.0,14.0,218.97,4.38,$214.59,Credit
1846,10/21/2024,9,1322.0,12.0,238.48,23.85,$214.63, Credit 
1847,10/21/2024,1,1042.0,29.0,240.52,12.03,$228.49,Cash
1848,10/21/2024,7,1443.0,14.0,232.79,11.64,$221.15,Credit
1849,10/21/2024,10,1254.0,21.0,81.69,1.63,$80.06,CREDIT
1850,10/21/2024,3,1158.0,22.0,45.0,2.25,$42.75,Debit
1851,10/21/2024,10,1273.0,6.0,241.8,,$229.71,CASH
1852,10/21/2024,12,1434.0,20.0,286.7,14.34,$272.36, Credit 
1853,10/22/2024,3,1292.0,5.0,157.34,23.6,$133.74,cash
1854,10/22/2024,7,1150.0,15.0,27.7,0.55,$27.15,DEBIT
1855,10/22/2024,8,1118.0,31.0,80.26,8.03,$72.23,Debit
1856,10/22/2024,2,1207.0,17.0,201.56,10.08,$191.48,Debit
1857,10/22/2024,5,1355.0,20.0,219.42,4.39,$215.03,Debit
1858,10/22/2024,8,1042.0,19.0,124.49,6.22,$118.27,credit
1859,10/22/2024,8,1451.0,24.0,277.86,13.89,$263.97,Debit
1860,10/22/2024,9,1035.0,29.0,94.42,4.72,$89.70,cash
1861,10/22/2024,12,1374.0,19.0,122.26,6.11,$116.15,Credit
1862,10/22/2024,8,1114.0,16.0,225.41,4.51,$220.90,Credit
1863,10/22/2024,6,1332.0,10.0,187.8,18.78,$169.02,Debit
1864,10/22/2024,2,1159.0,16.0,27.58,,$26.20,Credit
1865,10/22/2024,9,1284.0,26.0,174.89,8.74,$166.15,CREDIT
1866,10/22/2024,5,1165.0,23.0,43.78,2.19,$41.59,CREDIT
1867,10/22/2024,6,1070.0,18.0,45.44,2.27,$43.17,CREDIT
1868,10/22/2024,6,1042.0,23.0,175.62,8.78,$166.84,Cash
1869,10/22/2024,1,1010.0,8.0,33.2,0.66,$32.54,debit 
1870,10/23/2024,7,1233.0,28.0,224.46,22.45,$202.01,Credit
1871,10/23/2024,4,1091.0,21.0,187.76,3.76,$184.00,Cash
1872,10/23/2024,1,1261.0,32.0,204.04,4.08,$199.96,Credit
1873,10/23/2024,2,1270.0,15.0,27.18,0.54,$26.64,cash
1874,10/23/2024,6,1422.0,24.0,91.1,1.82,$89.28,cash
1875,10/23/2024,5,1068.0,12.0,22.06,2.21,$19.85,debit
1876,10/23/2024,4,1381.0,14.0,355.77,53.37,$302.40, Cash 
1877,10/23/2024,5,1341.0,29.0,50.39,1.01,$49.38,credit
1878,10/23/2024,4,1085.0,16.0,140.7,7.04,$133.66,Debit
1879,10/23/2024,2,1297.0,17.0,166.18,3.32,$162.86,Credit
1880,10/23/2024,2,1134.0,17.0,89.01,4.45,$84.56,debit 
1881,10/23/2024,1,1298.0,29.0,183.28,9.16,$174.12, Cash 
1882,10/23/2024,5,1441.0,27.0,67.89,1.36,$66.53, Credit 
1883,10/23/2024,2,1278.0,4.0,181.86,18.19,$163.67,Cash
1884,10/23/2024,1,1060.0,27.0,287.46,43.12,$244.34,Credit
1885,10/23/2024,10,1381.0,13.0,220.04,33.01,$187.03,Credit
1886,10/24/2024,7,1489.0,33.0,156.24,23.44,$132.80, Credit 
1887,10/24/2024,3,1146.0,4.0,38.0,0.76,$37.24,Cash
1888,10/24/2024,8,1469.0,16.0,252.3,12.62,$239.68,CREDIT
1889,10/24/2024,3,1155.0,17.0,242.56,4.85,$237.71,Debit
1890,10/24/2024,9,1204.0,11.0,23.55,0.47,$23.08, Credit 
1891,10/24/2024,1,1218.0,19.0,127.57,6.38,$121.19,Credit
1892,10/24/2024,5,1004.0,26.0,241.59,24.16,$217.43,debit
1893,10/24/2024,5,1192.0,3.0,189.95,3.8,$186.15,Credit
1894,10/24/2024,7,1169.0,16.0,222.3,11.12,$211.18,CREDIT
1895,10/24/2024,7,1494.0,22.0,85.4,4.27,$81.13,Credit
1896,10/24/2024,11,1282.0,24.0,221.21,,$216.79,Debit
1897,10/24/2024,7,1288.0,11.0,208.85,10.44,,Debit
1898,10/24/2024,6,1310.0,5.0,161.37,16.14,$145.23,Debit
1899,10/24/2024,7,1334.0,32.0,128.83,2.58,$126.25,cash
1900,10/24/2024,10,1092.0,27.0,110.59,2.21,$108.38,credit 
1901,10/24/2024,2,1031.0,28.0,188.99,3.78,$185.21,Debit
1902,10/24/2024,5,1064.0,27.0,265.91,13.3,$252.61,credit
1903,10/25/2024,7,1254.0,31.0,54.2,,$53.12,CREDIT
1904,10/25/2024,6,1482.0,24.0,40.77,4.08,$36.69, Debit 
1905,10/25/2024,9,1278.0,33.0,322.09,32.21,$289.88,Debit
1906,10/25/2024,4,1028.0,7.0,211.21,10.56,$200.65,credit
1907,10/25/2024,5,1335.0,17.0,142.18,2.84,$139.34,Debit
1908,10/25/2024,11,1492.0,15.0,83.82,1.68,$82.14,Credit
1909,10/25/2024,2,1303.0,9.0,79.25,3.96,$75.29,debit
1910,10/25/2024,10,1332.0,6.0,85.16,8.52,$76.64,Credit
1911,10/25/2024,4,1168.0,22.0,213.3,32.0,$181.30, Debit 
1912,10/25/2024,3,1020.0,14.0,177.04,3.54,$173.50,debit 
1913,10/25/2024,11,1133.0,20.0,270.68,13.53,$257.15,Cash
1914,10/25/2024,6,1338.0,26.0,140.51,7.03,$133.48,Credit
1915,10/25/2024,1,1493.0,24.0,283.72,14.19,$269.53,Credit
1916,10/25/2024,1,1438.0,3.0,143.76,,$140.88,credit
1917,10/25/2024,10,1484.0,4.0,177.28,17.73,$159.55, Debit 
1918,10/25/2024,2,1425.0,24.0,61.5,3.08,$58.42,credit 
1919,10/26/2024,11,1044.0,15.0,118.06,2.36,$115.70,Credit
1920,10/26/2024,12,1086.0,16.0,244.96,36.74,$208.22, Debit 
1921,10/26/2024,6,1050.0,25.0,188.94,18.89,$170.05,Credit
1922,10/26/2024,12,1032.0,27.0,74.49,7.45,,Credit
1923,10/26/2024,6,1362.0,11.0,43.84,4.38,$39.46,Credit
1924,10/26/2024,5,1480.0,10.0,281.14,14.06,$267.08,CREDIT
1925,10/26/2024,6,1409.0,20.0,204.92,10.25,$194.67,Debit
1926,10/26/2024,1,1092.0,18.0,152.08,3.04,$149.04,Debit
1927,10/26/2024,5,1159.0,30.0,52.93,2.65,$50.28,Debit
1928,10/26/2024,2,1195.0,6.0,150.89,3.02,$147.87,Credit
1929,10/26/2024,2,1381.0,5.0,258.48,38.77,$219.71,CREDIT
1930,10/26/2024,6,1045.0,11.0,155.23,3.1,$152.13,Debit
1931,10/26/2024,10,1301.0,21.0,170.61,8.53,$162.08,Debit
1932,10/26/2024,8,1488.0,33.0,18.09,0.36,$17.73,debit
1933,10/26/2024,7,1441.0,3.0,55.47,1.11,$54.36,Credit
1934,10/26/2024,8,1319.0,12.0,68.13,3.41,$64.72,Credit
1935,10/27/2024,1,1010.0,25.0,101.44,,$99.41,Cash
1936,10/27/2024,9,1474.0,9.0,139.03,2.78,$136.25,CREDIT
1937,10/27/2024,6,1467.0,32.0,130.22,2.6,$127.62,DEBIT
1938,10/27/2024,3,1322.0,25.0,261.3,26.13,$235.17,debit
1939,10/27/2024,4,1371.0,6.0,54.1,8.12,$45.98,Credit
1940,10/27/2024,11,,13.0,286.42,14.32,$272.10,Credit
1941,10/27/2024,4,,20.0,127.07,2.54,$124.53,Debit
1942,10/27/2024,1,1266.0,24.0,157.04,,$153.90,credit 
1943,10/27/2024,1,1430.0,33.0,99.1,4.96,$94.14,Debit
1944,10/27/2024,9,1143.0,28.0,100.34,2.01,$98.33,Credit
1945,10/27/2024,1,1356.0,6.0,215.19,,$193.67,DEBIT
1946,10/27/2024,8,1264.0,3.0,153.32,23.0,$130.32,credit 
1947,10/27/2024,9,1432.0,15.0,176.2,17.62,$158.58, Credit 
1948,10/27/2024,11,1045.0,26.0,212.18,4.24,$207.94, Cash 
1949,10/27/2024,10,1100.0,29.0,283.1,14.16,$268.94,Credit
1950,10/27/2024,10,1373.0,14.0,44.91,2.25,$42.66,Cash
1951,10/27/2024,5,1361.0,26.0,99.93,14.99,$84.94,Credit
1952,10/28/2024,11,1004.0,33.0,281.96,28.2,$253.76,DEBIT
1953,10/28/2024,12,1233.0,34.0,287.66,28.77,$258.89,Credit
1954,10/28/2024,11,1133.0,19.0,249.77,12.49,$237.28,Debit
1955,10/28/2024,2,1099.0,23.0,141.75,7.09,$134.66,Credit
1956,10/28/2024,1,1297.0,20.0,202.13,4.04,$198.09,credit
1957,10/28/2024,5,1332.0,8.0,229.63,22.96,$206.67,DEBIT
1958,10/28/2024,4,1040.0,19.0,22.83,2.28,$20.55,Credit
1959,10/28/2024,12,1041.0,10.0,126.58,2.53,$124.05,Credit
1960,10/28/2024,9,1333.0,29.0,234.48,4.69,$229.79, Cash 
1961,10/28/2024,10,1036.0,6.0,84.18,1.68,$82.50,Credit
1962,10/28/2024,10,1052.0,20.0,188.21,3.76,$184.45,Credit
1963,10/28/2024,12,,27.0,82.53,12.38,$70.15,Debit
1964,10/28/2024,6,1233.0,9.0,121.43,,$109.29,Debit
1965,10/28/2024,10,1223.0,31.0,107.39,2.15,$105.24,credit
1966,10/28/2024,10,1429.0,27.0,307.24,30.72,$276.52,Credit
1967,10/28/2024,7,1428.0,24.0,141.74,2.83,$138.91,Debit
1968,10/29/2024,9,1097.0,26.0,46.29,2.31,$43.98, Cash 
1969,10/29/2024,2,1095.0,13.0,292.11,29.21,$262.90,debit
1970,10/29/2024,7,1079.0,16.0,46.32,2.32,$44.00,Debit
1971,10/29/2024,10,1058.0,12.0,38.54,3.85,$34.69,Debit
1972,10/29/2024,11,1464.0,19.0,42.02,0.84,$41.18, Debit 
1973,10/29/2024,1,1267.0,26.0,27.33,0.55,$26.78,Debit
1974,10/29/2024,9,1264.0,6.0,328.2,49.23,$278.97,Debit
1975,10/29/2024,1,1447.0,25.0,141.93,2.84,$139.09,CREDIT
1976,10/29/2024,3,1224.0,13.0,67.58,1.35,$66.23,credit 
1977,10/29/2024,2,1279.0,7.0,69.77,1.4,$68.37,Credit
1978,10/29/2024,2,1292.0,30.0,357.21,53.58,$303.63,credit 
1979,10/29/2024,2,1316.0,7.0,161.98,3.24,$158.74,Credit
1980,10/29/2024,3,1285.0,18.0,215.69,10.78,$204.91,Cash
1981,10/29/2024,10,1205.0,30.0,227.13,4.54,$222.59,Cash
1982,10/29/2024,3,1371.0,5.0,251.12,37.67,$213.45,Credit
1983,10/29/2024,11,1061.0,3.0,160.74,8.04,$152.70,CREDIT
1984,10/30/2024,8,1225.0,25.0,225.19,,$220.69,credit
1985,10/30/2024,1,1300.0,10.0,72.26,1.45,$70.81,debit
1986,10/30/2024,4,1168.0,16.0,179.28,26.89,$152.39,Credit
1987,10/30/2024,4,1187.0,22.0,30.7,1.54,$29.16,credit
1988,10/30/2024,5,1129.0,10.0,85.71,4.29,$81.42,Debit
1989,10/30/2024,12,1416.0,9.0,275.6,13.78,$261.82,Credit
1990,10/30/2024,5,1454.0,3.0,130.21,13.02,$117.19,credit
1990,10/30/2024,5,1454.0,3.0,130.21,13.02,$117.19,credit
1991,10/30/2024,7,1447.0,30.0,98.36,1.97,$96.39,credit
1992,10/30/2024,12,1223.0,3.0,79.66,1.59,$78.07,cash
1993,10/30/2024,3,1264.0,21.0,143.66,21.55,$122.11,Credit
1994,10/30/2024,5,1040.0,20.0,240.94,24.09,$216.85,cash
1995,10/30/2024,8,1453.0,28.0,37.5,,$31.88,cash
1996,10/30/2024,8,1246.0,19.0,283.54,28.35,$255.19,cash
1997,10/30/2024,10,1312.0,18.0,83.16,1.66,$81.50,Debit
1998,10/30/2024,3,1271.0,21.0,23.86,0.48,$23.38,Credit
1999,10/30/2024,12,1261.0,20.0,201.56,4.03,$197.53,Debit
2000,10/30/2024,6,1268.0,18.0,110.14,5.51,$104.63,CASH
2001,10/31/2024,6,1263.0,19.0,155.42,7.77,$147.65,Credit
2002,10/31/2024,2,1061.0,4.0,281.07,14.05,$267.02,cash
2003,10/31/2024,1,1186.0,28.0,323.58,48.54,$275.04,debit
2004,10/31/2024,3,1298.0,29.0,128.33,6.42,$121.91,Debit
2005,10/31/2024,1,1056.0,23.0,218.68,4.37,$214.31,Debit
2006,10/31/2024,12,1118.0,31.0,307.35,30.74,$276.61,credit
2007,10/31/2024,2,1420.0,9.0,157.7,7.88,$149.82,Cash
2008,10/31/2024,10,1486.0,14.0,46.3,2.31,$43.99,Cash
2009,10/31/2024,8,1415.0,12.0,204.62,10.23,$194.39,Cash
2010,10/31/2024,12,1068.0,14.0,174.37,17.44,$156.93,credit 
2011,10/31/2024,5,1415.0,17.0,103.11,5.16,$97.95, Debit 
2012,10/31/2024,11,1495.0,22.0,246.58,36.99,$209.59,Debit
2013,10/31/2024,3,1233.0,34.0,55.15,5.52,$49.63,CREDIT
2014,10/31/2024,12,1292.0,7.0,32.49,4.87,$27.62,CREDIT
2015,10/31/2024,10,1057.0,20.0,73.98,3.7,$70.28,Credit
2016,10/31/2024,2,1419.0,23.0,164.84,3.3,$161.54,Debit
2017,11/01/2024,12,1086.0,10.0,163.77,24.57,$139.20,credit
2018,11/01/2024,12,1313.0,34.0,175.21,3.5,$171.71,credit 
2019,11/01/2024,4,1143.0,5.0,158.82,3.18,$155.64,CASH
2020,11/01/2024,3,1394.0,31.0,16.69,0.33,$16.36,debit
2021,11/01/2024,11,1376.0,11.0,197.46,3.95,$193.51,debit 
2022,11/01/2024,2,,23.0,139.22,2.78,$136.44,Credit
2023,11/01/2024,10,1434.0,3.0,271.72,13.59,$258.13,Cash
2024,11/01/2024,2,1374.0,3.0,73.86,3.69,$70.17,Debit
2025,11/01/2024,10,1002.0,31.0,126.67,2.53,$124.14,Credit
2026,11/01/2024,8,1465.0,9.0,106.26,2.13,$104.13, Cash 
2027,11/01/2024,10,1492.0,22.0,33.21,0.66,$32.55,Credit
2028,11/01/2024,7,1426.0,20.0,172.56,17.26,$155.30,cash
2029,11/01/2024,12,1058.0,9.0,21.81,2.18,$19.63,Debit
2030,11/01/2024,1,1230.0,3.0,261.83,13.09,$248.74,Debit
2031,11/01/2024,11,1488.0,21.0,20.15,0.4,$19.75,Debit
2032,11/01/2024,10,1309.0,12.0,319.41,31.94,$287.47,Credit
2033,11/01/2024,2,1136.0,33.0,232.99,11.65,$221.34,Debit
2034,11/02/2024,1,1484.0,,106.92,,$96.23,Credit
2035,11/02/2024,10,1440.0,33.0,51.29,1.03,$50.26,credit 
2036,11/02/2024,1,1296.0,16.0,205.86,4.12,$201.74,debit
2037,11/02/2024,11,1187.0,8.0,258.35,12.92,$245.43,Credit
2038,11/02/2024,10,1273.0,23.0,39.47,1.97,$37.50,debit 
2039,11/02/2024,9,1365.0,18.0,95.22,9.52,$85.70,credit
2040,11/02/2024,1,1149.0,8.0,167.59,3.35,$164.24,Cash
2041,11/02/2024,5,1098.0,34.0,254.96,25.5,$229.46,CREDIT
2042,11/02/2024,1,1236.0,24.0,269.48,40.42,$229.06,debit
2043,11/02/2024,11,1305.0,24.0,31.82,4.77,$27.05,Cash
2044,11/02/2024,5,1489.0,31.0,159.45,23.92,$135.53,Cash
2045,11/02/2024,12,1142.0,14.0,89.11,4.46,$84.65,Debit
2046,11/02/2024,4,1498.0,32.0,216.45,4.33,$212.12,Credit
2047,11/02/2024,12,1497.0,19.0,249.9,5.0,$244.90,Credit
2048,11/02/2024,8,1272.0,8.0,373.24,55.99,$317.25,cash
2049,11/02/2024,8,1343.0,15.0,232.51,4.65,$227.86,Debit
2050,11/03/2024,1,1100.0,17.0,263.02,13.15,$249.87,Cash
2051,11/03/2024,1,1156.0,31.0,195.54,3.91,$191.63,debit
2052,11/03/2024,6,1377.0,15.0,104.05,5.2,$98.85, Debit 
2053,11/03/2024,10,1269.0,20.0,246.53,4.93,$241.60,debit 
2054,11/03/2024,10,1491.0,11.0,161.74,3.23,$158.51,DEBIT
2055,11/03/2024,1,1345.0,32.0,156.18,7.81,$148.37,CREDIT
2056,11/03/2024,10,1389.0,10.0,184.08,9.2,$174.88,Debit
2057,11/03/2024,12,1181.0,12.0,52.32,7.85,$44.47,DEBIT
2058,11/03/2024,7,1183.0,17.0,199.77,,$189.78,Debit
2059,11/03/2024,1,1356.0,31.0,75.89,7.59,$68.30,cash
2060,11/03/2024,11,1457.0,10.0,194.49,3.89,$190.60,cash 
2061,11/03/2024,7,1459.0,9.0,312.32,31.23,$281.09,Debit
2062,11/03/2024,10,1091.0,32.0,81.15,1.62,$79.53, Cash 
2063,11/03/2024,4,1328.0,10.0,192.78,3.86,$188.92,DEBIT
2064,11/03/2024,5,1122.0,27.0,206.95,4.14,$202.81,Cash
2065,11/03/2024,9,1326.0,17.0,103.33,2.07,$101.26,debit
2066,11/04/2024,5,1045.0,8.0,60.21,1.2,$59.01,Cash
2067,11/04/2024,6,1002.0,28.0,94.32,1.89,$92.43,Credit
2068,11/04/2024,8,1224.0,6.0,23.79,0.48,$23.31,CREDIT
2069,11/04/2024,2,,9.0,75.89,7.59,$68.30, Credit 
2070,11/04/2024,6,1487.0,31.0,90.15,1.8,$88.35,credit 
2071,11/04/2024,8,1130.0,33.0,49.06,4.91,$44.15,CREDIT
2072,11/04/2024,11,1245.0,30.0,219.48,4.39,$215.09,credit
2073,11/04/2024,11,1035.0,25.0,216.89,10.84,$206.05,Credit
2073,11/04/2024,11,1035.0,25.0,216.89,10.84,$206.05,Credit
2074,11/04/2024,4,1085.0,12.0,197.21,9.86,$187.35,Debit
2075,11/04/2024,10,1285.0,12.0,152.57,7.63,$144.94, Debit 
2076,11/04/2024,12,1084.0,4.0,52.78,2.64,$50.14, Credit 
2077,11/04/2024,10,1332.0,33.0,291.5,29.15,$262.35,CREDIT
2078,11/04/2024,12,1090.0,12.0,36.44,1.82,$34.62,Cash
2079,11/04/2024,3,1395.0,32.0,113.57,5.68,$107.89,CASH
2080,11/04/2024,10,1431.0,15.0,153.93,,$150.85,Debit
2081,11/04/2024,3,1037.0,34.0,46.65,0.93,$45.72,credit 
2082,11/04/2024,1,1104.0,27.0,280.84,14.04,$266.80,credit
2083,11/05/2024,1,1484.0,11.0,139.54,13.95,$125.59, Credit 
2084,11/05/2024,12,1111.0,9.0,146.46,14.65,$131.81,credit
2085,11/05/2024,5,1117.0,12.0,131.1,2.62,$128.48,DEBIT
2086,11/05/2024,12,1345.0,33.0,120.51,6.03,$114.48,Credit
2087,11/05/2024,8,1304.0,7.0,85.9,12.88,$73.02,Credit
2088,11/05/2024,10,1172.0,26.0,231.42,4.63,$226.79,CREDIT
2089,11/05/2024,10,1377.0,17.0,110.07,5.5,$104.57,debit
2090,11/05/2024,7,1082.0,13.0,67.15,1.34,$65.81,debit
2091,11/05/2024,4,1230.0,14.0,134.37,6.72,$127.65,Debit
2092,11/05/2024,8,1262.0,7.0,90.21,13.53,$76.68,Debit
2093,11/05/2024,10,1194.0,9.0,197.65,9.88,$187.77,DEBIT
2094,11/05/2024,11,1454.0,13.0,216.79,21.68,$195.11,Debit
2095,11/05/2024,8,1061.0,32.0,53.44,2.67,$50.77,credit 
2096,11/05/2024,3,1381.0,28.0,325.3,48.8,$276.50,cash
2097,11/05/2024,6,1442.0,18.0,234.62,11.73,$222.89,Debit
2098,11/05/2024,11,1408.0,20.0,100.04,5.0,$95.04, Cash 
2099,11/06/2024,8,1274.0,31.0,179.64,3.59,$176.05,Credit
2100,11/06/2024,2,1186.0,22.0,293.26,43.99,$249.27,Debit
2101,11/06/2024,9,1225.0,14.0,87.09,1.74,,debit 
2102,11/06/2024,11,1442.0,8.0,261.59,13.08,$248.51,Credit
2103,11/06/2024,6,1022.0,18.0,83.49,8.35,$75.14,credit
2104,11/06/2024,3,1186.0,24.0,364.22,54.63,$309.59,Debit
2105,11/06/2024,3,1413.0,18.0,245.0,24.5,$220.50, Credit 
2106,11/06/2024,11,1116.0,16.0,171.16,3.42,$167.74,Credit
2107,11/06/2024,11,1468.0,5.0,269.5,13.48,$256.02,debit
2108,11/06/2024,1,1334.0,28.0,219.02,4.38,$214.64,Credit
2109,11/06/2024,8,1346.0,3.0,200.23,4.0,$196.23,Cash
2110,11/06/2024,2,1489.0,19.0,194.08,29.11,$164.97,Credit
2111,11/06/2024,10,1265.0,15.0,212.42,4.25,$208.17,credit
2112,11/06/2024,9,1324.0,27.0,166.05,16.61,$149.44,Cash
2113,11/06/2024,4,1290.0,20.0,258.7,12.94,$245.76,Credit
2114,11/06/2024,9,1438.0,29.0,48.9,0.98,$47.92,CASH
2115,11/06/2024,6,1138.0,30.0,246.91,4.94,$241.97,Credit
2116,11/07/2024,12,1084.0,19.0,247.79,12.39,$235.40,debit
2117,11/07/2024,6,1447.0,21.0,227.71,4.55,$223.16,Credit
2118,11/07/2024,10,1288.0,18.0,132.45,6.62,$125.83,CREDIT
2119,11/07/2024,6,1385.0,32.0,175.4,3.51,$171.89,cash 
2120,11/07/2024,1,1297.0,6.0,97.13,1.94,$95.19,Debit
2121,11/07/2024,6,1260.0,19.0,145.52,2.91,$142.61,credit
2122,11/07/2024,6,1228.0,12.0,137.29,6.86,$130.43, Cash 
2123,11/07/2024,6,1062.0,28.0,42.05,0.84,$41.21,Debit
2124,11/07/2024,5,1339.0,15.0,213.46,10.67,$202.79,debit 
2125,11/07/2024,8,1453.0,19.0,120.69,18.1,$102.59,cash
2126,11/07/2024,10,1319.0,32.0,69.95,3.5,$66.45,Debit
2127,11/07/2024,2,1494.0,15.0,212.84,10.64,$202.20,Debit
2128,11/07/2024,1,1489.0,15.0,306.72,46.01,$260.71,Debit
2129,11/07/2024,11,1154.0,31.0,145.3,2.91,$142.39,Credit
2130,11/07/2024,2,1319.0,20.0,122.53,6.13,$116.40,debit
2131,11/07/2024,7,1012.0,30.0,122.21,2.44,$119.77,CREDIT
2132,11/08/2024,7,1158.0,5.0,228.63,11.43,$217.20,CREDIT
2133,11/08/2024,6,1112.0,16.0,167.48,3.35,$164.13,credit 
2134,11/08/2024,9,1336.0,25.0,165.67,8.28,$157.39,credit
2135,11/08/2024,4,1009.0,34.0,120.22,12.02,$108.20,Cash
2136,11/08/2024,4,1021.0,23.0,103.36,5.17,$98.19, Credit 
2137,11/08/2024,2,1278.0,19.0,300.6,30.06,$270.54,Debit
2138,11/08/2024,10,1299.0,26.0,87.83,1.76,$86.07,cash
2139,11/08/2024,10,1232.0,27.0,87.88,4.39,$83.49,credit
2140,11/08/2024,3,1361.0,24.0,327.04,49.06,$277.98,CREDIT
2141,11/08/2024,12,1134.0,11.0,142.21,7.11,$135.10, Credit 
2142,11/08/2024,8,1320.0,26.0,314.35,31.44,$282.91,Cash
2143,11/08/2024,12,1135.0,12.0,209.1,20.91,$188.19,Credit
2144,11/08/2024,9,1350.0,20.0,201.46,4.03,$197.43,Debit
2145,11/08/2024,9,1060.0,29.0,135.12,20.27,$114.85,credit
2146,11/08/2024,11,1134.0,18.0,106.2,5.31,$100.89,cash
2147,11/08/2024,10,1146.0,12.0,111.82,2.24,$109.58,CREDIT
2148,11/09/2024,1,1157.0,15.0,86.79,4.34,$82.45,Debit
2149,11/09/2024,9,1360.0,31.0,178.54,26.78,$151.76,CREDIT
2150,11/09/2024,6,1364.0,10.0,249.34,12.47,$236.87,Debit
2151,11/09/2024,5,1316.0,30.0,61.05,1.22,$59.83,credit
2152,11/09/2024,2,1430.0,14.0,224.33,,$213.11, Debit 
2153,11/09/2024,5,1205.0,15.0,231.51,4.63,$226.88,Debit
2154,11/09/2024,7,1077.0,9.0,246.26,4.93,$241.33,DEBIT
2155,11/09/2024,8,1363.0,24.0,205.46,30.82,$174.64,CASH
2156,11/09/2024,5,1317.0,32.0,91.94,4.6,$87.34, Credit 
2157,11/09/2024,8,1423.0,23.0,29.19,1.46,$27.73,Credit
2158,11/09/2024,8,1181.0,15.0,258.94,38.84,$220.10,Debit
2159,11/09/2024,6,1041.0,25.0,240.63,4.81,$235.82,Cash
2160,11/09/2024,1,1353.0,10.0,32.65,0.65,$32.00,credit
2161,11/09/2024,7,1355.0,14.0,87.56,1.75,$85.81,Credit
2162,11/09/2024,9,1294.0,30.0,256.87,25.69,$231.18,Credit
2163,11/09/2024,9,1157.0,7.0,61.77,3.09,$58.68,credit
2164,11/09/2024,8,1125.0,23.0,116.01,2.32,$113.69,Credit
2165,11/10/2024,3,1137.0,34.0,160.59,8.03,$152.56,Credit
2166,11/10/2024,6,1281.0,6.0,60.83,1.22,$59.61,Credit
2167,11/10/2024,1,1264.0,11.0,258.87,,$220.04,Debit
2168,11/10/2024,8,1013.0,6.0,37.24,1.86,$35.38,Cash
2169,11/10/2024,2,1120.0,33.0,230.58,4.61,$225.97,credit 
2170,11/10/2024,3,1213.0,4.0,29.81,1.49,$28.32,Credit
2171,11/10/2024,12,1395.0,28.0,136.76,6.84,$129.92, Credit 
2172,11/10/2024,12,1016.0,31.0,201.77,4.04,$197.73, Credit 
2173,11/10/2024,9,1168.0,27.0,161.62,24.24,$137.38,credit
2174,11/10/2024,9,1074.0,8.0,47.88,0.96,$46.92,Credit
2175,11/10/2024,3,1362.0,26.0,263.58,26.36,$237.22,Debit
2176,11/10/2024,10,1349.0,12.0,86.31,8.63,$77.68,Credit
2177,11/10/2024,3,1029.0,32.0,212.55,10.63,$201.92,CASH
2178,11/10/2024,11,1075.0,20.0,40.27,2.01,$38.26,Credit
2179,11/10/2024,5,1233.0,9.0,67.05,6.71,$60.34,Credit
2180,11/10/2024,5,1060.0,32.0,279.63,41.94,$237.69,cash 
2181,11/11/2024,5,1366.0,17.0,163.89,3.28,$160.61,Credit
2182,11/11/2024,2,1443.0,3.0,177.88,8.89,$168.99,Credit
2183,11/11/2024,8,1030.0,3.0,173.46,17.35,$156.11,credit
2184,11/11/2024,3,1369.0,18.0,113.64,5.68,$107.96,CREDIT
2184,11/11/2024,3,1369.0,18.0,113.64,5.68,$107.96,CREDIT
2185,11/11/2024,11,1007.0,19.0,220.28,11.01,$209.27, Credit 
2186,11/11/2024,8,1371.0,32.0,261.33,39.2,$222.13,Cash
2187,11/11/2024,3,1289.0,26.0,215.13,4.3,$210.83, Debit 
2188,11/11/2024,9,1292.0,19.0,345.88,51.88,$294.00,Credit
2189,11/11/2024,1,1386.0,33.0,216.59,10.83,$205.76,DEBIT
2190,11/11/2024,1,1324.0,13.0,51.36,5.14,$46.22,Credit
2191,11/11/2024,7,1235.0,26.0,155.21,3.1,$152.11,credit 
2192,11/11/2024,7,1248.0,20.0,202.63,4.05,$198.58, Debit 
2193,11/11/2024,6,1350.0,33.0,164.44,3.29,$161.15,debit
2194,11/11/2024,11,1462.0,30.0,72.2,3.61,$68.59,CREDIT
2195,11/11/2024,2,1305.0,30.0,65.18,9.78,$55.40,Credit
2196,11/11/2024,10,1147.0,12.0,116.22,5.81,$110.41,Credit
2197,11/12/2024,2,1494.0,34.0,98.9,4.95,$93.95,Debit
2198,11/12/2024,5,1490.0,14.0,112.09,2.24,$109.85,Cash
2199,11/12/2024,6,1367.0,9.0,137.67,6.88,$130.79,Debit
2200,11/12/2024,6,1211.0,11.0,203.16,,$199.10, Credit 
2201,11/12/2024,7,1123.0,26.0,50.08,1.0,$49.08,Debit
2202,11/12/2024,11,1470.0,21.0,136.55,6.83,$129.72,Credit
2203,11/12/2024,10,1023.0,11.0,118.63,5.93,$112.70,CREDIT
2204,11/12/2024,3,1119.0,16.0,280.33,42.05,$238.28,CREDIT
2205,11/12/2024,2,1106.0,7.0,257.04,12.85,$244.19, Cash 
2206,11/12/2024,10,1500.0,22.0,173.03,8.65,$164.38,Credit
2207,11/12/2024,10,1474.0,8.0,112.07,2.24,$109.83,Credit
2208,11/12/2024,12,1205.0,15.0,145.5,2.91,$142.59,credit 
2209,11/12/2024,11,1402.0,18.0,196.21,3.92,$192.29,Credit
2210,11/12/2024,5,1062.0,14.0,218.75,4.38,$214.37,credit
2211,11/12/2024,1,1459.0,9.0,205.31,20.53,$184.78,Debit
2212,11/12/2024,7,1306.0,20.0,23.71,0.47,$23.24,Debit
2213,11/12/2024,3,,3.0,131.74,13.17,$118.57,debit
2214,11/13/2024,2,1168.0,10.0,239.73,,$203.77,Debit
2215,11/13/2024,6,1276.0,19.0,80.44,4.02,$76.42, Cash 
2216,11/13/2024,7,1085.0,25.0,111.41,5.57,$105.84,Debit
2217,11/13/2024,5,1198.0,27.0,169.05,16.91,,Credit
2218,11/13/2024,2,1460.0,12.0,184.87,18.49,$166.38,Credit
2219,11/13/2024,9,1384.0,26.0,258.42,12.92,$245.50,Credit
2220,11/13/2024,7,1460.0,3.0,204.7,20.47,$184.23,credit 
2221,11/13/2024,8,1269.0,31.0,110.23,2.2,$108.03,Cash
2222,11/13/2024,9,1118.0,32.0,108.67,10.87,$97.80,credit
2223,11/13/2024,8,1331.0,4.0,22.61,0.45,$22.16,Credit
2224,11/13/2024,10,1338.0,19.0,59.32,2.97,$56.35,Debit
2225,11/13/2024,8,1014.0,21.0,178.89,26.83,$152.06,Credit
2226,11/13/2024,4,1346.0,17.0,179.93,3.6,$176.33,Debit
2227,11/13/2024,6,1498.0,11.0,182.32,3.65,$178.67,Debit
2228,11/13/2024,7,1305.0,31.0,264.96,39.74,$225.22,Credit
2229,11/13/2024,4,1456.0,9.0,266.18,26.62,$239.56,Debit
2230,11/14/2024,3,1121.0,3.0,109.91,2.2,$107.71,credit
2231,11/14/2024,10,1470.0,8.0,105.42,5.27,$100.15,cash
2232,11/14/2024,2,1447.0,26.0,59.13,1.18,$57.95,Cash
2233,11/14/2024,2,1425.0,16.0,62.53,3.13,$59.40,Credit
2234,11/14/2024,5,1489.0,23.0,336.3,50.45,$285.85,Cash
2235,11/14/2024,5,1059.0,21.0,226.67,22.67,$204.00,Credit
2235,11/14/2024,5,1059.0,21.0,226.67,22.67,$204.00,Credit
2236,11/14/2024,7,1287.0,10.0,143.4,14.34,$129.06,CASH
2237,11/14/2024,7,1108.0,28.0,115.46,5.77,$109.69,Credit
2238,11/14/2024,10,1062.0,4.0,47.04,0.94,$46.10, Credit 
2239,11/14/2024,7,1361.0,23.0,341.64,51.25,$290.39,Cash
2240,11/14/2024,4,1265.0,24.0,245.7,4.91,$240.79,Debit
2241,11/14/2024,2,1035.0,19.0,264.76,13.24,$251.52,Credit
2242,11/14/2024,9,1300.0,16.0,62.85,1.26,$61.59,CASH
2243,11/14/2024,10,1424.0,9.0,113.66,2.27,$111.39,Credit
2244,11/14/2024,7,1425.0,14.0,224.61,11.23,$213.38,Credit
2245,11/14/2024,6,1174.0,25.0,260.51,13.03,$247.48,Cash
2246,11/14/2024,12,1264.0,20.0,313.91,47.09,$266.82,Credit
2247,11/15/2024,5,1104.0,32.0,160.45,,$152.43,debit
2248,11/15/2024,7,1315.0,20.0,34.77,0.7,$34.07,Debit
2249,11/15/2024,9,1364.0,21.0,224.41,11.22,$213.19,CREDIT
2250,11/15/2024,10,1416.0,11.0,96.71,4.84,$91.87,Credit
2251,11/15/2024,1,1292.0,4.0,174.76,,$148.55,CREDIT
2252,11/15/2024,12,1275.0,7.0,35.82,0.72,$35.10,credit
2253,11/15/2024,2,1117.0,17.0,141.27,2.83,$138.44,Debit
2254,11/15/2024,8,1293.0,9.0,70.15,1.4,$68.75,Credit
2255,11/15/2024,2,1463.0,13.0,282.08,42.31,$239.77,Credit
2256,11/15/2024,11,1007.0,31.0,198.98,9.95,$189.03,Credit
2257,11/15/2024,6,1185.0,7.0,210.33,10.52,$199.81,Debit
2258,11/15/2024,11,1063.0,32.0,164.8,8.24,$156.56, Debit 
2259,11/15/2024,12,1405.0,19.0,102.39,2.05,$100.34,CREDIT
2260,11/15/2024,7,1380.0,13.0,72.87,1.46,$71.41,credit
2261,11/15/2024,6,1399.0,25.0,190.69,9.53,$181.16,Debit
2262,11/15/2024,2,1147.0,6.0,275.77,13.79,$261.98,Debit
2263,11/16/2024,6,1171.0,5.0,96.18,1.92,$94.26,Credit
2264,11/16/2024,12,1276.0,24.0,149.24,7.46,$141.78,DEBIT
2265,11/16/2024,10,1322.0,34.0,280.5,28.05,$252.45,Credit
2266,11/16/2024,12,1022.0,14.0,298.54,29.85,$268.69,Debit
2267,11/16/2024,1,1262.0,15.0,220.5,33.07,$187.43,Cash
2268,11/16/2024,5,1025.0,25.0,92.22,9.22,$83.00,Debit
2269,11/16/2024,4,1197.0,7.0,43.75,0.88,$42.87,Cash
2270,11/16/2024,3,1371.0,22.0,28.68,4.3,$24.38,CREDIT
2271,11/16/2024,11,1147.0,12.0,248.83,12.44,$236.39,Credit
2272,11/16/2024,5,1343.0,3.0,94.96,1.9,$93.06, Debit 
2273,11/16/2024,5,1183.0,21.0,66.27,3.31,$62.96,Debit
2274,11/16/2024,12,1336.0,34.0,55.1,2.76,$52.34,Credit
2275,11/16/2024,2,1069.0,7.0,223.61,11.18,$212.43,credit 
2276,11/16/2024,6,1115.0,12.0,74.07,1.48,$72.59,debit 
2277,11/16/2024,4,1405.0,7.0,188.54,3.77,$184.77,debit 
2278,11/16/2024,1,1438.0,12.0,111.87,2.24,$109.63,Cash
2279,11/17/2024,8,1160.0,7.0,203.22,,$193.06,Credit
2280,11/17/2024,6,1216.0,3.0,196.19,3.92,$192.27,Debit
2281,11/17/2024,12,1381.0,12.0,135.03,20.25,$114.78,credit
2282,11/17/2024,7,1211.0,29.0,238.15,4.76,$233.39,Credit
2283,11/17/2024,8,1347.0,10.0,147.08,2.94,$144.14,credit
2284,11/17/2024,12,1371.0,17.0,69.7,10.46,$59.24,cash
2285,11/17/2024,7,1115.0,3.0,67.13,1.34,$65.79, Debit 
2286,11/17/2024,9,1332.0,28.0,109.75,,$98.77,credit 
2287,11/17/2024,11,1467.0,22.0,165.83,3.32,$162.51,CREDIT
2288,11/17/2024,2,1257.0,28.0,232.45,11.62,$220.83,credit
2289,11/17/2024,12,1339.0,31.0,53.74,2.69,$51.05,Credit
2290,11/17/2024,10,1489.0,14.0,230.1,34.52,,credit
2291,11/17/2024,6,1444.0,34.0,63.91,3.2,$60.71,Debit
2292,11/17/2024,2,1119.0,34.0,238.12,35.72,$202.40,CREDIT
2293,11/17/2024,4,1173.0,8.0,171.53,8.58,$162.95,debit
2294,11/17/2024,1,1084.0,28.0,207.98,10.4,$197.58,Credit
2295,11/17/2024,5,1352.0,32.0,175.48,3.51,$171.97, Cash 
2296,11/18/2024,5,1260.0,3.0,52.38,1.05,$51.33,credit
2297,11/18/2024,12,1408.0,18.0,38.59,1.93,$36.66,Credit
2298,11/18/2024,6,1334.0,13.0,147.96,2.96,$145.00,credit
2299,11/18/2024,9,1014.0,28.0,55.77,8.37,$47.40,Cash
2300,11/18/2024,8,1210.0,10.0,193.99,19.4,$174.59,Credit
2301,11/18/2024,2,1106.0,24.0,241.9,12.1,$229.80,DEBIT
2302,11/18/2024,7,1315.0,33.0,41.12,0.82,$40.30,CREDIT
2303,11/18/2024,6,1389.0,29.0,124.43,6.22,$118.21,credit 
2304,11/18/2024,8,1294.0,7.0,184.64,18.46,$166.18,Cash
2305,11/18/2024,7,1209.0,20.0,283.45,14.17,$269.28,CASH
2306,11/18/2024,2,1344.0,24.0,282.45,,$254.20, Credit 
2307,11/18/2024,2,1385.0,24.0,179.63,3.59,$176.04,debit 
2308,11/18/2024,11,1304.0,3.0,163.8,24.57,$139.23,DEBIT
2309,11/18/2024,7,1047.0,21.0,107.5,2.15,$105.35,CREDIT
2310,11/18/2024,4,1069.0,14.0,147.64,7.38,$140.26,Cash
2311,11/18/2024,2,1356.0,15.0,204.13,20.41,$183.72,Debit
2312,11/19/2024,11,1218.0,27.0,77.34,3.87,$73.47,Cash
2313,11/19/2024,12,1461.0,31.0,203.14,10.16,$192.98,Credit
2314,11/19/2024,12,1465.0,30.0,169.35,3.39,$165.96,debit 
2315,11/19/2024,3,1188.0,21.0,100.53,5.03,$95.50,Credit
2316,11/19/2024,8,1029.0,25.0,180.12,9.01,$171.11,debit
2317,11/19/2024,8,1022.0,,52.72,5.27,$47.45, Credit 
2318,11/19/2024,6,1272.0,15.0,120.14,18.02,$102.12,debit
2319,11/19/2024,9,1339.0,31.0,147.83,7.39,$140.44,credit 
2320,11/19/2024,8,1140.0,19.0,78.17,7.82,$70.35,debit
2321,11/19/2024,9,1387.0,11.0,160.8,24.12,$136.68,Credit
2322,11/19/2024,4,1400.0,26.0,53.44,1.07,$52.37,debit
2323,11/19/2024,5,1159.0,27.0,263.7,13.19,$250.51,Cash
2324,11/19/2024,9,1017.0,30.0,187.5,3.75,$183.75,debit
2325,11/19/2024,9,1129.0,19.0,79.38,3.97,$75.41,DEBIT
2326,11/19/2024,10,1042.0,13.0,99.41,4.97,$94.44,Debit
2327,11/19/2024,6,1168.0,19.0,356.67,53.5,$303.17,Credit
2328,11/19/2024,6,1118.0,18.0,108.49,,$97.64,credit
2329,11/20/2024,10,1346.0,6.0,55.48,1.11,$54.37, Credit 
2330,11/20/2024,10,1006.0,9.0,245.95,4.92,,Credit
2331,11/20/2024,5,1087.0,20.0,307.28,30.73,$276.55,debit
2331,11/20/2024,5,1087.0,20.0,307.28,30.73,$276.55,debit
2332,11/20/2024,7,1166.0,5.0,205.47,10.27,$195.20,Credit
2333,11/20/2024,12,1232.0,32.0,231.79,11.59,$220.20,debit
2334,11/20/2024,5,1047.0,29.0,20.42,0.41,$20.01,DEBIT
2335,11/20/2024,7,1373.0,17.0,256.05,12.8,$243.25,DEBIT
2336,11/20/2024,8,1278.0,12.0,27.85,2.79,$25.06,Credit
2337,11/20/2024,1,1214.0,14.0,103.72,2.07,$101.65,Credit
2338,11/20/2024,5,1179.0,13.0,81.16,4.06,$77.10,Credit
2339,11/20/2024,12,1493.0,22.0,104.89,5.24,$99.65,debit
2340,11/20/2024,10,1498.0,12.0,204.04,4.08,$199.96,CREDIT
2341,11/20/2024,9,1361.0,9.0,356.9,53.53,$303.37,Debit
2342,11/20/2024,10,1211.0,12.0,173.76,3.48,$170.28,Debit
2343,11/20/2024,9,1217.0,20.0,27.27,1.36,$25.91,CREDIT
2344,11/20/2024,4,1327.0,5.0,180.84,9.04,$171.80,Credit
2345,11/21/2024,2,1486.0,16.0,213.51,10.68,$202.83,Debit
2346,11/21/2024,8,1489.0,,52.9,7.93,$44.97,Credit
2347,11/21/2024,6,1198.0,19.0,147.64,14.76,$132.88,Credit
2348,11/21/2024,11,1258.0,24.0,119.21,5.96,$113.25,CREDIT
2349,11/21/2024,2,1408.0,22.0,222.52,11.13,$211.39,credit 
2350,11/21/2024,3,1095.0,24.0,168.7,16.87,$151.83,Credit
2351,11/21/2024,5,1128.0,29.0,216.99,4.34,$212.65,Cash
2352,11/21/2024,2,1420.0,28.0,160.11,8.01,$152.10,Cash
2353,11/21/2024,5,1387.0,32.0,99.62,14.94,$84.68,credit 
2354,11/21/2024,11,1379.0,22.0,187.34,3.75,$183.59,Credit
2355,11/21/2024,1,1173.0,4.0,24.92,1.25,$23.67,Debit
2356,11/21/2024,2,1007.0,10.0,175.57,8.78,$166.79,Credit
2357,11/21/2024,4,1014.0,12.0,276.86,41.53,$235.33,cash
2358,11/21/2024,5,1128.0,32.0,64.44,1.29,$63.15,debit 
2359,11/21/2024,8,1489.0,18.0,147.87,22.18,$125.69,Credit
2360,11/21/2024,3,1304.0,17.0,167.16,25.07,$142.09, Credit 
2361,11/22/2024,1,1363.0,11.0,314.49,47.17,$267.32,Credit
2362,11/22/2024,3,1292.0,8.0,59.18,8.88,$50.30,Debit
2363,11/22/2024,3,1233.0,26.0,73.26,7.33,$65.93,debit
2364,11/22/2024,12,1195.0,11.0,32.01,0.64,$31.37, Credit 
2364,11/22/2024,12,1195.0,11.0,32.01,0.64,$31.37, Credit 
2365,11/22/2024,12,1272.0,33.0,168.86,25.33,$143.53,DEBIT
2366,11/22/2024,9,1114.0,13.0,197.16,3.94,$193.22,debit
2367,11/22/2024,8,1337.0,24.0,78.9,1.58,$77.32,Cash
2368,11/22/2024,12,1101.0,17.0,18.68,0.93,$17.75,debit
2369,11/22/2024,5,1251.0,3.0,26.12,2.61,$23.51,Debit
2370,11/22/2024,5,1282.0,19.0,210.56,4.21,$206.35,CREDIT
2371,11/22/2024,8,1065.0,20.0,33.76,1.69,$32.07,cash
2372,11/22/2024,11,1320.0,23.0,165.54,16.55,$148.99,Debit
2373,11/22/2024,7,1474.0,10.0,135.95,2.72,$133.23,Credit
2374,11/22/2024,8,1398.0,20.0,19.55,0.39,$19.16,Debit
2375,11/22/2024,11,1123.0,22.0,33.15,0.66,$32.49,Cash
2376,11/22/2024,10,1339.0,24.0,249.85,12.49,$237.36,Credit
2377,11/22/2024,11,1184.0,9.0,72.86,3.64,$69.22,Credit
2378,11/23/2024,5,1263.0,29.0,226.17,11.31,$214.86,Debit
2379,11/23/2024,12,1499.0,16.0,175.64,3.51,$172.13,Credit
2380,11/23/2024,5,1118.0,4.0,316.77,31.68,$285.09,credit 
2381,11/23/2024,5,1348.0,11.0,214.91,4.3,$210.61,Credit
2382,11/23/2024,7,1173.0,7.0,151.03,7.55,$143.48,Credit
2383,11/23/2024,8,1232.0,4.0,58.83,2.94,$55.89,Credit
2384,11/23/2024,11,1496.0,11.0,44.85,4.49,$40.36,Credit
2385,11/23/2024,1,1194.0,34.0,64.52,3.23,$61.29,Debit
2386,11/23/2024,4,1396.0,19.0,121.19,6.06,$115.13,credit 
2387,11/23/2024,6,1370.0,33.0,213.24,10.66,$202.58,Cash
2388,11/23/2024,2,1349.0,31.0,23.15,2.31,$20.84,Debit
2389,11/23/2024,9,1111.0,30.0,264.43,26.44,$237.99,credit
2390,11/23/2024,9,1304.0,19.0,283.42,42.51,$240.91,Debit
2391,11/23/2024,8,1469.0,14.0,85.3,4.26,$81.04,CREDIT
2392,11/23/2024,12,,30.0,227.19,4.54,$222.65,Cash
2393,11/23/2024,11,1481.0,26.0,162.31,3.25,$159.06,credit 
2394,11/24/2024,1,1251.0,19.0,166.6,16.66,$149.94,Cash
2395,11/24/2024,3,1468.0,30.0,176.96,8.85,$168.11, Cash 
2396,11/24/2024,12,1027.0,13.0,185.0,3.7,$181.30,Credit
2397,11/24/2024,3,1231.0,4.0,81.38,1.63,$79.75,Debit
2398,11/24/2024,10,1134.0,11.0,209.29,10.46,$198.83,credit
2399,11/24/2024,3,1484.0,12.0,70.06,7.01,$63.05,DEBIT
2400,11/24/2024,2,1333.0,30.0,37.46,0.75,$36.71,CASH
2401,11/24/2024,8,1351.0,28.0,41.24,0.82,$40.42,debit 
2402,11/24/2024,12,1309.0,34.0,35.35,3.54,$31.81,Cash
2403,11/24/2024,12,1090.0,16.0,116.37,5.82,$110.55,credit 
2404,11/24/2024,5,1055.0,8.0,218.82,4.38,$214.44,Debit
2405,11/24/2024,5,1157.0,25.0,86.76,4.34,$82.42,Credit
2406,11/24/2024,3,1115.0,28.0,105.74,2.11,$103.63,credit
2407,11/24/2024,6,1072.0,4.0,193.75,9.69,$184.06,cash 
2408,11/24/2024,2,1491.0,33.0,33.61,0.67,$32.94,credit
2409,11/24/2024,10,1315.0,3.0,36.66,0.73,$35.93,Debit
2410,11/24/2024,7,1219.0,6.0,156.22,3.12,$153.10,CASH
2411,11/25/2024,5,,27.0,38.97,0.78,$38.19,Credit
2411,11/25/2024,5,,27.0,38.97,0.78,$38.19,Credit
2412,11/25/2024,11,1479.0,29.0,81.09,1.62,$79.47,Credit
2413,11/25/2024,4,1127.0,15.0,189.88,3.8,$186.08,Debit
2414,11/25/2024,11,1091.0,27.0,216.9,4.34,$212.56,Credit
2415,11/25/2024,6,1289.0,17.0,180.28,3.61,$176.67,debit 
2416,11/25/2024,5,1239.0,30.0,185.04,9.25,$175.79,credit
2417,11/25/2024,10,1306.0,15.0,200.66,4.01,$196.65,debit
2418,11/25/2024,9,1499.0,21.0,194.82,,$190.92,Credit
2419,11/25/2024,7,1076.0,24.0,142.13,2.84,$139.29,credit
2420,11/25/2024,5,1120.0,24.0,184.85,3.7,$181.15,Cash
2421,11/25/2024,2,1396.0,19.0,266.05,13.3,$252.75,Credit
2422,11/25/2024,8,1119.0,20.0,335.72,50.36,$285.36,Credit
2423,11/25/2024,5,1469.0,21.0,252.24,12.61,$239.63,Cash
2424,11/25/2024,10,1186.0,12.0,185.5,27.82,$157.68,Debit
2425,11/25/2024,12,1466.0,26.0,35.88,0.72,$35.16,credit
2426,11/25/2024,3,1204.0,33.0,183.73,3.67,$180.06,Credit
2427,11/26/2024,9,1440.0,19.0,68.53,,$67.16,CREDIT
2428,11/26/2024,5,1098.0,20.0,253.58,25.36,$228.22,Credit
2429,11/26/2024,7,1006.0,12.0,118.57,2.37,$116.20,Debit
2430,11/26/2024,9,1130.0,21.0,32.7,3.27,$29.43,debit 
2431,11/26/2024,6,1360.0,24.0,139.44,20.92,$118.52,Credit
2432,11/26/2024,4,1258.0,10.0,165.7,8.29,$157.41,Debit
2433,11/26/2024,7,1495.0,4.0,361.35,54.2,$307.15,credit
2434,11/26/2024,7,1321.0,30.0,46.74,4.67,$42.07,Debit
2435,11/26/2024,8,1049.0,11.0,92.41,1.85,$90.56,Cash
2436,11/26/2024,8,1219.0,33.0,49.82,1.0,$48.82,Credit
2437,11/26/2024,1,1457.0,10.0,33.51,0.67,$32.84,Credit
2438,11/26/2024,4,1215.0,32.0,218.68,10.93,$207.75, Credit 
2439,11/26/2024,3,1408.0,34.0,218.65,10.93,$207.72,Debit
2440,11/26/2024,12,1279.0,16.0,195.06,3.9,$191.16,Credit
2441,11/26/2024,2,1035.0,5.0,155.31,7.77,$147.54,CREDIT
2442,11/26/2024,3,1379.0,4.0,184.34,3.69,$180.65,Cash
2443,11/27/2024,5,1050.0,,255.46,25.55,$229.91,Debit
2444,11/27/2024,9,1478.0,26.0,84.68,1.69,$82.99,debit
2445,11/27/2024,1,1161.0,7.0,180.69,3.61,$177.08,Credit
2446,11/27/2024,3,1177.0,27.0,21.23,0.42,$20.81,CREDIT
2447,11/27/2024,7,1446.0,29.0,46.83,0.94,$45.89,cash 
2448,11/27/2024,2,,29.0,94.46,1.89,$92.57,Credit
2449,11/27/2024,11,1328.0,30.0,144.82,2.9,$141.92,Credit
2450,11/27/2024,9,1295.0,27.0,224.97,4.5,$220.47,Debit
2451,11/27/2024,10,1354.0,25.0,298.23,,$253.50,Credit
2452,11/27/2024,12,1095.0,15.0,211.46,21.15,$190.31, Credit 
2453,11/27/2024,8,1403.0,34.0,32.21,0.64,$31.57,CREDIT
2454,11/27/2024,9,1179.0,4.0,176.84,8.84,,Debit
2455,11/27/2024,12,1429.0,14.0,269.0,26.9,$242.10,Debit
2456,11/27/2024,12,1024.0,13.0,136.63,6.83,$129.80,Credit
2456,11/27/2024,12,1024.0,13.0,136.63,6.83,$129.80,Credit
2457,11/27/2024,5,1028.0,7.0,124.66,6.23,$118.43,Debit
2458,11/27/2024,5,1200.0,14.0,242.28,4.85,$237.43,Cash
2459,11/27/2024,5,1185.0,8.0,159.0,7.95,$151.05,Credit
2460,11/28/2024,9,1069.0,18.0,252.02,,$239.42,Credit
2461,11/28/2024,10,1454.0,16.0,297.45,,$267.70,Credit
2462,11/28/2024,10,1361.0,8.0,194.66,29.2,$165.46,debit
2463,11/28/2024,5,1357.0,26.0,205.52,10.28,$195.24,Credit
2464,11/28/2024,3,1219.0,29.0,142.94,2.86,$140.08,credit
2465,11/28/2024,2,1326.0,12.0,49.74,,$48.75,Credit
2466,11/28/2024,7,1448.0,17.0,161.64,3.23,$158.41,debit 
2467,11/28/2024,6,1456.0,30.0,255.37,25.54,$229.83,Debit
2468,11/28/2024,1,1373.0,21.0,178.23,8.91,$169.32,Debit
2469,11/28/2024,4,1114.0,23.0,212.5,4.25,$208.25,Cash
2470,11/28/2024,2,1084.0,3.0,63.39,3.17,$60.22, Cash 
2471,11/28/2024,1,1035.0,4.0,51.98,2.6,$49.38,credit 
2472,11/28/2024,6,1004.0,14.0,232.73,23.27,$209.46,CASH
2473,11/28/2024,5,1417.0,15.0,234.21,,$210.79,credit
2474,11/28/2024,12,1031.0,7.0,67.88,1.36,$66.52,debit 
2475,11/28/2024,4,1203.0,33.0,164.24,3.28,$160.96,Cash
2476,11/29/2024,9,1329.0,31.0,50.44,2.52,,debit
2477,11/29/2024,10,1341.0,12.0,48.0,0.96,$47.04,Credit
2478,11/29/2024,12,1120.0,14.0,242.78,4.86,$237.92,CASH
2479,11/29/2024,5,1001.0,19.0,61.19,1.22,$59.97,debit
2480,11/29/2024,12,1179.0,25.0,239.27,11.96,$227.31,DEBIT
2481,11/29/2024,5,1220.0,26.0,136.25,6.81,$129.44,Debit
2482,11/29/2024,10,1059.0,24.0,37.99,3.8,$34.19,Cash
2483,11/29/2024,8,1348.0,34.0,242.94,4.86,$238.08,debit
2484,11/29/2024,5,1471.0,13.0,41.93,2.1,$39.83,credit
2485,11/29/2024,8,1097.0,23.0,146.68,7.33,$139.35, Credit 
2486,11/29/2024,9,1244.0,27.0,212.83,4.26,$208.57,CREDIT
2487,11/29/2024,11,1256.0,27.0,204.48,4.09,$200.39,Debit
2488,11/29/2024,10,1466.0,32.0,85.9,1.72,$84.18, Credit 
2489,11/29/2024,12,,29.0,306.67,30.67,$276.00, Credit 
2490,11/29/2024,7,1108.0,5.0,93.31,4.67,$88.64,credit
2491,11/29/2024,5,1282.0,30.0,127.16,2.54,$124.62,cash 
2492,11/30/2024,6,1489.0,7.0,166.02,24.9,$141.12,Credit
2493,11/30/2024,5,1017.0,28.0,244.2,4.88,$239.32,Debit
2494,11/30/2024,11,1362.0,30.0,310.0,31.0,$279.00,Credit
2495,11/30/2024,11,1341.0,21.0,98.16,1.96,$96.20,cash
2496,11/30/2024,4,1133.0,15.0,122.6,6.13,$116.47,Cash
2497,11/30/2024,5,,33.0,205.26,4.11,$201.15,cash
2498,11/30/2024,10,1334.0,29.0,179.32,3.59,$175.73,Debit
2499,11/30/2024,2,1038.0,3.0,129.61,2.59,$127.02, Debit 
2500,11/30/2024,7,1324.0,19.0,244.83,24.48,$220.35, Credit 
2501,11/30/2024,7,1304.0,34.0,337.17,,$286.59,credit 
2502,11/30/2024,3,1387.0,22.0,214.88,32.23,$182.65,debit
2503,11/30/2024,11,1343.0,14.0,195.8,3.92,$191.88,Credit
2504,11/30/2024,9,1181.0,23.0,164.64,24.7,,Debit
2505,11/30/2024,5,1426.0,4.0,246.52,24.65,$221.87,Debit
2506,11/30/2024,7,1431.0,16.0,247.21,4.94,$242.27, Credit 
2507,11/30/2024,3,1121.0,32.0,24.71,0.49,,credit
2508,11/30/2024,6,1068.0,12.0,35.97,3.6,$32.37,CREDIT
2509,12/01/2024,10,1231.0,21.0,92.7,1.85,$90.85,Cash
2510,12/01/2024,8,1403.0,27.0,77.72,1.55,$76.17,Credit
2511,12/01/2024,3,1427.0,4.0,157.48,3.15,$154.33,CASH
2512,12/01/2024,2,1243.0,27.0,97.13,1.94,$95.19,cash 
2513,12/01/2024,7,1484.0,17.0,115.57,11.56,$104.01,Cash
2514,12/01/2024,7,1192.0,11.0,231.42,4.63,$226.79,Debit
2515,12/01/2024,10,1163.0,9.0,104.14,2.08,$102.06,CREDIT
2516,12/01/2024,7,1356.0,23.0,226.84,22.68,$204.16,Cash
2517,12/01/2024,11,1118.0,29.0,67.48,6.75,$60.73,Debit
2518,12/01/2024,6,1140.0,28.0,205.89,20.59,$185.30,DEBIT
2519,12/01/2024,10,1126.0,11.0,114.0,5.7,$108.30,Debit
2520,12/01/2024,6,1141.0,26.0,26.94,,$24.25,credit
2521,12/01/2024,2,,16.0,219.84,4.4,$215.44,Debit
2522,12/01/2024,10,1384.0,20.0,120.27,6.01,$114.26,credit 
2523,12/01/2024,7,1290.0,16.0,88.71,,$84.27,credit
2524,12/01/2024,5,1435.0,33.0,50.89,2.54,$48.35,Debit
2525,12/02/2024,7,,31.0,121.81,6.09,$115.72,Credit
2526,12/02/2024,10,1197.0,27.0,50.5,1.01,,CREDIT
2527,12/02/2024,7,1395.0,31.0,177.68,8.88,$168.80,Debit
2528,12/02/2024,1,1367.0,3.0,49.75,2.49,$47.26,credit
2529,12/02/2024,8,1471.0,21.0,216.9,10.85,$206.05,Credit
2530,12/02/2024,8,1030.0,31.0,316.9,31.69,$285.21,DEBIT
2531,12/02/2024,9,1384.0,8.0,163.46,8.17,$155.29,credit
2532,12/02/2024,4,1047.0,17.0,96.68,1.93,$94.75,CREDIT
2533,12/02/2024,11,1250.0,4.0,251.42,37.71,$213.71,debit
2534,12/02/2024,8,1155.0,13.0,154.03,3.08,$150.95,Debit
2534,12/02/2024,8,1155.0,13.0,154.03,3.08,$150.95,Debit
2535,12/02/2024,5,,12.0,116.73,2.33,$114.40,Cash
2536,12/02/2024,4,1080.0,6.0,59.79,2.99,$56.80,credit
2537,12/02/2024,11,1360.0,30.0,30.83,4.62,$26.21,DEBIT
2538,12/02/2024,10,1205.0,10.0,101.66,2.03,$99.63,Credit
2539,12/02/2024,4,1471.0,29.0,100.31,5.02,$95.29,debit
2540,12/02/2024,8,1447.0,20.0,177.21,3.54,$173.67,credit
2541,12/02/2024,2,1355.0,6.0,227.21,4.54,$222.67,Debit
2542,12/03/2024,9,1339.0,9.0,136.99,6.85,$130.14, Debit 
2543,12/03/2024,8,1212.0,33.0,246.9,4.94,$241.96,CASH
2544,12/03/2024,4,1108.0,18.0,149.84,7.49,$142.35,Credit
2545,12/03/2024,5,1068.0,19.0,245.97,24.6,$221.37,Cash
2546,12/03/2024,5,1059.0,3.0,318.58,31.86,$286.72,Credit
2547,12/03/2024,5,1204.0,32.0,131.64,2.63,$129.01,credit 
2548,12/03/2024,8,1160.0,8.0,183.85,9.19,$174.66,cash
2549,12/03/2024,8,1495.0,23.0,340.58,51.09,$289.49,CREDIT
2550,12/03/2024,9,1488.0,6.0,146.75,2.94,,credit
2551,12/03/2024,3,1002.0,16.0,145.94,2.92,$143.02,debit
2552,12/03/2024,8,1192.0,26.0,185.21,3.7,$181.51,Debit
2553,12/03/2024,1,1146.0,18.0,68.43,1.37,$67.06,Credit
2554,12/03/2024,12,1298.0,15.0,75.93,3.8,$72.13,Cash
2555,12/03/2024,12,,29.0,100.94,10.09,$90.85,Debit
2556,12/03/2024,6,1365.0,5.0,89.21,8.92,$80.29,debit
2557,12/03/2024,5,1421.0,18.0,66.05,1.32,$64.73, Credit 
2558,12/04/2024,1,1317.0,9.0,27.4,1.37,$26.03,Credit
2559,12/04/2024,8,1345.0,30.0,172.35,8.62,$163.73,debit
2560,12/04/2024,11,1442.0,7.0,218.79,10.94,$207.85,credit
2561,12/04/2024,3,1486.0,17.0,143.44,7.17,$136.27,Cash
2562,12/04/2024,5,1072.0,33.0,139.82,6.99,$132.83,credit
2563,12/04/2024,9,1259.0,19.0,308.04,46.21,$261.83,Debit
2564,12/04/2024,11,1497.0,9.0,21.04,0.42,$20.62,Credit
2565,12/04/2024,1,1043.0,32.0,89.8,4.49,$85.31,DEBIT
2566,12/04/2024,2,1252.0,29.0,202.13,4.04,$198.09,Cash
2567,12/04/2024,1,1228.0,19.0,44.61,2.23,$42.38,Credit
2567,12/04/2024,1,1228.0,19.0,44.61,2.23,$42.38,Credit
2568,12/04/2024,4,1242.0,11.0,16.28,0.33,$15.95,Cash
2569,12/04/2024,11,1478.0,14.0,168.56,3.37,$165.19,Debit
2570,12/04/2024,3,1245.0,15.0,174.61,3.49,$171.12,Debit
2571,12/04/2024,4,1153.0,7.0,30.27,0.61,$29.66,debit 
2572,12/04/2024,9,1326.0,5.0,41.38,,$40.55,Debit
2573,12/04/2024,5,,12.0,102.35,5.12,$97.23,CASH
2574,12/05/2024,2,1297.0,9.0,217.84,4.36,$213.48,credit
2575,12/05/2024,10,,26.0,128.39,6.42,$121.97,credit 
2576,12/05/2024,12,1181.0,6.0,213.03,31.95,$181.08,CASH
2577,12/05/2024,9,1185.0,8.0,27.06,1.35,$25.71,Debit
2578,12/05/2024,8,1115.0,29.0,216.6,4.33,$212.27,credit
2579,12/05/2024,2,1207.0,16.0,280.02,14.0,$266.02,Cash
2580,12/05/2024,11,1071.0,32.0,271.05,13.55,$257.50,Credit
2581,12/05/2024,11,1445.0,31.0,92.35,1.85,$90.50,Cash
2582,12/05/2024,2,1292.0,12.0,275.62,,$234.28,Debit
2583,12/05/2024,12,1323.0,11.0,88.46,1.77,$86.69,credit
2584,12/05/2024,6,1292.0,31.0,239.86,,$203.88,Credit
2585,12/05/2024,3,1376.0,5.0,124.7,2.49,$122.21,debit
2586,12/05/2024,4,1079.0,27.0,104.49,5.22,$99.27,Credit
2587,12/05/2024,9,1435.0,13.0,54.13,2.71,$51.42,Cash
2588,12/05/2024,7,1014.0,34.0,208.5,31.27,$177.23,Credit
2589,12/05/2024,12,1044.0,5.0,223.99,4.48,$219.51,Debit
2590,12/05/2024,2,1251.0,8.0,202.98,20.3,$182.68,Debit
2591,12/06/2024,8,1171.0,7.0,233.2,,$228.54,CREDIT
2592,12/06/2024,4,1365.0,23.0,126.71,12.67,$114.04,Cash
2593,12/06/2024,3,1099.0,23.0,46.06,2.3,$43.76,CREDIT
2593,12/06/2024,3,1099.0,23.0,46.06,2.3,$43.76,CREDIT
2594,12/06/2024,1,1236.0,20.0,319.35,47.9,$271.45,credit
2595,12/06/2024,12,1387.0,20.0,166.98,25.05,$141.93,credit
2596,12/06/2024,12,1462.0,30.0,53.42,2.67,$50.75, Debit 
2597,12/06/2024,7,1486.0,16.0,135.45,6.77,$128.68,Credit
2598,12/06/2024,6,1433.0,25.0,157.2,3.14,$154.06,Cash
2599,12/06/2024,7,1489.0,7.0,315.14,47.27,$267.87,Cash
2600,12/06/2024,6,1409.0,26.0,103.91,5.2,$98.71,Credit
2601,12/06/2024,10,1119.0,27.0,245.76,,$208.90,cash
2602,12/06/2024,7,1436.0,4.0,66.4,1.33,$65.07,Credit
2603,12/06/2024,1,1492.0,13.0,209.83,,$205.63,Credit
2604,12/06/2024,12,1215.0,25.0,250.56,,$238.03,Debit
2605,12/06/2024,8,1140.0,17.0,46.48,4.65,$41.83,Credit
2606,12/06/2024,3,1080.0,,286.03,14.3,$271.73,Credit
2607,12/07/2024,1,1261.0,17.0,124.23,2.48,$121.75,Credit
2608,12/07/2024,8,1401.0,32.0,183.48,3.67,$179.81,Debit
2609,12/07/2024,6,1103.0,11.0,173.71,3.47,$170.24,DEBIT
2610,12/07/2024,3,1435.0,3.0,217.24,10.86,$206.38,credit
2611,12/07/2024,12,1497.0,33.0,188.06,3.76,,credit
2612,12/07/2024,4,1453.0,23.0,94.36,14.15,$80.21,CASH
2613,12/07/2024,5,1183.0,8.0,47.36,2.37,$44.99,Credit
2614,12/07/2024,10,1466.0,3.0,124.88,2.5,$122.38,Cash
2615,12/07/2024,12,1370.0,14.0,205.65,10.28,$195.37,Cash
2616,12/07/2024,7,1186.0,24.0,361.98,54.3,$307.68,CREDIT
2617,12/07/2024,6,1173.0,28.0,212.46,10.62,$201.84,Cash
2618,12/07/2024,7,1291.0,10.0,151.3,3.03,$148.27,Credit
2619,12/07/2024,10,1403.0,23.0,112.39,2.25,$110.14,DEBIT
2620,12/07/2024,1,1133.0,13.0,135.71,6.79,$128.92,debit
2621,12/07/2024,4,1317.0,14.0,98.96,4.95,$94.01,DEBIT
2621,12/07/2024,4,1317.0,14.0,98.96,4.95,$94.01,DEBIT
2622,12/07/2024,6,1360.0,18.0,119.94,17.99,$101.95,CREDIT
2623,12/07/2024,12,1288.0,30.0,125.21,6.26,$118.95,Credit
2624,12/08/2024,2,1480.0,19.0,166.96,8.35,$158.61,credit
2625,12/08/2024,7,1304.0,28.0,178.2,26.73,$151.47, Debit 
2626,12/08/2024,9,1099.0,6.0,194.53,,$184.80, Credit 
2627,12/08/2024,12,1194.0,28.0,151.74,7.59,$144.15,CASH
2628,12/08/2024,7,1329.0,8.0,258.08,12.9,$245.18,Debit
2629,12/08/2024,10,1412.0,5.0,20.22,1.01,$19.21,Credit
2630,12/08/2024,1,1073.0,4.0,276.49,13.82,$262.67, Credit 
2631,12/08/2024,9,1316.0,15.0,189.08,3.78,$185.30,CREDIT
2632,12/08/2024,1,1170.0,11.0,333.39,50.01,$283.38, Cash 
2633,12/08/2024,2,1028.0,33.0,52.98,2.65,$50.33,Credit
2634,12/08/2024,8,1350.0,12.0,105.38,2.11,$103.27,Debit
2635,12/08/2024,2,1199.0,10.0,190.29,19.03,$171.26,Debit
2636,12/08/2024,11,1016.0,6.0,68.7,1.37,$67.33,Credit
2637,12/08/2024,12,1126.0,28.0,144.72,7.24,$137.48,credit 
2638,12/08/2024,9,1446.0,11.0,226.81,4.54,$222.27,Credit
2639,12/08/2024,10,1193.0,20.0,126.6,2.53,$124.07,DEBIT
2640,12/09/2024,4,1168.0,34.0,148.78,22.32,$126.46,CREDIT
2641,12/09/2024,11,1059.0,11.0,62.57,,$56.31,Credit
2642,12/09/2024,8,1351.0,3.0,111.45,2.23,$109.22,Debit
2643,12/09/2024,8,1410.0,29.0,234.13,4.68,$229.45,credit 
2644,12/09/2024,3,1300.0,19.0,183.26,3.67,$179.59,Debit
2645,12/09/2024,8,1311.0,31.0,153.08,3.06,$150.02,CREDIT
2646,12/09/2024,3,1292.0,25.0,170.24,25.54,$144.70,CASH
2647,12/09/2024,4,1113.0,30.0,195.07,3.9,$191.17,Credit
2648,12/09/2024,4,1146.0,19.0,98.62,1.97,$96.65,debit 
2649,12/09/2024,11,1088.0,19.0,38.12,1.91,$36.21,Debit
2650,12/09/2024,12,1387.0,23.0,298.68,44.8,$253.88,Credit
2651,12/09/2024,4,1199.0,,286.35,28.64,$257.71,Credit
2652,12/09/2024,9,1269.0,9.0,19.48,0.39,$19.09,Debit
2653,12/09/2024,5,1460.0,11.0,308.54,30.85,$277.69,credit 
2654,12/09/2024,11,1277.0,16.0,65.93,3.3,$62.63,Credit
2655,12/09/2024,7,1196.0,13.0,86.98,1.74,$85.24,credit
2656,12/10/2024,1,1121.0,9.0,43.05,0.86,$42.19,Credit
2657,12/10/2024,4,1462.0,29.0,284.61,14.23,$270.38,Debit
2658,12/10/2024,4,1491.0,34.0,143.53,2.87,$140.66,Credit
2659,12/10/2024,3,1248.0,3.0,178.46,3.57,$174.89,debit
2660,12/10/2024,6,1428.0,26.0,230.48,4.61,$225.87,Debit
2661,12/10/2024,5,1111.0,25.0,265.1,26.51,$238.59,credit
2662,12/10/2024,10,1304.0,34.0,151.89,22.78,$129.11,debit
2663,12/10/2024,12,1045.0,16.0,27.52,0.55,$26.97,debit 
2664,12/10/2024,8,1194.0,15.0,148.91,7.45,$141.46,Credit
2665,12/10/2024,7,1453.0,33.0,53.94,8.09,$45.85,Debit
2666,12/10/2024,5,1244.0,4.0,147.73,2.95,$144.78,cash
2667,12/10/2024,3,1320.0,20.0,214.29,21.43,$192.86,Cash
2668,12/10/2024,7,1328.0,16.0,237.86,4.76,$233.10,CREDIT
2669,12/10/2024,8,1489.0,29.0,364.16,54.62,$309.54,Debit
2670,12/10/2024,3,1329.0,10.0,278.18,13.91,$264.27,Credit
2671,12/10/2024,9,1198.0,20.0,131.33,13.13,$118.20,debit
2672,12/10/2024,7,1320.0,10.0,62.37,6.24,$56.13,cash 
2673,12/11/2024,8,1009.0,22.0,146.0,14.6,$131.40,CREDIT
2674,12/11/2024,5,1295.0,5.0,52.15,1.04,$51.11,Credit
2675,12/11/2024,2,1042.0,19.0,267.14,13.36,$253.78,Credit
2676,12/11/2024,8,1354.0,22.0,135.46,20.32,$115.14,Cash
2677,12/11/2024,5,1022.0,21.0,127.2,12.72,$114.48,Debit
2678,12/11/2024,12,1247.0,34.0,234.28,4.69,$229.59, Debit 
2679,12/11/2024,11,1097.0,7.0,143.96,7.2,$136.76, Credit 
2680,12/11/2024,9,1460.0,12.0,122.98,12.3,$110.68, Credit 
2681,12/11/2024,7,1374.0,17.0,146.2,7.31,$138.89,debit 
2682,12/11/2024,10,1410.0,17.0,133.68,2.67,$131.01,Credit
2683,12/11/2024,7,1400.0,5.0,46.88,,$45.94,DEBIT
2684,12/11/2024,10,1486.0,26.0,160.59,8.03,$152.56,Debit
2685,12/11/2024,9,1072.0,6.0,36.19,1.81,$34.38, Cash 
2686,12/11/2024,3,1499.0,9.0,140.65,2.81,$137.84,Credit
2687,12/11/2024,8,1147.0,31.0,60.04,3.0,$57.04,credit
2688,12/11/2024,7,1373.0,22.0,71.63,3.58,$68.05,Debit
2689,12/12/2024,5,1190.0,31.0,114.7,2.29,$112.41, Credit 
2690,12/12/2024,7,1441.0,6.0,232.84,4.66,$228.18,Debit
2691,12/12/2024,9,1272.0,11.0,31.44,4.72,$26.72,debit
2692,12/12/2024,6,1292.0,7.0,195.58,29.34,$166.24,credit 
2693,12/12/2024,1,1249.0,33.0,239.49,4.79,$234.70,Credit
2694,12/12/2024,10,1381.0,27.0,289.2,43.38,$245.82,Credit
2695,12/12/2024,7,1495.0,21.0,346.23,51.93,$294.30, Credit 
2696,12/12/2024,10,1109.0,33.0,115.66,2.31,$113.35,credit
2697,12/12/2024,2,1008.0,5.0,210.93,10.55,$200.38, Cash 
2698,12/12/2024,10,1490.0,31.0,165.72,3.31,$162.41, Credit 
2699,12/12/2024,7,1168.0,28.0,31.59,4.74,$26.85,Debit
2700,12/12/2024,8,1070.0,34.0,117.94,5.9,$112.04,Credit
2701,12/12/2024,1,1358.0,19.0,145.21,2.9,$142.31,Credit
2702,12/12/2024,7,1326.0,13.0,118.01,2.36,$115.65,Debit
2703,12/12/2024,6,1440.0,6.0,236.93,4.74,$232.19,credit
2704,12/12/2024,1,1290.0,3.0,56.97,2.85,$54.12,Debit
2705,12/12/2024,12,1320.0,34.0,75.66,7.57,$68.09,credit
2706,12/13/2024,3,1467.0,22.0,185.49,3.71,$181.78,Debit
2707,12/13/2024,9,1117.0,15.0,88.83,1.78,$87.05,Credit
2708,12/13/2024,5,1489.0,19.0,157.52,23.63,$133.89,Credit
2709,12/13/2024,8,1297.0,5.0,64.07,1.28,$62.79,Credit
2710,12/13/2024,1,1019.0,30.0,171.87,17.19,$154.68,CREDIT
2711,12/13/2024,1,1016.0,8.0,218.9,4.38,$214.52,CREDIT
2712,12/13/2024,10,1279.0,28.0,190.52,3.81,$186.71,credit
2713,12/13/2024,4,1243.0,13.0,233.51,,$228.84, Cash 
2714,12/13/2024,3,1061.0,26.0,89.07,4.45,$84.62,Debit
2715,12/13/2024,5,1408.0,31.0,94.51,4.73,$89.78,debit 
2716,12/13/2024,4,1394.0,10.0,46.04,0.92,$45.12,Cash
2717,12/13/2024,11,1232.0,8.0,38.81,1.94,$36.87,Debit
2718,12/13/2024,6,1032.0,33.0,188.3,18.83,$169.47,Credit
2719,12/13/2024,2,1363.0,24.0,180.24,27.04,$153.20,DEBIT
2720,12/13/2024,7,1189.0,21.0,155.38,7.77,,Debit
2721,12/13/2024,12,1318.0,22.0,172.96,3.46,$169.50,Credit
2722,12/14/2024,12,1264.0,3.0,157.4,23.61,$133.79,cash 
2723,12/14/2024,2,1348.0,32.0,230.23,,$225.63,DEBIT
2724,12/14/2024,1,1077.0,19.0,190.84,3.82,$187.02,DEBIT
2725,12/14/2024,9,1063.0,9.0,133.92,6.7,$127.22,CREDIT
2726,12/14/2024,1,1146.0,4.0,226.69,4.53,$222.16,credit
2727,12/14/2024,2,1416.0,17.0,57.73,2.89,$54.84,debit
2728,12/14/2024,5,1268.0,31.0,122.94,6.15,$116.79,Credit
2729,12/14/2024,5,1067.0,32.0,270.81,13.54,$257.27,Debit
2730,12/14/2024,2,1365.0,5.0,90.47,9.05,$81.42,CREDIT
2731,12/14/2024,9,1060.0,27.0,161.88,24.28,$137.60,Cash
2732,12/14/2024,11,1091.0,21.0,221.12,4.42,$216.70,Credit
2733,12/14/2024,9,1123.0,4.0,67.35,1.35,$66.00,cash 
2734,12/14/2024,3,1047.0,26.0,234.26,4.69,$229.57,credit
2735,12/14/2024,9,1158.0,16.0,135.06,6.75,,Debit
2736,12/14/2024,10,1163.0,8.0,230.05,4.6,$225.45,Cash
2737,12/14/2024,7,1100.0,33.0,95.35,4.77,$90.58,Credit
2738,12/15/2024,5,1414.0,15.0,161.1,8.05,$153.05,Credit
2739,12/15/2024,10,1409.0,13.0,115.37,5.77,$109.60,Credit
2740,12/15/2024,1,1002.0,14.0,143.29,2.87,$140.42,Cash
2741,12/15/2024,6,1278.0,21.0,42.82,4.28,$38.54,cash 
2742,12/15/2024,11,1429.0,22.0,154.97,15.5,$139.47,credit
2743,12/15/2024,5,1211.0,19.0,109.8,2.2,$107.60,Credit
2744,12/15/2024,6,1345.0,20.0,137.76,6.89,$130.87,Cash
2745,12/15/2024,3,1426.0,12.0,90.87,9.09,$81.78,cash
2746,12/15/2024,12,1201.0,25.0,150.04,3.0,$147.04,debit 
2747,12/15/2024,10,1262.0,12.0,360.75,54.11,$306.64,credit
2748,12/15/2024,3,1184.0,15.0,202.01,10.1,$191.91, Credit 
2749,12/15/2024,11,1002.0,10.0,112.86,2.26,$110.60,Credit
2750,12/15/2024,8,1190.0,7.0,80.3,1.61,$78.69,Debit
2751,12/15/2024,3,1361.0,21.0,209.91,31.49,$178.42,Debit
2752,12/15/2024,4,1084.0,23.0,271.05,13.55,$257.50,DEBIT
2753,12/15/2024,8,1246.0,5.0,63.47,6.35,$57.12,Cash
2754,12/15/2024,6,1057.0,26.0,49.44,2.47,$46.97, Credit 
2755,12/16/2024,6,1089.0,13.0,100.28,2.01,$98.27,Credit
2756,12/16/2024,8,1476.0,24.0,191.64,3.83,$187.81,Credit
2757,12/16/2024,7,1122.0,8.0,119.59,2.39,$117.20,Debit
2758,12/16/2024,7,1456.0,5.0,143.66,14.37,$129.29,credit
2759,12/16/2024,3,1318.0,24.0,69.61,,$68.22,Credit
2760,12/16/2024,5,1432.0,20.0,301.11,30.11,$271.00,DEBIT
2761,12/16/2024,4,1489.0,34.0,227.44,34.12,$193.32,Debit
2762,12/16/2024,8,1252.0,33.0,198.05,3.96,$194.09,Cash
2763,12/16/2024,10,1027.0,7.0,130.9,2.62,$128.28,Credit
2764,12/16/2024,11,1310.0,3.0,209.87,20.99,$188.88,Debit
2765,12/16/2024,11,1453.0,34.0,308.68,46.3,$262.38,Debit
2766,12/16/2024,5,1344.0,12.0,185.89,18.59,$167.30,DEBIT
2767,12/16/2024,12,1241.0,14.0,65.68,1.31,$64.37,Credit
2768,12/16/2024,3,1172.0,9.0,21.12,0.42,$20.70,Credit
2769,12/16/2024,8,1161.0,29.0,203.71,4.07,$199.64,credit
2770,12/16/2024,4,1167.0,6.0,23.99,0.48,$23.51,Credit
2771,12/17/2024,11,1129.0,6.0,63.12,3.16,$59.96,Credit
2772,12/17/2024,2,1402.0,16.0,163.62,3.27,$160.35,credit
2773,12/17/2024,11,1384.0,9.0,243.05,12.15,$230.90,Cash
2774,12/17/2024,9,1237.0,27.0,223.52,4.47,$219.05,Credit
2775,12/17/2024,6,1499.0,8.0,224.22,4.48,$219.74,Credit
2776,12/17/2024,1,1014.0,32.0,165.46,24.82,$140.64,credit
2777,12/17/2024,8,1183.0,31.0,59.67,2.98,$56.69,Credit
2778,12/17/2024,2,1365.0,11.0,310.09,31.01,$279.08,Debit
2779,12/17/2024,7,1462.0,22.0,224.42,11.22,$213.20,Debit
2780,12/17/2024,1,1160.0,12.0,133.5,6.68,$126.82,Debit
2781,12/17/2024,7,1460.0,31.0,144.77,14.48,$130.29,Debit
2782,12/17/2024,5,1432.0,10.0,81.04,8.1,$72.94,Credit
2783,12/17/2024,4,1424.0,18.0,119.04,2.38,$116.66,Debit
2784,12/17/2024,5,,33.0,39.11,1.96,$37.15,credit
2785,12/17/2024,3,1110.0,34.0,184.24,3.68,$180.56,Cash
2786,12/17/2024,4,1461.0,18.0,283.16,,$269.00,cash
2787,12/18/2024,5,1086.0,4.0,329.52,49.43,$280.09,Credit
2788,12/18/2024,1,1144.0,33.0,214.87,4.3,$210.57,credit
2789,12/18/2024,8,1278.0,,168.35,16.84,$151.51, Debit 
2790,12/18/2024,1,1399.0,7.0,264.32,13.22,$251.10,Debit
2791,12/18/2024,11,1129.0,14.0,168.94,8.45,$160.49,Debit
2792,12/18/2024,10,1284.0,15.0,82.95,4.15,$78.80,Credit
2793,12/18/2024,2,1157.0,23.0,170.38,8.52,$161.86,Credit
2794,12/18/2024,12,1063.0,20.0,58.96,2.95,$56.01,DEBIT
2795,12/18/2024,4,1109.0,25.0,167.97,3.36,$164.61,DEBIT
2796,12/18/2024,7,1401.0,33.0,162.86,3.26,$159.60,debit 
2797,12/18/2024,10,1016.0,23.0,107.37,2.15,$105.22,Credit
2798,12/18/2024,5,1481.0,4.0,52.93,1.06,$51.87,Credit
2799,12/18/2024,6,1240.0,17.0,172.76,8.64,$164.12,debit
2800,12/18/2024,12,1400.0,8.0,48.06,0.96,$47.10,Credit
2801,12/18/2024,12,1377.0,8.0,39.48,1.97,$37.51,Credit
2802,12/18/2024,12,1042.0,7.0,86.66,,$82.33,credit 
2803,12/18/2024,12,1151.0,30.0,201.87,10.09,$191.78,Debit
2804,12/19/2024,6,1170.0,26.0,149.16,22.37,$126.79,Credit
2805,12/19/2024,10,1173.0,30.0,40.22,2.01,$38.21,Credit
2806,12/19/2024,8,1009.0,28.0,308.72,30.87,$277.85,Credit
2807,12/19/2024,3,1129.0,9.0,208.72,10.44,$198.28,debit
2808,12/19/2024,10,1451.0,33.0,116.72,,$110.88,credit 
2809,12/19/2024,9,1004.0,23.0,316.33,31.63,$284.70,credit 
2810,12/19/2024,6,1402.0,5.0,42.54,0.85,$41.69,Cash
2811,12/19/2024,9,1387.0,27.0,126.2,18.93,$107.27,Credit
2812,12/19/2024,6,1418.0,8.0,21.85,0.44,$21.41,debit
2813,12/19/2024,12,1420.0,29.0,125.64,6.28,$119.36,Credit
2814,12/19/2024,10,1131.0,7.0,61.82,1.24,$60.58,Credit
2815,12/19/2024,5,1165.0,26.0,211.54,10.58,$200.96,Cash
2816,12/19/2024,4,1247.0,15.0,16.33,0.33,$16.00,Credit
2817,12/19/2024,8,1260.0,31.0,173.1,3.46,$169.64,Debit
2818,12/19/2024,8,1362.0,3.0,190.1,19.01,$171.09,CREDIT
2819,12/19/2024,12,1328.0,13.0,64.04,1.28,$62.76,Credit
2820,12/20/2024,5,1496.0,9.0,196.05,19.61,$176.44,debit
2821,12/20/2024,9,,,184.03,18.4,$165.63,Credit
2822,12/20/2024,10,1108.0,7.0,207.01,10.35,$196.66,Credit
2823,12/20/2024,3,1130.0,6.0,24.95,2.5,$22.45,Credit
2824,12/20/2024,1,1131.0,6.0,224.84,,$220.34,Debit
2825,12/20/2024,6,1065.0,34.0,56.74,2.84,$53.90,credit
2826,12/20/2024,9,1259.0,3.0,39.26,5.89,$33.37,credit 
2827,12/20/2024,3,1008.0,6.0,27.11,1.36,$25.75,DEBIT
2828,12/20/2024,4,1430.0,7.0,92.98,4.65,$88.33,debit
2829,12/20/2024,11,1247.0,17.0,69.3,1.39,$67.91,Credit
2830,12/20/2024,4,1482.0,32.0,286.62,28.66,$257.96,credit
2831,12/20/2024,4,1104.0,21.0,240.25,12.01,$228.24,debit
2832,12/20/2024,11,1368.0,3.0,50.17,,$49.17,Credit
2833,12/20/2024,11,1269.0,8.0,33.97,0.68,$33.29,Cash
2834,12/20/2024,11,1297.0,4.0,198.84,3.98,$194.86,debit 
2835,12/20/2024,8,1184.0,11.0,42.34,2.12,$40.22,debit
2836,12/20/2024,6,1215.0,10.0,29.58,1.48,$28.10,cash 
2837,12/21/2024,5,1066.0,14.0,172.03,3.44,$168.59,Credit
2838,12/21/2024,8,1114.0,33.0,236.17,4.72,$231.45,CASH
2839,12/21/2024,5,1400.0,13.0,123.13,2.46,$120.67,debit
2840,12/21/2024,12,1422.0,27.0,89.62,1.79,$87.83,Debit
2841,12/21/2024,8,1170.0,7.0,100.88,15.13,$85.75,CREDIT
2842,12/21/2024,7,1030.0,23.0,204.91,20.49,$184.42,Debit
2843,12/21/2024,10,1298.0,27.0,124.84,,$118.60, Credit 
2844,12/21/2024,3,1213.0,24.0,22.29,1.11,$21.18,Debit
2845,12/21/2024,1,1018.0,26.0,237.14,4.74,$232.40,DEBIT
2846,12/21/2024,2,1203.0,13.0,35.2,0.7,$34.50,cash
2847,12/21/2024,7,1196.0,25.0,142.12,2.84,$139.28,CREDIT
2848,12/21/2024,12,1181.0,29.0,125.18,18.78,$106.40,CREDIT
2849,12/21/2024,10,1025.0,30.0,125.29,12.53,$112.76,Credit
2850,12/21/2024,9,1302.0,23.0,129.19,6.46,$122.73,debit 
2851,12/21/2024,8,1175.0,31.0,91.2,4.56,$86.64,CREDIT
2852,12/21/2024,8,1092.0,26.0,202.43,4.05,$198.38,Credit
2853,12/22/2024,12,1261.0,16.0,143.69,2.87,$140.82,Debit
2854,12/22/2024,11,1075.0,24.0,196.91,9.85,$187.06, Debit 
2855,12/22/2024,7,1391.0,17.0,190.99,9.55,$181.44,debit
2856,12/22/2024,12,1266.0,9.0,27.45,0.55,$26.90, Credit 
2857,12/22/2024,8,1003.0,9.0,167.76,3.36,$164.40,Debit
2858,12/22/2024,8,1109.0,11.0,145.41,2.91,$142.50,Credit
2859,12/22/2024,6,1065.0,19.0,255.28,12.76,$242.52,Debit
2860,12/22/2024,5,1381.0,27.0,233.22,34.98,$198.24,debit
2861,12/22/2024,1,1190.0,10.0,180.96,3.62,$177.34,credit
2862,12/22/2024,6,1058.0,31.0,64.41,6.44,$57.97,Credit
2863,12/22/2024,9,1302.0,17.0,140.93,7.05,$133.88,Credit
2864,12/22/2024,9,1311.0,21.0,62.35,1.25,$61.10, Cash 
2865,12/22/2024,1,1127.0,34.0,152.73,3.05,$149.68,Debit
2866,12/22/2024,12,1141.0,4.0,94.25,9.43,$84.82,Credit
2867,12/22/2024,6,,14.0,256.24,12.81,$243.43,Credit
2868,12/22/2024,1,1286.0,9.0,208.84,4.18,$204.66,Credit
2869,12/23/2024,7,,10.0,69.15,1.38,$67.77,Debit
2870,12/23/2024,6,1126.0,8.0,44.82,2.24,$42.58, Credit 
2870,12/23/2024,6,1126.0,8.0,44.82,2.24,$42.58, Credit 
2871,12/23/2024,2,1440.0,18.0,193.48,3.87,$189.61,cash
2872,12/23/2024,5,1088.0,5.0,141.3,7.07,$134.23,Debit
2873,12/23/2024,9,1445.0,15.0,147.82,2.96,$144.86,credit 
2874,12/23/2024,9,1247.0,21.0,201.29,4.03,$197.26,Debit
2875,12/23/2024,4,1041.0,22.0,189.38,3.79,$185.59,credit 
2876,12/23/2024,9,1030.0,23.0,27.9,2.79,$25.11,cash 
2877,12/23/2024,9,1263.0,8.0,26.65,1.33,$25.32,Cash
2878,12/23/2024,5,1248.0,8.0,134.43,2.69,$131.74,CREDIT
2879,12/23/2024,7,1025.0,15.0,285.34,28.53,$256.81,Credit
2880,12/23/2024,5,1410.0,6.0,164.56,3.29,$161.27,CREDIT
2881,12/23/2024,6,1241.0,8.0,188.68,,$184.91,credit
2882,12/23/2024,11,1373.0,13.0,272.93,13.65,$259.28,credit
2883,12/23/2024,7,,23.0,71.81,3.59,$68.22,Debit
2884,12/23/2024,6,1175.0,9.0,83.47,4.17,$79.30,credit
2885,12/23/2024,3,1068.0,19.0,283.08,28.31,$254.77,Credit
2886,12/24/2024,7,1317.0,6.0,229.98,11.5,$218.48, Credit 
2887,12/24/2024,7,1147.0,19.0,169.38,8.47,$160.91,Credit
2888,12/24/2024,3,1470.0,32.0,280.83,14.04,$266.79, Credit 
2889,12/24/2024,5,1354.0,26.0,296.82,44.52,$252.30,Credit
2890,12/24/2024,2,1098.0,3.0,217.89,21.79,$196.10, Credit 
2891,12/24/2024,2,1447.0,25.0,115.45,2.31,$113.14,cash 
2892,12/24/2024,11,1450.0,22.0,144.75,7.24,$137.51,debit 
2893,12/24/2024,11,1370.0,25.0,128.92,6.45,$122.47,Cash
2894,12/24/2024,3,1381.0,26.0,51.57,7.74,$43.83,credit
2895,12/24/2024,10,1387.0,24.0,364.65,54.7,$309.95, Credit 
2896,12/24/2024,7,1416.0,20.0,224.15,11.21,$212.94,Credit
2897,12/24/2024,4,1253.0,14.0,59.92,,$58.72,Debit
2898,12/24/2024,12,1242.0,16.0,182.78,3.66,$179.12,cash
2899,12/24/2024,10,1142.0,10.0,28.69,1.43,$27.26,CREDIT
2900,12/24/2024,4,1414.0,31.0,41.58,2.08,$39.50, Debit 
2901,12/24/2024,2,1463.0,33.0,277.62,41.64,$235.98,Debit
2902,12/25/2024,3,1365.0,20.0,197.9,19.79,$178.11,credit
2903,12/25/2024,9,1009.0,22.0,200.06,20.01,$180.05,credit
2904,12/25/2024,3,1223.0,12.0,53.71,1.07,,credit 
2905,12/25/2024,5,1326.0,13.0,25.14,0.5,$24.64,credit
2906,12/25/2024,6,1297.0,30.0,194.46,3.89,$190.57, Debit 
2907,12/25/2024,8,1189.0,31.0,164.12,8.21,$155.91,CREDIT
2908,12/25/2024,10,1010.0,26.0,71.3,1.43,$69.87,credit
2909,12/25/2024,6,1379.0,21.0,151.14,3.02,$148.12, Cash 
2910,12/25/2024,5,1366.0,12.0,50.85,1.02,$49.83,debit 
2911,12/25/2024,1,1489.0,12.0,193.02,28.95,$164.07,Cash
2912,12/25/2024,2,1169.0,24.0,278.14,,$264.23,CREDIT
2913,12/25/2024,12,1194.0,4.0,23.07,1.15,$21.92,Credit
2914,12/25/2024,6,1061.0,5.0,259.29,12.96,$246.33,credit
2915,12/25/2024,10,1169.0,29.0,281.82,14.09,$267.73,Debit
2916,12/25/2024,1,1021.0,23.0,192.92,9.65,$183.27,Debit
2917,12/25/2024,8,1110.0,6.0,143.86,2.88,$140.98,Credit
2918,12/25/2024,8,1304.0,17.0,226.64,34.0,$192.64,Debit
2919,12/26/2024,4,1140.0,3.0,153.44,15.34,$138.10,Credit
2920,12/26/2024,12,1262.0,17.0,152.02,22.8,$129.22,Credit
2921,12/26/2024,1,1254.0,15.0,108.11,2.16,$105.95,DEBIT
2922,12/26/2024,8,1152.0,25.0,254.41,12.72,$241.69,Debit
2923,12/26/2024,5,1278.0,5.0,47.05,4.71,$42.34,Credit
2924,12/26/2024,7,1204.0,16.0,244.18,4.88,$239.30,Cash
2925,12/26/2024,10,1375.0,10.0,252.63,12.63,$240.00,Debit
2926,12/26/2024,8,1244.0,17.0,118.74,2.37,$116.37,debit
2927,12/26/2024,12,1199.0,3.0,80.0,8.0,$72.00,credit
2928,12/26/2024,1,1132.0,32.0,261.19,13.06,$248.13,credit
2929,12/26/2024,12,,33.0,114.61,2.29,$112.32,Debit
2930,12/26/2024,1,1452.0,15.0,227.68,4.55,$223.13,CREDIT
2931,12/26/2024,5,1292.0,34.0,66.04,9.91,$56.13,Credit
2932,12/26/2024,1,1174.0,22.0,260.03,13.0,$247.03,Credit
2933,12/26/2024,3,1170.0,8.0,274.98,41.25,$233.73, Debit 
2934,12/26/2024,7,1430.0,15.0,203.2,10.16,$193.04,credit 
2935,12/27/2024,12,1049.0,33.0,141.96,2.84,$139.12,Credit
2936,12/27/2024,12,1321.0,14.0,277.98,27.8,$250.18,cash
2937,12/27/2024,3,1259.0,21.0,244.7,36.7,$208.00,Debit
2938,12/27/2024,4,1292.0,13.0,374.08,56.11,$317.97,credit
2939,12/27/2024,7,1229.0,34.0,204.63,4.09,$200.54,cash 
2940,12/27/2024,1,1332.0,12.0,105.48,10.55,$94.93,Cash
2941,12/27/2024,9,1367.0,16.0,132.57,6.63,$125.94,Credit
2942,12/27/2024,12,1472.0,18.0,51.99,2.6,$49.39,CASH
2943,12/27/2024,2,1034.0,15.0,55.65,2.78,$52.87,Debit
2944,12/27/2024,5,1104.0,33.0,252.83,12.64,$240.19,DEBIT
2945,12/27/2024,6,1356.0,9.0,138.32,13.83,$124.49,Debit
2946,12/27/2024,9,1429.0,7.0,228.67,22.87,$205.80,debit
2947,12/27/2024,8,1451.0,4.0,159.8,7.99,$151.81,Debit
2948,12/27/2024,6,1465.0,29.0,185.98,,$182.26,cash
2949,12/27/2024,1,1084.0,8.0,32.71,1.64,$31.07,Debit
2950,12/27/2024,3,1412.0,5.0,111.75,5.59,$106.16,Debit
2951,12/28/2024,10,1075.0,15.0,55.21,2.76,$52.45,Credit
2952,12/28/2024,2,1088.0,20.0,256.9,12.84,$244.06,Credit
2953,12/28/2024,11,1153.0,17.0,80.75,,$79.14,Credit
2954,12/28/2024,3,1493.0,,267.94,13.4,$254.54,credit 
2955,12/28/2024,10,1206.0,16.0,53.28,1.07,$52.21,credit
2956,12/28/2024,6,1169.0,5.0,73.02,3.65,$69.37,cash 
2957,12/28/2024,10,1322.0,26.0,81.76,8.18,$73.58,Debit
2958,12/28/2024,3,1284.0,23.0,32.15,1.61,$30.54,Credit
2959,12/28/2024,5,1250.0,9.0,48.32,7.25,$41.07, Credit 
2960,12/28/2024,3,1044.0,15.0,51.52,1.03,$50.49,debit
2961,12/28/2024,8,1301.0,9.0,286.72,14.34,$272.38,Credit
2962,12/28/2024,12,1142.0,9.0,131.25,6.56,$124.69,Debit
2963,12/28/2024,2,1461.0,21.0,212.86,10.64,,debit
2964,12/28/2024,4,1321.0,24.0,86.11,8.61,$77.50,Credit
2965,12/28/2024,10,1221.0,13.0,181.08,3.62,$177.46,Credit
2966,12/28/2024,4,1283.0,12.0,141.2,2.82,$138.38,Credit
2967,12/28/2024,5,1074.0,32.0,18.4,0.37,$18.03,Cash
2968,12/29/2024,1,1377.0,22.0,164.42,8.22,$156.20,CREDIT
2969,12/29/2024,2,,13.0,160.13,3.2,$156.93,Debit
2970,12/29/2024,2,1189.0,7.0,194.56,9.73,$184.83, Cash 
2971,12/29/2024,1,1399.0,29.0,35.3,1.76,$33.54,Credit
2972,12/29/2024,9,1264.0,17.0,250.53,37.58,$212.95,Credit
2973,12/29/2024,4,1457.0,30.0,37.22,0.74,$36.48,Cash
2974,12/29/2024,3,1428.0,26.0,154.72,3.09,$151.63,DEBIT
2975,12/29/2024,8,1442.0,12.0,142.6,7.13,$135.47,credit
2976,12/29/2024,1,1075.0,10.0,226.37,11.32,$215.05,Credit
2977,12/29/2024,3,1484.0,4.0,279.53,27.95,$251.58,Cash
2978,12/29/2024,10,1250.0,7.0,276.54,41.48,$235.06,Credit
2979,12/29/2024,8,1059.0,20.0,263.93,26.39,$237.54,Debit
2980,12/29/2024,3,1458.0,12.0,70.23,,$66.72,Credit
2981,12/29/2024,1,1316.0,16.0,32.64,0.65,$31.99,Debit
2982,12/29/2024,11,1161.0,26.0,141.35,2.83,$138.52,CREDIT
2983,12/29/2024,7,1382.0,33.0,258.31,12.92,$245.39,Credit
2984,12/30/2024,7,1360.0,17.0,218.14,32.72,$185.42,credit
2985,12/30/2024,4,1255.0,5.0,88.24,1.76,$86.48,CREDIT
2986,12/30/2024,2,1378.0,9.0,175.3,3.51,$171.79,Cash
2987,12/30/2024,10,1221.0,17.0,50.25,1.01,$49.24,Credit
2988,12/30/2024,3,1078.0,9.0,233.82,4.68,$229.14,credit
2989,12/30/2024,1,1208.0,24.0,158.52,,$155.35,Debit
2990,12/30/2024,12,1481.0,18.0,34.95,0.7,$34.25,CREDIT
2991,12/30/2024,2,1369.0,30.0,210.82,10.54,$200.28,Credit
2992,12/30/2024,8,1419.0,25.0,179.81,3.6,$176.21,CREDIT
2993,12/30/2024,9,1276.0,19.0,172.36,,$163.74,debit 
2994,12/30/2024,5,1498.0,30.0,193.73,3.87,$189.86,cash 
2995,12/30/2024,6,,5.0,176.46,3.53,$172.93, Cash 
2996,12/30/2024,8,1213.0,7.0,62.46,,$59.34,Credit
2997,12/30/2024,8,1107.0,17.0,261.48,13.07,$248.41,Debit
2998,12/30/2024,1,1377.0,26.0,24.78,1.24,$23.54,credit
2999,12/30/2024,1,1087.0,14.0,147.74,14.77,$132.97,credit
3000,12/31/2024,11,1031.0,29.0,214.47,4.29,$210.18,CASH
