claim_id,claim_amount,policy_months,prior_claims_3yr,days_to_file,has_receipts,fraud_confirmed
SS-00001,17637,13,1,1,0,0
SS-00002,5238,19,0,28,1,0
SS-00003,19437,70,0,1,1,0
SS-00004,4388,15,0,0,1,0
SS-00005,9054,7,0,0,1,0
SS-00006,13497,37,1,4,1,0
SS-00007,12735,31,1,1,0,0
SS-00008,8819,1,3,18,0,1
SS-00009,2924,80,0,13,0,0
SS-00010,11556,1,0,5,1,0
SS-00011,3358,22,1,0,0,0
SS-00012,8978,5,1,9,1,0
SS-00013,2687,44,0,3,1,0
SS-00014,20776,1,0,11,1,0
SS-00015,7960,37,0,1,1,0
SS-00016,12571,65,0,11,0,0
SS-00017,5402,37,0,2,1,0
SS-00018,7820,128,2,4,1,0
SS-00019,4067,127,1,5,1,0
SS-00020,4675,17,0,19,1,0
SS-00021,53108,80,0,10,1,0
SS-00022,6544,20,0,0,0,0
SS-00023,5526,13,1,2,1,0
SS-00024,9600,10,0,3,0,0
SS-00025,1900,3,0,20,1,0
SS-00026,6399,21,1,2,1,0
SS-00027,4572,31,0,19,1,0
SS-00028,8512,45,0,4,1,0
SS-00029,6350,13,1,3,1,0
SS-00030,9515,11,0,3,1,0
SS-00031,6061,87,0,5,1,0
SS-00032,6318,97,0,0,0,0
SS-00033,20762,8,0,9,1,0
SS-00034,4264,54,0,11,1,0
SS-00035,5829,11,0,22,0,0
SS-00036,16122,51,1,4,0,0
SS-00037,4194,61,0,4,0,0
SS-00038,4506,50,0,12,1,0
SS-00039,3137,26,0,16,1,0
SS-00040,15536,31,0,9,0,0
SS-00041,4764,94,0,1,1,0
SS-00042,8400,57,0,1,1,0
SS-00043,10135,26,0,5,1,0
SS-00044,2553,35,2,8,0,0
SS-00045,2566,28,1,27,1,0
SS-00046,20757,6,1,7,1,0
SS-00047,27788,22,1,15,0,0
SS-00048,25936,4,0,13,1,0
SS-00049,12443,66,0,1,1,0
SS-00050,7141,53,0,2,1,0
SS-00051,7050,7,0,3,0,0
SS-00052,10378,8,0,8,1,0
SS-00053,4035,38,0,3,1,0
SS-00054,3214,104,0,12,1,0
SS-00055,11987,44,1,1,1,0
SS-00056,9293,17,0,3,1,0
SS-00057,11416,94,0,4,0,0
SS-00058,6727,57,0,17,1,0
SS-00059,8000,10,0,0,1,0
SS-00060,8381,29,0,1,1,0
SS-00061,1275,11,1,4,1,0
SS-00062,28430,80,0,6,0,0
SS-00063,5755,58,0,9,1,0
SS-00064,9747,8,1,1,0,0
SS-00065,3364,1,0,12,1,0
SS-00066,23239,8,0,23,0,0
SS-00067,9906,16,1,11,1,0
SS-00068,1870,34,0,1,1,0
SS-00069,5117,87,1,17,1,0
SS-00070,6749,55,1,4,1,0
SS-00071,6738,70,2,1,1,0
SS-00072,27281,9,0,0,1,0
SS-00073,9776,2,0,23,1,0
SS-00074,5968,55,0,0,1,0
SS-00075,4408,49,1,5,1,0
SS-00076,12334,32,1,14,1,0
SS-00077,12910,13,0,11,1,0
SS-00078,8786,90,0,4,0,0
SS-00079,3758,6,0,20,1,0
SS-00080,4693,159,0,1,0,0
SS-00081,17604,5,0,0,1,0
SS-00082,9183,68,0,1,1,0
SS-00083,13695,48,0,1,1,0
SS-00084,44374,12,0,13,1,0
SS-00085,7809,30,1,3,1,0
SS-00086,6629,61,0,0,0,0
SS-00087,3784,30,0,9,0,0
SS-00088,14529,14,0,0,1,0
SS-00089,7564,42,0,2,1,0
SS-00090,13281,19,1,20,1,0
SS-00091,4750,65,0,13,1,0
SS-00092,16372,6,0,0,1,0
SS-00093,3995,14,0,3,0,0
SS-00094,5338,29,0,21,1,0
SS-00095,4920,15,0,2,1,0
SS-00096,11163,7,0,6,0,1
SS-00097,5653,74,0,2,1,0
SS-00098,5733,10,1,26,1,0
SS-00099,16828,15,0,18,1,0
SS-00100,2489,9,0,14,1,0
SS-00101,13173,8,0,7,0,0
SS-00102,3744,7,0,2,0,0
SS-00103,6098,3,0,8,1,0
SS-00104,5360,212,3,2,1,0
SS-00105,4087,59,1,24,0,0
SS-00106,15774,163,0,11,0,0
SS-00107,10555,83,0,3,1,0
SS-00108,6678,48,0,25,1,0
SS-00109,3717,12,1,4,0,0
SS-00110,2680,29,0,9,0,0
SS-00111,3501,29,2,3,0,1
SS-00112,6800,22,1,4,1,1
SS-00113,17224,31,0,6,0,0
SS-00114,14392,184,0,1,1,0
SS-00115,6380,1,2,4,0,0
SS-00116,13679,112,0,3,1,0
SS-00117,4167,12,0,5,1,0
SS-00118,6603,14,0,6,1,0
SS-00119,4252,91,0,0,0,0
SS-00120,19050,41,0,2,1,0
SS-00121,4731,32,0,4,0,0
SS-00122,7706,39,0,4,0,0
SS-00123,5367,108,0,1,1,0
SS-00124,19636,4,0,5,1,1
SS-00125,53614,39,1,24,0,0
SS-00126,6859,196,0,9,1,0
SS-00127,6386,26,0,1,1,0
SS-00128,7136,51,1,8,1,0
SS-00129,23667,26,0,7,1,1
SS-00130,2667,8,0,14,0,0
SS-00131,9194,2,0,2,0,0
SS-00132,4490,14,0,1,1,0
SS-00133,9685,95,0,10,0,0
SS-00134,11648,14,0,5,1,0
SS-00135,14318,16,0,10,1,1
SS-00136,6929,8,0,5,1,0
SS-00137,16587,27,0,17,0,0
SS-00138,5431,12,0,17,0,0
SS-00139,15650,16,0,2,0,0
SS-00140,23647,28,1,3,1,1
SS-00141,16471,2,0,8,1,0
SS-00142,7374,15,0,3,1,0
SS-00143,8501,10,0,1,1,0
SS-00144,25299,54,0,26,0,0
SS-00145,11408,137,1,0,1,0
SS-00146,8014,132,0,2,1,0
SS-00147,20943,27,1,13,0,0
SS-00148,2288,43,0,1,0,0
SS-00149,1436,90,0,6,0,0
SS-00150,11218,38,0,1,1,0
SS-00151,25288,23,0,2,0,0
SS-00152,7566,7,1,3,1,0
SS-00153,28386,57,0,7,1,0
SS-00154,23908,33,1,3,1,0
SS-00155,7259,7,1,13,1,0
SS-00156,2547,15,0,1,1,0
SS-00157,6382,74,0,29,1,0
SS-00158,10001,10,1,2,1,0
SS-00159,2809,137,0,0,1,0
SS-00160,4657,45,1,18,0,0
SS-00161,19450,16,0,2,1,0
SS-00162,14301,64,0,2,1,0
SS-00163,13049,64,0,22,1,0
SS-00164,26429,59,0,1,1,0
SS-00165,2508,35,0,12,1,0
SS-00166,16102,22,1,10,0,0
SS-00167,2924,112,0,1,1,0
SS-00168,36612,82,1,4,1,0
SS-00169,6893,16,1,12,1,0
SS-00170,25939,55,0,1,1,0
SS-00171,14923,45,0,1,1,0
SS-00172,4660,12,0,3,1,0
SS-00173,8032,23,0,4,1,0
SS-00174,4925,86,0,18,0,0
SS-00175,9695,53,0,20,1,0
SS-00176,9240,8,0,2,1,0
SS-00177,14894,45,0,4,0,0
SS-00178,10222,33,0,4,0,0
SS-00179,16889,67,0,4,1,0
SS-00180,3067,69,0,0,1,0
SS-00181,14372,32,1,11,1,0
SS-00182,22342,29,0,9,1,0
SS-00183,16305,20,1,2,1,0
SS-00184,13207,99,0,0,0,0
SS-00185,5396,12,1,5,1,0
SS-00186,4280,1,0,7,1,0
SS-00187,1860,20,0,8,0,0
SS-00188,32204,57,0,4,1,0
SS-00189,3823,19,1,2,1,0
SS-00190,12360,3,0,19,1,0
SS-00191,15302,88,0,3,0,0
SS-00192,5545,105,0,9,1,0
SS-00193,1637,48,0,11,1,0
SS-00194,8280,73,0,13,1,0
SS-00195,15997,59,0,4,1,0
SS-00196,8723,51,0,4,1,0
SS-00197,15553,5,0,11,1,0
SS-00198,11181,95,0,4,1,0
SS-00199,3812,9,0,12,1,0
SS-00200,2534,23,0,6,1,0
SS-00201,10851,11,1,5,0,1
SS-00202,27379,13,0,1,0,0
SS-00203,6119,60,1,12,1,0
SS-00204,8543,29,1,2,1,0
SS-00205,12613,95,0,7,1,0
SS-00206,11919,5,0,2,0,0
SS-00207,33734,109,0,9,1,0
SS-00208,8664,48,1,7,1,0
SS-00209,3287,2,1,2,1,0
SS-00210,11287,76,0,3,1,0
SS-00211,9397,23,0,2,1,0
SS-00212,11728,3,0,13,0,0
SS-00213,13710,30,0,9,1,0
SS-00214,2918,21,0,3,0,0
SS-00215,8126,150,0,1,1,0
SS-00216,3354,66,1,2,1,0
SS-00217,18886,33,1,9,1,0
SS-00218,4989,33,0,15,0,0
SS-00219,6821,15,0,3,0,0
SS-00220,2070,87,1,6,0,0
SS-00221,45833,1,1,1,1,0
SS-00222,12074,22,0,2,1,0
SS-00223,3508,16,0,0,1,0
SS-00224,3028,14,1,4,1,0
SS-00225,9870,45,0,7,1,0
SS-00226,16126,5,0,8,1,0
SS-00227,12793,36,0,10,0,0
SS-00228,5739,8,1,1,1,0
SS-00229,9529,10,0,5,1,0
SS-00230,10419,5,0,1,1,0
SS-00231,11914,14,0,0,0,0
SS-00232,2523,17,1,0,1,0
SS-00233,6511,31,0,16,1,0
SS-00234,6318,30,1,15,0,0
SS-00235,10703,35,0,7,0,0
SS-00236,2121,19,0,16,0,1
SS-00237,19668,31,0,3,0,0
SS-00238,6345,46,1,19,1,0
SS-00239,3837,5,1,6,0,0
SS-00240,11443,4,0,16,1,0
SS-00241,2492,14,0,3,0,0
SS-00242,3921,39,1,2,1,0
SS-00243,3501,2,0,1,1,0
SS-00244,9027,54,1,5,1,0
SS-00245,3296,55,0,2,1,0
SS-00246,8421,180,0,11,1,0
SS-00247,4441,12,1,11,1,0
SS-00248,12231,2,1,1,1,0
SS-00249,16311,13,0,2,1,0
SS-00250,4911,45,0,9,1,0
SS-00251,7818,106,0,4,0,0
SS-00252,2616,53,0,2,1,0
SS-00253,3022,80,1,1,1,0
SS-00254,14563,52,0,6,1,0
SS-00255,16381,45,1,2,1,0
SS-00256,14829,33,0,1,1,0
SS-00257,6227,17,1,21,1,0
SS-00258,6047,4,0,13,1,0
SS-00259,7118,151,0,1,0,0
SS-00260,6320,5,0,7,1,0
SS-00261,7018,49,1,2,0,0
SS-00262,19137,35,0,10,1,0
SS-00263,4510,21,0,0,1,0
SS-00264,8915,34,0,9,1,0
SS-00265,6169,32,0,7,1,0
SS-00266,11699,45,0,7,1,0
SS-00267,23776,5,0,29,1,0
SS-00268,8207,4,0,5,1,0
SS-00269,8286,38,0,6,1,0
SS-00270,9051,40,0,12,1,0
SS-00271,13747,48,0,5,1,0
SS-00272,8387,22,0,20,0,0
SS-00273,8474,4,0,0,1,0
SS-00274,1567,28,0,13,1,0
SS-00275,19937,88,0,3,1,0
SS-00276,4302,1,0,11,0,0
SS-00277,3847,25,0,1,0,0
SS-00278,3334,27,0,1,1,0
SS-00279,18589,198,0,3,1,0
SS-00280,12167,24,0,6,1,0
SS-00281,2690,55,0,11,1,0
SS-00282,2718,12,1,7,1,0
SS-00283,4499,29,0,18,0,0
SS-00284,2507,10,2,6,1,0
SS-00285,2025,29,0,3,1,0
SS-00286,27084,8,0,1,0,0
SS-00287,2921,8,1,0,1,0
SS-00288,9705,66,0,8,1,0
SS-00289,9355,15,0,4,1,0
SS-00290,13308,47,0,25,1,0
SS-00291,15107,1,0,4,1,0
SS-00292,15134,3,1,1,1,0
SS-00293,3995,62,0,5,0,0
SS-00294,7938,54,1,1,1,0
SS-00295,2895,126,0,0,1,0
SS-00296,1006,13,0,8,1,0
SS-00297,6406,3,0,0,1,0
SS-00298,17899,190,0,3,1,0
SS-00299,12457,34,0,3,1,0
SS-00300,6005,11,0,0,0,0
SS-00301,5862,109,1,1,1,0
SS-00302,3013,179,0,18,0,0
SS-00303,9845,3,1,1,0,0
SS-00304,8825,1,0,0,1,0
SS-00305,2049,134,2,11,1,0
SS-00306,7262,63,0,11,1,0
SS-00307,1600,19,0,1,1,0
SS-00308,9584,10,0,7,1,0
SS-00309,30652,25,1,1,1,0
SS-00310,16975,57,0,8,0,0
SS-00311,31052,29,1,13,0,0
SS-00312,6561,11,1,22,1,0
SS-00313,22691,96,0,1,1,0
SS-00314,6198,86,0,16,0,0
SS-00315,12479,13,0,4,1,0
SS-00316,6225,11,0,10,0,0
SS-00317,14981,73,2,17,1,0
SS-00318,2987,13,0,7,0,0
SS-00319,4647,151,0,18,1,0
SS-00320,8191,104,1,6,1,0
SS-00321,5162,124,0,2,1,0
SS-00322,4370,12,1,30,1,1
SS-00323,5007,79,0,21,1,0
SS-00324,11916,28,0,6,1,0
SS-00325,16878,97,0,1,0,0
SS-00326,10362,66,0,2,1,0
SS-00327,2947,71,1,0,1,0
SS-00328,9423,60,0,14,1,0
SS-00329,3895,80,0,4,1,0
SS-00330,16512,97,0,4,1,0
SS-00331,7695,2,0,11,1,0
SS-00332,4155,12,0,6,1,0
SS-00333,13706,30,0,24,1,0
SS-00334,12960,8,0,10,0,0
SS-00335,9606,35,0,1,1,0
SS-00336,5252,126,0,3,1,0
SS-00337,2955,39,1,6,0,0
SS-00338,14181,13,0,60,0,1
SS-00339,7841,1,0,5,1,0
SS-00340,11206,14,1,27,1,0
SS-00341,44150,8,1,1,1,0
SS-00342,7892,34,0,4,1,0
SS-00343,4424,1,0,14,1,0
SS-00344,4051,56,2,7,1,0
SS-00345,14067,105,2,11,1,0
SS-00346,14044,3,0,7,1,0
SS-00347,17046,4,0,5,1,0
SS-00348,7118,31,0,29,1,0
SS-00349,8703,75,1,0,0,0
SS-00350,16864,14,0,6,1,0
SS-00351,13106,110,0,4,0,0
SS-00352,5858,12,0,3,0,0
SS-00353,15482,4,0,8,0,0
SS-00354,19764,5,0,7,1,0
SS-00355,4159,3,0,1,1,0
SS-00356,8935,43,0,1,1,0
SS-00357,5859,25,0,13,1,0
SS-00358,5954,34,0,0,0,0
SS-00359,5485,28,1,9,1,0
SS-00360,2716,39,0,4,0,0
SS-00361,8001,8,0,6,1,0
SS-00362,3506,30,0,1,0,0
SS-00363,6605,8,0,13,1,0
SS-00364,16762,110,0,7,1,0
SS-00365,15042,29,0,13,0,0
SS-00366,7525,82,0,8,1,0
SS-00367,6068,3,0,5,1,0
SS-00368,14205,30,0,16,0,0
SS-00369,27219,40,0,5,1,0
SS-00370,8764,227,0,3,1,0
SS-00371,3714,30,0,7,1,0
SS-00372,5673,82,0,5,0,0
SS-00373,6384,25,0,12,0,0
SS-00374,10615,29,0,18,1,0
SS-00375,10653,13,0,9,1,0
SS-00376,7887,88,0,8,1,0
SS-00377,17564,10,0,8,0,0
SS-00378,4756,192,0,2,1,0
SS-00379,47157,67,0,16,0,1
SS-00380,2472,27,1,10,0,0
SS-00381,7242,80,0,2,0,0
SS-00382,13865,23,0,4,1,0
SS-00383,11023,56,0,3,1,0
SS-00384,4827,25,0,0,1,0
SS-00385,2474,4,1,0,0,0
SS-00386,1290,35,0,3,0,0
SS-00387,22954,14,0,3,0,0
SS-00388,6634,15,0,5,1,0
SS-00389,9201,16,0,4,0,0
SS-00390,6216,35,1,4,1,0
SS-00391,11166,235,0,18,0,0
SS-00392,16214,51,0,5,1,0
SS-00393,3713,36,0,1,1,0
SS-00394,11179,38,0,9,1,0
SS-00395,11505,5,1,3,0,0
SS-00396,13657,55,0,7,1,0
SS-00397,20007,26,0,4,1,0
SS-00398,4986,36,0,1,1,0
SS-00399,8105,95,0,0,1,0
SS-00400,2665,7,0,1,0,0
SS-00401,5761,52,0,5,1,0
SS-00402,8810,30,1,8,1,0
SS-00403,4223,116,0,5,0,0
SS-00404,9467,70,2,1,1,0
SS-00405,11085,12,0,6,0,0
SS-00406,19406,10,1,9,0,0
SS-00407,12229,43,0,15,0,0
SS-00408,7324,9,1,5,0,0
SS-00409,6742,99,0,10,1,0
SS-00410,9043,79,1,0,1,0
SS-00411,4991,1,0,8,1,1
SS-00412,2298,12,0,4,1,0
SS-00413,20873,33,0,6,0,0
SS-00414,10297,32,0,17,0,0
SS-00415,8460,44,0,4,0,0
SS-00416,51287,64,0,1,1,0
SS-00417,3927,137,2,4,0,0
SS-00418,36583,96,0,12,1,0
SS-00419,3732,45,0,10,1,0
SS-00420,5677,22,1,2,0,0
SS-00421,12515,80,1,16,1,0
SS-00422,16310,84,0,37,1,0
SS-00423,7832,151,0,1,0,0
SS-00424,5222,56,0,0,0,0
SS-00425,3362,6,0,4,1,0
SS-00426,9940,77,0,2,1,0
SS-00427,14082,22,1,5,0,0
SS-00428,9333,2,0,8,0,0
SS-00429,23265,35,0,8,1,0
SS-00430,3701,141,0,14,1,0
SS-00431,6883,41,0,1,1,0
SS-00432,17025,96,1,6,0,0
SS-00433,3096,2,0,5,1,0
SS-00434,8039,1,0,1,1,0
SS-00435,1888,1,1,1,1,0
SS-00436,6230,40,1,3,0,0
SS-00437,11067,20,0,2,1,0
SS-00438,12906,57,0,14,0,0
SS-00439,4273,67,0,1,1,0
SS-00440,2836,57,0,13,0,0
SS-00441,3652,36,0,1,0,0
SS-00442,7654,33,0,24,1,0
SS-00443,1650,108,0,11,1,0
SS-00444,6583,87,0,5,1,0
SS-00445,1587,25,1,4,1,0
SS-00446,574,1,1,6,0,0
SS-00447,16786,56,0,2,1,0
SS-00448,35762,36,0,3,1,0
SS-00449,13580,21,0,6,1,0
SS-00450,12561,43,0,1,0,0
SS-00451,10024,56,0,2,0,0
SS-00452,7869,80,0,4,1,0
SS-00453,29601,22,1,8,1,0
SS-00454,11750,16,0,1,0,0
SS-00455,38116,22,0,4,1,0
SS-00456,10692,133,0,2,1,0
SS-00457,10453,14,0,2,1,0
SS-00458,17124,43,0,6,1,0
SS-00459,2265,19,1,12,0,0
SS-00460,9183,54,1,8,1,0
SS-00461,8617,43,0,12,1,0
SS-00462,4573,24,0,0,1,0
SS-00463,12507,22,1,0,0,0
SS-00464,2805,14,0,18,1,0
SS-00465,2924,2,1,1,1,0
SS-00466,16501,97,0,2,1,0
SS-00467,5497,47,1,12,1,0
SS-00468,20246,1,0,5,0,0
SS-00469,19356,29,0,2,0,1
SS-00470,1465,75,0,21,1,0
SS-00471,11004,83,1,2,1,0
SS-00472,7240,31,0,1,1,0
SS-00473,2290,4,2,7,1,0
SS-00474,3202,58,0,11,1,0
SS-00475,8428,56,0,6,1,0
SS-00476,3558,96,0,1,1,0
SS-00477,8079,53,0,0,0,0
SS-00478,9594,2,1,13,1,0
SS-00479,3018,5,1,1,0,0
SS-00480,15454,10,1,1,0,0
SS-00481,7664,102,2,12,0,0
SS-00482,11173,123,0,6,1,0
SS-00483,7602,30,0,1,1,0
SS-00484,8146,16,0,0,1,0
SS-00485,16690,4,0,2,1,0
SS-00486,3171,30,0,16,1,0
SS-00487,8052,17,0,7,1,0
SS-00488,3363,60,0,8,1,0
SS-00489,2621,3,0,9,1,1
SS-00490,4047,153,1,4,1,0
SS-00491,24704,62,1,16,1,0
SS-00492,39671,11,0,4,1,0
SS-00493,3596,87,0,5,0,0
SS-00494,3665,40,0,1,1,0
SS-00495,7622,65,1,4,1,0
SS-00496,10789,18,0,5,1,0
SS-00497,9795,7,0,6,1,0
SS-00498,28151,53,1,3,1,0
SS-00499,3616,18,0,0,1,0
SS-00500,6768,12,0,2,1,0
SS-00501,13126,52,0,11,1,0
SS-00502,5068,45,1,21,1,0
SS-00503,5587,3,0,27,1,0
SS-00504,4283,62,0,26,1,1
SS-00505,17368,77,0,12,1,0
SS-00506,3173,12,0,8,0,0
SS-00507,12722,13,1,5,1,0
SS-00508,8242,159,1,2,1,0
SS-00509,26170,6,2,19,0,1
SS-00510,5632,27,0,2,1,0
SS-00511,3157,4,0,6,1,0
SS-00512,6271,1,0,5,0,0
SS-00513,35218,175,0,6,0,0
SS-00514,13906,11,0,4,1,0
SS-00515,2864,85,1,29,1,0
SS-00516,56353,46,0,2,1,0
SS-00517,5260,18,0,2,1,0
SS-00518,15756,52,0,5,0,0
SS-00519,3401,1,0,0,1,0
SS-00520,9629,33,2,6,1,0
SS-00521,3501,26,0,4,1,0
SS-00522,8885,115,1,3,0,0
SS-00523,15348,15,1,5,1,0
SS-00524,8536,116,1,0,1,0
SS-00525,17371,30,0,2,1,0
SS-00526,3442,6,0,3,1,0
SS-00527,20206,64,0,13,1,0
SS-00528,4280,240,0,20,0,0
SS-00529,10236,56,0,1,1,0
SS-00530,3627,8,1,11,1,0
SS-00531,15445,56,0,6,1,0
SS-00532,24577,83,1,2,0,0
SS-00533,17218,6,0,7,1,0
SS-00534,5445,16,0,8,1,0
SS-00535,4474,40,0,0,1,0
SS-00536,6746,6,0,12,0,1
SS-00537,2830,7,0,20,1,0
SS-00538,10681,4,0,14,0,0
SS-00539,3209,10,0,4,1,0
SS-00540,16601,19,0,1,0,0
SS-00541,13066,17,0,1,0,1
SS-00542,1818,20,0,11,1,0
SS-00543,8341,146,0,3,0,0
SS-00544,25199,19,1,3,1,0
SS-00545,15773,82,1,8,1,0
SS-00546,35566,39,0,0,1,0
SS-00547,14315,84,1,5,0,0
SS-00548,5431,240,0,2,1,0
SS-00549,12434,7,0,2,1,0
SS-00550,4567,51,0,1,1,0
SS-00551,7298,13,1,20,0,0
SS-00552,7276,189,1,7,0,0
SS-00553,4811,17,0,34,0,0
SS-00554,3999,61,1,17,1,0
SS-00555,22755,17,1,6,1,0
SS-00556,10638,238,1,1,1,0
SS-00557,7237,66,0,11,1,0
SS-00558,3718,102,0,0,1,0
SS-00559,1710,80,0,4,0,0
SS-00560,4366,49,1,6,1,0
SS-00561,3251,77,0,2,1,0
SS-00562,13387,8,0,13,1,0
SS-00563,11610,32,0,2,1,0
SS-00564,13706,51,0,4,1,0
SS-00565,6655,8,0,4,0,0
SS-00566,5905,76,1,5,1,0
SS-00567,2562,27,0,7,0,0
SS-00568,7371,12,0,6,0,0
SS-00569,15604,42,0,2,1,0
SS-00570,18722,4,0,29,1,0
SS-00571,9210,44,0,9,1,0
SS-00572,4284,30,1,17,1,0
SS-00573,16645,9,0,1,1,0
SS-00574,4801,13,0,10,0,0
SS-00575,10233,1,0,16,1,0
SS-00576,2550,57,0,9,1,0
SS-00577,7638,5,0,14,1,0
SS-00578,1764,14,0,4,0,0
SS-00579,2397,42,0,1,0,0
SS-00580,2558,8,0,5,0,0
SS-00581,7659,43,0,2,1,0
SS-00582,17671,20,0,6,0,0
SS-00583,10635,1,0,3,1,0
SS-00584,15815,58,0,17,0,0
SS-00585,18205,7,1,5,0,0
SS-00586,5385,67,0,27,0,0
SS-00587,7581,29,0,1,1,0
SS-00588,4422,10,0,18,0,0
SS-00589,6548,11,1,55,0,1
SS-00590,51076,2,0,0,1,0
SS-00591,15833,33,0,3,1,0
SS-00592,12211,89,2,7,1,0
SS-00593,1941,1,0,1,1,0
SS-00594,11057,10,0,4,1,0
SS-00595,38557,118,0,0,1,0
SS-00596,27941,4,1,5,0,1
SS-00597,12963,42,0,5,1,0
SS-00598,4433,207,0,55,1,0
SS-00599,5493,74,1,2,0,0
SS-00600,15011,84,0,2,1,0
SS-00601,4953,14,0,12,1,0
SS-00602,7972,7,0,2,1,0
SS-00603,9613,7,0,0,0,0
SS-00604,4578,26,0,3,1,0
SS-00605,7483,39,0,7,1,0
SS-00606,4531,34,1,8,0,0
SS-00607,1379,107,0,0,1,0
SS-00608,36170,3,0,23,0,0
SS-00609,10893,39,0,11,1,0
SS-00610,23547,7,0,2,1,0
SS-00611,3087,7,0,3,1,0
SS-00612,8897,12,0,19,1,0
SS-00613,5714,21,0,8,1,0
SS-00614,13469,40,0,2,1,0
SS-00615,4124,11,1,28,1,0
SS-00616,6630,82,0,5,0,0
SS-00617,5370,19,0,2,1,0
SS-00618,6922,134,0,4,1,0
SS-00619,8519,111,1,21,0,0
SS-00620,12416,59,1,3,1,0
SS-00621,15756,47,0,2,1,0
SS-00622,8257,25,0,2,1,0
SS-00623,4798,41,0,30,0,0
SS-00624,4852,22,1,9,0,0
SS-00625,5227,108,1,0,1,0
SS-00626,3729,20,0,3,0,0
SS-00627,5299,25,0,2,1,0
SS-00628,46655,16,0,14,1,0
SS-00629,4256,30,0,3,1,0
SS-00630,3593,34,0,7,0,0
SS-00631,3341,99,0,4,1,0
SS-00632,10581,60,0,18,1,0
SS-00633,7930,18,1,5,0,0
SS-00634,7108,63,1,1,1,0
SS-00635,12053,94,0,11,1,0
SS-00636,20479,18,2,8,0,1
SS-00637,4825,65,0,7,0,0
SS-00638,12150,20,0,1,0,0
SS-00639,10947,26,0,6,0,0
SS-00640,6376,143,0,10,1,0
SS-00641,35778,64,0,19,1,0
SS-00642,13604,37,1,0,1,0
SS-00643,7128,235,0,4,1,0
SS-00644,11151,10,0,14,1,0
SS-00645,15347,17,0,9,1,0
SS-00646,18719,46,0,0,1,0
SS-00647,3420,6,0,7,1,0
SS-00648,3020,30,0,5,1,0
SS-00649,4773,75,0,2,0,0
SS-00650,4508,21,0,0,1,0
SS-00651,8195,58,0,11,0,0
SS-00652,22659,6,0,4,1,0
SS-00653,19857,9,1,7,1,0
SS-00654,9459,11,0,3,0,0
SS-00655,4180,64,0,1,0,0
SS-00656,5237,11,0,5,0,0
SS-00657,20117,6,1,4,0,0
SS-00658,3241,26,0,8,1,0
SS-00659,3436,139,1,6,0,0
SS-00660,7237,4,0,0,1,0
SS-00661,8315,25,2,5,1,0
SS-00662,1877,1,0,1,1,0
SS-00663,5941,34,0,3,0,0
SS-00664,5500,12,1,12,1,0
SS-00665,15972,95,0,9,1,0
SS-00666,5408,82,0,4,1,0
SS-00667,10313,48,0,0,1,0
SS-00668,10542,54,0,1,1,0
SS-00669,20404,13,1,2,0,0
SS-00670,8457,36,1,1,1,0
SS-00671,17754,4,0,5,1,0
SS-00672,10376,44,0,4,1,0
SS-00673,7066,21,1,2,1,0
SS-00674,10467,58,1,5,1,0
SS-00675,10289,18,0,3,1,0
SS-00676,7383,74,0,18,1,0
SS-00677,22527,107,0,5,1,0
SS-00678,7741,62,0,7,0,0
SS-00679,3202,30,1,7,1,0
SS-00680,1481,13,1,9,1,0
SS-00681,4902,88,0,1,1,0
SS-00682,4509,1,0,18,1,0
SS-00683,17248,14,0,8,1,0
SS-00684,14621,2,1,35,1,0
SS-00685,9127,54,0,1,1,0
SS-00686,5125,12,1,5,0,0
SS-00687,3991,17,0,6,1,0
SS-00688,8684,56,1,0,1,0
SS-00689,8119,14,0,1,1,0
SS-00690,2529,12,0,6,1,0
SS-00691,5476,36,0,8,1,0
SS-00692,9571,58,0,0,1,0
SS-00693,5102,99,0,2,1,0
SS-00694,13910,46,0,9,0,0
SS-00695,10424,67,0,1,1,0
SS-00696,7356,51,0,7,0,0
SS-00697,20286,9,0,8,1,0
SS-00698,11108,8,0,7,0,0
SS-00699,5442,96,0,14,1,0
SS-00700,14923,7,0,4,0,0
SS-00701,8412,24,1,11,1,0
SS-00702,13563,49,0,1,1,0
SS-00703,26356,8,0,7,1,0
SS-00704,5745,179,0,2,0,0
SS-00705,19669,49,0,4,0,1
SS-00706,6857,39,0,3,1,0
SS-00707,11166,75,0,2,1,0
SS-00708,2352,39,0,8,0,0
SS-00709,28566,41,0,1,1,0
SS-00710,4725,19,0,1,1,0
SS-00711,12289,36,0,3,0,0
SS-00712,10901,115,0,2,1,0
SS-00713,6148,158,0,5,1,0
SS-00714,580,6,1,7,1,0
SS-00715,3730,91,1,1,1,0
SS-00716,7793,10,0,1,1,0
SS-00717,2605,33,0,6,0,0
SS-00718,16291,67,0,0,1,0
SS-00719,28060,201,1,2,1,0
SS-00720,3159,39,1,19,1,0
SS-00721,24859,19,0,4,1,0
SS-00722,7210,25,1,1,0,0
SS-00723,2944,90,0,6,0,0
SS-00724,5043,49,1,1,1,0
SS-00725,7534,38,2,11,0,0
SS-00726,7895,19,0,1,1,0
SS-00727,22736,18,0,3,0,0
SS-00728,9118,29,2,15,1,0
SS-00729,2076,31,0,5,1,0
SS-00730,8589,34,0,3,1,0
SS-00731,21486,36,0,5,1,0
SS-00732,17076,3,0,5,0,0
SS-00733,7855,89,0,15,1,0
SS-00734,18411,19,0,3,1,0
SS-00735,47664,14,0,12,0,0
SS-00736,8746,66,1,7,1,0
SS-00737,20344,82,0,1,1,0
SS-00738,1260,25,1,3,1,0
SS-00739,9361,2,0,0,0,0
SS-00740,4522,19,0,4,1,0
SS-00741,5701,58,0,8,1,0
SS-00742,4877,22,1,6,0,0
SS-00743,4214,22,0,0,1,0
SS-00744,1304,122,0,0,0,0
SS-00745,2206,5,0,1,1,0
SS-00746,41730,29,0,3,0,0
SS-00747,20215,5,0,2,0,0
SS-00748,17272,31,0,9,0,0
SS-00749,2342,61,1,1,1,0
SS-00750,26245,145,0,18,1,0
SS-00751,2810,37,0,1,1,0
SS-00752,10640,49,0,15,0,0
SS-00753,11216,23,0,8,1,0
SS-00754,16812,61,0,6,1,0
SS-00755,9798,28,0,14,0,1
SS-00756,8372,23,0,7,1,0
SS-00757,6791,54,2,1,1,0
SS-00758,6382,30,0,1,0,0
SS-00759,9732,33,0,8,1,0
SS-00760,6420,7,0,22,1,0
SS-00761,14309,136,2,2,0,0
SS-00762,12540,9,0,9,0,0
SS-00763,5113,3,2,24,1,0
SS-00764,8691,1,0,8,0,0
SS-00765,19288,58,0,0,1,0
SS-00766,2909,39,0,7,1,0
SS-00767,15057,109,0,14,1,0
SS-00768,15240,4,1,1,1,0
SS-00769,10020,39,1,7,1,0
SS-00770,5381,35,1,0,1,0
SS-00771,9385,122,0,10,1,0
SS-00772,12934,21,0,16,1,0
SS-00773,13545,178,0,4,1,0
SS-00774,4807,6,0,7,1,0
SS-00775,6897,36,1,2,1,0
SS-00776,25968,22,1,8,1,0
SS-00777,3872,37,1,5,0,0
SS-00778,10239,42,0,3,1,0
SS-00779,10554,22,0,1,1,0
SS-00780,4427,20,0,5,1,0
SS-00781,6568,96,0,0,0,0
SS-00782,8603,240,0,6,0,0
SS-00783,5137,1,1,9,0,1
SS-00784,24917,14,1,14,1,0
SS-00785,13719,9,1,4,0,1
SS-00786,5688,27,0,5,1,0
SS-00787,88815,33,1,1,1,0
SS-00788,5714,60,1,18,1,0
SS-00789,18669,56,0,13,0,0
SS-00790,3540,93,1,16,1,0
SS-00791,8186,54,0,2,1,0
SS-00792,12549,46,1,22,1,0
SS-00793,11517,75,1,10,1,0
SS-00794,7977,51,0,3,1,0
SS-00795,17390,6,0,20,1,0
SS-00796,10387,61,0,3,1,0
SS-00797,27793,4,0,7,1,0
SS-00798,11250,64,0,4,1,0
SS-00799,24718,46,0,13,1,0
SS-00800,8201,12,0,1,1,0
SS-00801,7796,138,0,10,1,0
SS-00802,16572,8,0,5,1,0
SS-00803,2776,135,1,6,1,0
SS-00804,8027,1,1,4,1,0
SS-00805,5692,80,0,11,1,0
SS-00806,5045,20,0,16,1,0
SS-00807,13048,42,0,5,1,0
SS-00808,23015,131,1,8,0,0
SS-00809,7707,36,1,7,0,0
SS-00810,8132,30,1,10,1,0
SS-00811,6626,61,0,0,1,0
SS-00812,9942,45,1,19,1,0
SS-00813,13436,1,0,2,1,0
SS-00814,4481,82,0,6,1,0
SS-00815,3303,12,0,2,0,0
SS-00816,2986,15,0,2,1,0
SS-00817,9542,5,0,5,1,0
SS-00818,10591,14,0,16,1,0
SS-00819,5185,30,0,6,1,0
SS-00820,1743,10,1,3,1,0
SS-00821,10983,59,2,1,1,0
SS-00822,8040,5,0,3,1,0
SS-00823,2813,97,0,7,1,0
SS-00824,11708,24,0,11,1,0
SS-00825,7952,29,0,11,1,0
SS-00826,10212,4,1,0,0,0
SS-00827,30666,20,0,10,1,0
SS-00828,19766,46,0,30,1,0
SS-00829,4688,21,0,12,1,0
SS-00830,9317,7,0,28,1,0
SS-00831,12361,68,1,1,0,0
SS-00832,8346,4,0,3,1,0
SS-00833,10380,7,0,4,0,0
SS-00834,2130,30,1,2,1,0
SS-00835,34802,12,0,1,0,0
SS-00836,3456,112,0,4,1,0
SS-00837,31511,14,1,1,1,0
SS-00838,3909,16,0,2,0,0
SS-00839,6708,51,0,1,1,0
SS-00840,36735,54,0,4,0,0
SS-00841,9911,85,0,7,1,0
SS-00842,22243,1,0,1,1,0
SS-00843,4998,57,0,6,0,0
SS-00844,9546,61,0,3,0,0
SS-00845,18082,33,1,4,0,0
SS-00846,5495,56,0,21,1,0
SS-00847,7366,186,0,7,1,0
SS-00848,2429,8,0,3,1,0
SS-00849,12079,1,0,4,0,0
SS-00850,6042,62,1,0,0,0
SS-00851,37672,54,1,6,1,0
SS-00852,20242,10,0,22,0,0
SS-00853,7883,10,0,3,1,0
SS-00854,12033,12,0,30,1,0
SS-00855,6710,46,0,5,1,0
SS-00856,9694,121,0,4,1,0
SS-00857,5729,35,0,27,1,0
SS-00858,6067,27,0,1,1,0
SS-00859,31758,21,0,18,1,0
SS-00860,11283,62,0,2,1,0
SS-00861,5964,28,2,12,1,0
SS-00862,9866,1,0,14,1,0
SS-00863,4968,45,0,13,1,0
SS-00864,19493,13,0,4,1,0
SS-00865,12823,115,0,1,1,0
SS-00866,3927,1,0,4,1,0
SS-00867,4173,13,0,2,1,0
SS-00868,20039,63,1,4,0,0
SS-00869,11707,1,0,5,0,0
SS-00870,5336,4,1,3,1,0
SS-00871,8317,55,0,17,1,0
SS-00872,11628,57,1,2,0,0
SS-00873,6282,5,0,2,0,0
SS-00874,11960,90,1,3,1,0
SS-00875,13168,23,0,22,0,0
SS-00876,13702,75,0,0,1,0
SS-00877,7364,72,0,12,1,0
SS-00878,50548,30,1,14,0,1
SS-00879,28682,16,0,14,1,0
SS-00880,10572,16,0,4,1,0
SS-00881,5035,81,0,3,1,0
SS-00882,7831,1,0,3,1,0
SS-00883,2211,17,0,8,0,0
SS-00884,9651,87,1,9,1,0
SS-00885,7102,101,2,12,1,0
SS-00886,13134,8,0,9,1,0
SS-00887,7121,52,1,1,0,1
SS-00888,15126,70,2,11,1,1
SS-00889,27764,6,2,19,1,0
SS-00890,5554,49,0,28,0,0
SS-00891,16755,27,0,7,1,0
SS-00892,19187,116,0,13,1,0
SS-00893,5412,32,0,10,1,0
SS-00894,4293,41,1,0,0,0
SS-00895,5982,17,1,4,1,0
SS-00896,2107,69,1,17,1,0
SS-00897,1934,31,1,15,1,0
SS-00898,11284,16,0,5,1,0
SS-00899,3616,12,0,4,1,0
SS-00900,2831,15,0,1,0,0
SS-00901,8597,8,0,4,1,0
SS-00902,3875,47,0,3,0,0
SS-00903,22649,34,3,36,1,1
SS-00904,3247,19,0,3,1,0
SS-00905,16721,13,0,9,1,0
SS-00906,13176,100,1,11,0,0
SS-00907,14266,52,0,7,1,0
SS-00908,2307,28,2,1,1,0
SS-00909,4887,72,0,3,0,0
SS-00910,12136,7,1,5,0,0
SS-00911,6550,33,0,21,0,0
SS-00912,4468,25,0,14,1,0
SS-00913,23941,34,1,7,1,0
SS-00914,18520,13,0,6,1,0
SS-00915,6010,2,0,3,1,0
SS-00916,4904,72,0,0,1,0
SS-00917,12441,61,1,0,1,1
SS-00918,16532,37,0,4,1,0
SS-00919,17456,139,0,9,1,0
SS-00920,1664,8,0,1,0,0
SS-00921,4778,2,2,7,1,0
SS-00922,7451,23,0,1,1,0
SS-00923,21981,39,0,3,0,0
SS-00924,4940,35,0,8,1,0
SS-00925,3213,85,1,23,1,0
SS-00926,4942,47,0,2,1,0
SS-00927,5074,20,0,17,1,0
SS-00928,5299,52,0,8,0,0
SS-00929,5287,72,0,3,0,0
SS-00930,37056,108,0,7,0,0
SS-00931,9224,189,1,8,1,0
SS-00932,22535,9,0,13,0,0
SS-00933,9832,22,0,7,1,0
SS-00934,36859,9,0,0,1,0
SS-00935,11183,6,1,2,0,1
SS-00936,5416,73,1,2,0,0
SS-00937,9299,87,0,9,1,0
SS-00938,2860,140,0,2,1,0
SS-00939,2963,81,0,27,1,0
SS-00940,3671,91,0,2,1,0
SS-00941,1897,73,0,4,1,0
SS-00942,2639,199,0,3,1,0
SS-00943,4376,37,0,2,1,0
SS-00944,11250,83,1,18,1,0
SS-00945,4851,83,0,0,1,0
SS-00946,14275,144,0,6,1,0
SS-00947,56474,37,0,2,1,0
SS-00948,8601,1,0,18,1,0
SS-00949,18047,8,0,2,0,0
SS-00950,6378,86,0,8,0,0
SS-00951,13983,7,0,12,1,0
SS-00952,9762,22,0,1,1,0
SS-00953,4342,11,1,27,0,0
SS-00954,24136,9,0,5,1,0
SS-00955,7485,189,0,7,1,0
SS-00956,3315,85,0,3,1,0
SS-00957,10197,24,0,3,0,0
SS-00958,6370,50,1,11,1,0
SS-00959,14767,198,0,11,1,0
SS-00960,5998,29,1,11,1,0
SS-00961,3780,71,0,8,0,0
SS-00962,6575,10,0,6,1,0
SS-00963,4745,4,0,1,1,0
SS-00964,52209,12,0,3,1,0
SS-00965,84333,117,0,16,1,0
SS-00966,8996,67,2,5,1,0
SS-00967,7118,7,0,11,1,0
SS-00968,3971,121,0,8,1,0
SS-00969,21471,36,0,2,1,0
SS-00970,11732,9,1,1,1,0
SS-00971,9447,62,0,7,1,0
SS-00972,4571,235,0,7,1,0
SS-00973,18849,49,0,26,1,0
SS-00974,5667,32,0,7,1,0
SS-00975,10488,112,0,4,1,0
SS-00976,15055,8,1,1,1,0
SS-00977,13796,8,0,4,0,0
SS-00978,10166,6,1,1,1,0
SS-00979,30176,87,0,0,1,0
SS-00980,4535,51,0,0,1,0
SS-00981,3351,4,0,4,1,0
SS-00982,14129,16,1,4,0,0
SS-00983,10947,19,0,8,1,0
SS-00984,8753,9,0,15,1,0
SS-00985,6998,10,0,19,1,0
SS-00986,8620,29,1,13,1,0
SS-00987,7929,1,0,5,0,0
SS-00988,19928,72,0,0,0,0
SS-00989,24056,1,0,1,0,0
SS-00990,8541,53,1,12,1,0
SS-00991,16360,19,1,4,1,0
SS-00992,4001,43,0,9,0,0
SS-00993,5232,10,1,9,0,0
SS-00994,13207,47,0,1,1,0
SS-00995,17139,7,0,1,1,0
SS-00996,37857,3,1,2,1,1
SS-00997,2794,14,0,3,1,0
SS-00998,15703,11,0,21,1,1
SS-00999,7660,12,0,15,1,0
SS-01000,10671,1,0,6,1,0
SS-01001,2122,24,0,19,1,0
SS-01002,8642,121,0,8,0,0
SS-01003,3826,71,0,3,1,0
SS-01004,3247,33,0,10,0,0
SS-01005,3951,174,0,13,1,0
SS-01006,6086,39,0,8,1,0
SS-01007,9219,27,0,6,1,0
SS-01008,14527,29,0,5,0,0
SS-01009,7865,63,0,1,1,0
SS-01010,14308,5,0,8,0,0
SS-01011,13671,5,0,5,0,0
SS-01012,10502,65,0,10,1,0
SS-01013,4901,152,0,26,0,0
SS-01014,4094,6,2,4,1,0
SS-01015,8902,133,0,3,1,0
SS-01016,13511,17,0,8,1,0
SS-01017,2674,7,0,10,1,0
SS-01018,4258,29,1,12,1,0
SS-01019,8676,4,0,3,1,0
SS-01020,9033,52,1,3,0,0
SS-01021,5733,15,1,12,1,0
SS-01022,12784,9,1,16,1,1
SS-01023,14110,25,0,6,1,0
SS-01024,8733,92,1,1,0,0
SS-01025,5599,4,0,2,1,0
SS-01026,5618,85,0,3,1,0
SS-01027,4882,29,0,13,1,0
SS-01028,4163,11,0,3,0,0
SS-01029,8082,22,0,1,1,0
SS-01030,7264,20,1,8,0,0
SS-01031,9700,64,0,6,1,0
SS-01032,2086,11,1,7,0,0
SS-01033,20419,17,1,4,1,0
SS-01034,19050,1,0,7,1,0
SS-01035,3587,1,0,8,1,0
SS-01036,10829,96,0,17,1,0
SS-01037,5396,57,0,6,1,0
SS-01038,44609,60,1,14,1,0
SS-01039,14135,3,0,4,1,0
SS-01040,4027,24,0,1,0,0
SS-01041,20050,2,0,1,1,0
SS-01042,6073,63,1,5,0,0
SS-01043,4579,29,0,5,1,0
SS-01044,1469,1,2,5,0,1
SS-01045,4004,24,0,5,1,0
SS-01046,8371,9,0,14,1,0
SS-01047,11160,61,0,3,1,0
SS-01048,4180,44,0,0,1,0
SS-01049,4009,16,1,3,0,0
SS-01050,6905,48,0,19,1,0
SS-01051,15874,80,0,2,1,0
SS-01052,13814,15,0,0,1,0
SS-01053,12827,29,0,7,1,0
SS-01054,7008,77,0,5,1,0
SS-01055,8363,178,1,3,1,0
SS-01056,40957,1,0,27,1,0
SS-01057,2896,7,0,12,0,0
SS-01058,12681,7,0,1,1,0
SS-01059,8206,34,1,28,1,1
SS-01060,16955,43,2,25,0,1
SS-01061,2787,19,0,3,1,0
SS-01062,5185,22,1,1,1,0
SS-01063,45569,82,1,6,1,0
SS-01064,3196,15,0,2,0,0
SS-01065,9177,132,1,28,1,0
SS-01066,8788,21,0,21,1,0
SS-01067,11998,144,0,2,1,0
SS-01068,9655,67,0,9,0,0
SS-01069,5451,63,1,18,1,0
SS-01070,2998,61,0,34,1,0
SS-01071,11376,34,1,25,1,0
SS-01072,2240,7,0,1,1,0
SS-01073,3072,36,0,43,1,0
SS-01074,7817,2,0,13,1,0
SS-01075,10694,65,0,2,1,0
SS-01076,6978,17,0,11,1,0
SS-01077,12504,11,1,30,1,1
SS-01078,35640,53,0,0,1,0
SS-01079,4311,32,0,3,1,0
SS-01080,33480,13,0,25,1,0
SS-01081,3274,68,0,1,1,0
SS-01082,3555,109,0,0,1,0
SS-01083,2116,32,1,6,0,0
SS-01084,2526,19,0,20,1,0
SS-01085,17308,88,0,0,1,0
SS-01086,4047,20,0,2,1,0
SS-01087,2814,88,0,24,1,0
SS-01088,21702,10,1,17,0,1
SS-01089,31824,38,0,4,1,0
SS-01090,3454,158,0,4,1,0
SS-01091,3428,6,0,1,1,0
SS-01092,9999,29,0,3,1,0
SS-01093,9741,18,2,0,1,0
SS-01094,2543,69,0,0,1,0
SS-01095,12598,59,0,10,1,0
SS-01096,17689,31,0,14,1,0
SS-01097,4799,23,1,15,1,0
SS-01098,3809,38,0,8,1,0
SS-01099,15847,7,0,5,1,0
SS-01100,2845,62,1,5,1,0
SS-01101,17543,35,0,1,1,0
SS-01102,10100,4,1,9,0,0
SS-01103,7247,12,0,2,0,0
SS-01104,12270,83,1,4,1,0
SS-01105,5806,26,0,13,0,0
SS-01106,8096,3,0,1,1,0
SS-01107,4122,33,0,11,0,0
SS-01108,17730,56,0,13,1,0
SS-01109,5479,22,1,7,1,0
SS-01110,2571,35,0,4,1,0
SS-01111,7185,138,0,7,0,0
SS-01112,13442,76,1,4,1,0
SS-01113,12910,72,1,1,1,0
SS-01114,8721,59,0,7,1,0
SS-01115,13705,98,1,21,0,1
SS-01116,43883,108,0,1,1,0
SS-01117,7050,16,0,6,1,0
SS-01118,2485,36,0,1,1,0
SS-01119,26424,51,0,21,1,0
SS-01120,11713,26,0,5,0,0
SS-01121,14212,25,1,2,1,0
SS-01122,6683,1,0,7,0,0
SS-01123,16462,32,0,1,1,0
SS-01124,7670,14,0,2,1,0
SS-01125,6238,17,1,7,1,0
SS-01126,11509,9,0,7,1,1
SS-01127,8904,46,0,29,0,0
SS-01128,2841,59,0,1,1,0
SS-01129,3243,15,1,7,0,0
SS-01130,5911,9,1,5,1,0
SS-01131,19067,105,1,3,1,0
SS-01132,8834,99,2,13,0,0
SS-01133,13709,5,0,4,0,0
SS-01134,30098,42,0,7,1,0
SS-01135,4710,20,1,9,1,0
SS-01136,20975,10,0,53,0,1
SS-01137,5736,100,0,1,0,0
SS-01138,7064,53,0,15,1,0
SS-01139,7135,5,0,10,1,0
SS-01140,27403,64,0,3,1,0
SS-01141,4335,19,0,5,0,0
SS-01142,8357,1,0,18,0,1
SS-01143,12548,10,3,1,0,1
SS-01144,6120,6,1,3,1,0
SS-01145,6365,40,1,15,0,0
SS-01146,7471,3,0,2,1,0
SS-01147,3570,37,0,3,1,0
SS-01148,9032,22,0,4,0,0
SS-01149,14777,69,1,3,1,0
SS-01150,5173,123,0,3,1,0
SS-01151,4344,87,1,11,1,0
SS-01152,1577,39,0,10,1,0
SS-01153,15900,29,0,10,0,0
SS-01154,17852,194,0,2,0,0
SS-01155,11148,4,0,1,0,0
SS-01156,11890,10,0,1,1,0
SS-01157,4971,14,0,8,1,0
SS-01158,5552,125,0,2,1,0
SS-01159,6918,37,0,20,0,0
SS-01160,14855,36,0,4,0,0
SS-01161,6269,11,0,15,1,0
SS-01162,21790,14,1,2,1,0
SS-01163,17704,16,0,5,1,0
SS-01164,2439,64,0,4,1,0
SS-01165,16050,52,0,3,1,0
SS-01166,6433,79,0,3,1,0
SS-01167,19819,6,0,4,1,0
SS-01168,12691,2,0,12,1,0
SS-01169,6735,32,0,4,0,0
SS-01170,733,76,0,7,0,0
SS-01171,14206,9,0,42,1,0
SS-01172,5702,4,0,7,1,0
SS-01173,10244,30,1,3,0,0
SS-01174,4363,16,0,13,0,0
SS-01175,14263,19,0,7,0,0
SS-01176,3809,33,0,4,0,0
SS-01177,1355,33,0,8,0,0
SS-01178,6489,42,0,7,1,0
SS-01179,5123,9,0,16,1,0
SS-01180,8002,3,0,19,0,0
SS-01181,5030,178,0,0,1,0
SS-01182,2809,144,0,5,1,0
SS-01183,3501,27,1,7,1,0
SS-01184,11059,42,0,1,1,0
SS-01185,22761,14,0,1,0,0
SS-01186,11955,220,0,16,1,0
SS-01187,27934,39,2,5,1,0
SS-01188,8164,7,0,5,0,0
SS-01189,11827,1,0,15,1,0
SS-01190,19449,13,1,11,0,0
SS-01191,10167,17,1,9,1,0
SS-01192,1323,127,0,8,0,0
SS-01193,5543,12,0,1,1,0
SS-01194,13771,11,0,18,1,0
SS-01195,7368,73,0,4,0,0
SS-01196,11108,54,0,1,1,0
SS-01197,9378,240,1,7,0,0
SS-01198,10114,45,0,3,0,0
SS-01199,3360,18,0,3,1,0
SS-01200,9544,8,0,10,0,0
SS-01201,6258,9,1,4,1,0
SS-01202,9763,4,2,13,1,0
SS-01203,6213,141,1,3,0,0
SS-01204,20147,80,2,9,0,0
SS-01205,84129,35,0,2,1,0
SS-01206,4344,56,0,1,0,0
SS-01207,16211,45,0,1,1,0
SS-01208,11867,15,0,5,1,0
SS-01209,22712,36,0,4,1,0
SS-01210,2326,177,1,13,1,0
SS-01211,2892,63,1,8,0,0
SS-01212,5726,9,0,1,1,0
SS-01213,11274,118,0,1,1,0
SS-01214,5376,24,0,3,0,0
SS-01215,4987,99,0,6,0,0
SS-01216,11161,74,0,24,1,0
SS-01217,3798,41,0,3,1,0
SS-01218,18102,82,0,5,1,0
SS-01219,17372,9,1,1,1,0
SS-01220,6370,171,0,3,1,0
SS-01221,5531,75,0,4,1,0
SS-01222,41800,20,0,3,1,0
SS-01223,5229,73,0,1,0,0
SS-01224,6376,26,0,10,0,0
SS-01225,13602,77,0,9,1,0
SS-01226,12487,96,0,14,1,0
SS-01227,23425,47,0,1,1,0
SS-01228,3719,17,1,6,1,0
SS-01229,7635,34,0,5,1,0
SS-01230,13424,5,0,26,0,0
SS-01231,6832,1,0,2,1,0
SS-01232,20657,12,1,15,1,0
SS-01233,12398,33,0,3,0,0
SS-01234,6046,33,0,5,1,0
SS-01235,2941,126,0,9,1,0
SS-01236,5457,36,0,7,1,0
SS-01237,13843,149,0,1,1,0
SS-01238,4152,46,0,3,1,0
SS-01239,8438,22,0,13,1,0
SS-01240,3726,55,0,2,1,0
SS-01241,10978,46,0,10,1,0
SS-01242,7712,9,0,7,1,0
SS-01243,28532,17,1,7,1,1
SS-01244,6097,84,0,1,0,0
SS-01245,11844,95,0,18,1,0
SS-01246,11720,46,0,9,1,0
SS-01247,11576,24,0,5,1,0
SS-01248,3220,117,1,9,0,0
SS-01249,6518,97,1,1,1,0
SS-01250,11552,41,0,0,0,0
SS-01251,3918,19,0,2,0,0
SS-01252,1845,134,0,11,0,0
SS-01253,4353,1,0,1,1,0
SS-01254,7155,14,0,1,1,0
SS-01255,7129,202,0,1,0,0
SS-01256,10321,60,0,4,1,0
SS-01257,7219,86,0,6,0,0
SS-01258,8751,24,0,4,0,0
SS-01259,5735,8,0,5,0,0
SS-01260,8866,43,1,1,1,0
SS-01261,8719,29,1,5,1,0
SS-01262,6864,5,1,10,1,0
SS-01263,17809,7,3,4,0,1
SS-01264,2495,1,0,5,1,0
SS-01265,8023,38,0,1,1,0
SS-01266,3832,106,0,1,1,0
SS-01267,8733,81,0,10,1,0
SS-01268,10639,54,0,3,1,0
SS-01269,16719,91,1,6,0,0
SS-01270,8448,39,0,6,0,0
SS-01271,3399,179,1,3,1,0
SS-01272,4313,86,0,1,1,0
SS-01273,3280,38,0,2,1,0
SS-01274,6180,5,0,0,1,0
SS-01275,14710,1,1,4,1,0
SS-01276,5908,28,0,9,1,0
SS-01277,13976,13,1,3,0,1
SS-01278,5381,7,1,11,0,0
SS-01279,8045,55,0,3,1,0
SS-01280,5706,6,1,4,1,0
SS-01281,18709,195,0,7,0,0
SS-01282,36501,2,0,33,1,0
SS-01283,5684,40,0,1,1,0
SS-01284,36363,13,1,34,0,1
SS-01285,19264,125,0,2,0,0
SS-01286,25109,47,1,3,1,1
SS-01287,26826,16,1,14,0,1
SS-01288,14636,6,1,13,1,0
SS-01289,6968,17,0,3,0,0
SS-01290,9915,57,0,3,1,0
SS-01291,11437,21,0,16,0,0
SS-01292,2911,54,1,2,0,0
SS-01293,9471,80,2,1,0,0
SS-01294,3469,117,0,1,1,0
SS-01295,14749,41,0,1,1,0
SS-01296,20002,5,0,0,1,0
SS-01297,23900,74,0,1,1,0
SS-01298,3410,69,1,2,1,0
SS-01299,11063,36,0,27,1,0
SS-01300,17842,58,2,7,0,0
SS-01301,9387,48,0,33,1,0
SS-01302,3057,102,0,10,1,0
SS-01303,23030,10,1,1,1,0
SS-01304,10362,184,0,2,1,0
SS-01305,14019,59,0,6,1,0
SS-01306,14287,202,1,0,1,0
SS-01307,3462,10,0,1,0,0
SS-01308,19732,6,0,13,1,0
SS-01309,8380,17,0,0,1,0
SS-01310,5761,27,2,2,0,0
SS-01311,20654,148,1,0,1,0
SS-01312,6733,1,2,24,0,0
SS-01313,10187,5,0,1,1,0
SS-01314,2284,45,0,23,1,0
SS-01315,8312,26,0,1,1,0
SS-01316,11311,32,0,1,1,0
SS-01317,15916,27,0,30,1,0
SS-01318,32166,37,0,2,1,0
SS-01319,6181,53,0,1,1,0
SS-01320,5478,13,0,3,0,0
SS-01321,3960,40,0,2,1,0
SS-01322,5544,16,0,2,1,0
SS-01323,8368,7,0,6,1,0
SS-01324,21176,187,0,1,0,0
SS-01325,21613,28,1,4,1,0
SS-01326,35642,30,0,13,1,0
SS-01327,4057,53,1,9,0,0
SS-01328,10873,1,0,5,0,0
SS-01329,4978,5,1,13,1,0
SS-01330,4172,57,0,7,1,0
SS-01331,12923,36,0,8,1,0
SS-01332,5325,72,0,5,1,0
SS-01333,13196,65,0,7,1,0
SS-01334,15368,32,0,50,1,1
SS-01335,7513,59,0,20,0,0
SS-01336,3212,54,0,7,1,0
SS-01337,12304,10,1,4,1,0
SS-01338,3004,99,1,3,1,0
SS-01339,28647,14,1,9,1,0
SS-01340,14625,85,0,2,1,0
SS-01341,3002,33,0,2,1,0
SS-01342,5250,79,0,3,1,0
SS-01343,8216,106,0,3,1,0
SS-01344,5872,61,0,16,1,0
SS-01345,13112,11,1,4,1,0
SS-01346,13917,143,0,3,1,0
SS-01347,20131,50,2,0,1,0
SS-01348,2801,12,0,3,0,0
SS-01349,8650,119,0,1,1,0
SS-01350,14448,16,2,33,0,1
SS-01351,16157,11,0,0,0,1
SS-01352,11170,99,0,8,1,0
SS-01353,4907,22,1,6,1,0
SS-01354,12715,48,1,5,1,0
SS-01355,8700,27,0,9,1,0
SS-01356,3109,38,1,5,1,0
SS-01357,14764,105,1,4,1,0
SS-01358,4092,7,1,4,1,0
SS-01359,11399,36,0,8,1,0
SS-01360,9265,31,0,2,1,0
SS-01361,24517,62,0,7,1,0
SS-01362,10022,8,0,2,1,0
SS-01363,2773,72,2,2,1,0
SS-01364,4788,36,0,4,1,0
SS-01365,15700,144,1,2,1,0
SS-01366,15891,214,0,13,1,0
SS-01367,4078,8,0,4,1,0
SS-01368,4138,19,0,1,1,0
SS-01369,4642,59,0,2,1,0
SS-01370,6114,109,1,7,0,0
SS-01371,4903,40,0,1,1,0
SS-01372,12636,4,0,5,0,0
SS-01373,9569,16,0,12,1,0
SS-01374,5436,8,0,7,0,0
SS-01375,4850,19,0,9,0,0
SS-01376,8212,150,0,6,1,0
SS-01377,7585,14,0,3,1,0
SS-01378,3305,3,1,6,0,0
SS-01379,8771,95,1,3,1,0
SS-01380,11173,50,1,2,1,0
SS-01381,8570,20,0,13,1,0
SS-01382,4050,52,0,25,1,0
SS-01383,6835,1,0,29,0,0
SS-01384,11441,30,0,12,1,0
SS-01385,6767,15,1,9,0,0
SS-01386,3980,155,1,5,1,0
SS-01387,10153,50,1,12,0,0
SS-01388,16190,5,0,22,1,0
SS-01389,28176,1,1,9,1,0
SS-01390,24182,23,0,21,0,0
SS-01391,3832,98,0,4,1,0
SS-01392,21280,47,0,16,0,1
SS-01393,7242,23,1,10,1,0
SS-01394,3827,20,0,0,0,0
SS-01395,1576,112,1,4,1,0
SS-01396,4149,145,0,0,1,0
SS-01397,3627,84,0,32,1,0
SS-01398,13527,13,0,8,1,0
SS-01399,17937,62,0,1,1,0
SS-01400,4506,3,0,7,0,0
SS-01401,6605,7,0,1,1,0
SS-01402,10852,78,0,5,1,0
SS-01403,30049,11,0,18,1,1
SS-01404,9477,22,1,0,1,0
SS-01405,6245,70,1,0,1,0
SS-01406,3327,170,0,17,1,0
SS-01407,7991,29,0,7,0,0
SS-01408,3304,104,0,7,1,0
SS-01409,20999,45,0,12,1,0
SS-01410,11054,3,0,34,1,0
SS-01411,23177,5,0,9,1,0
SS-01412,12913,55,0,1,1,0
SS-01413,6304,17,0,17,1,0
SS-01414,11569,24,0,3,1,0
SS-01415,14466,203,0,8,0,0
SS-01416,6909,5,0,7,1,0
SS-01417,2191,45,0,1,0,0
SS-01418,14053,2,0,3,0,0
SS-01419,2428,57,1,26,1,0
SS-01420,17281,26,0,18,1,0
SS-01421,2005,19,0,0,1,0
SS-01422,9923,137,0,8,1,0
SS-01423,29090,102,0,12,1,0
SS-01424,4968,122,0,14,1,0
SS-01425,12429,63,0,5,0,0
SS-01426,8179,37,3,1,1,0
SS-01427,17899,21,1,12,1,0
SS-01428,17066,34,1,1,1,0
SS-01429,20161,18,0,4,0,0
SS-01430,17784,86,0,12,1,0
SS-01431,27711,2,1,26,1,1
SS-01432,7579,7,0,5,0,1
SS-01433,5179,193,0,0,1,0
SS-01434,3403,136,0,6,0,0
SS-01435,4187,50,0,11,0,0
SS-01436,19546,38,1,3,1,0
SS-01437,21035,24,1,7,0,0
SS-01438,7745,9,0,1,1,0
SS-01439,4970,72,0,7,0,0
SS-01440,6111,15,0,5,1,0
SS-01441,3672,7,1,1,1,0
SS-01442,10737,32,0,1,1,0
SS-01443,6113,151,0,9,1,0
SS-01444,6242,11,1,13,0,0
SS-01445,13784,180,1,2,1,0
SS-01446,5914,10,0,7,1,0
SS-01447,6614,30,0,8,0,0
SS-01448,3326,79,0,13,1,0
SS-01449,12038,74,0,7,1,0
SS-01450,6055,18,0,9,1,0
SS-01451,23432,33,0,2,1,0
SS-01452,4807,181,0,3,1,0
SS-01453,8013,21,1,13,1,0
SS-01454,44821,22,0,1,0,0
SS-01455,5481,32,0,1,1,0
SS-01456,3313,31,0,1,1,0
SS-01457,14948,240,0,17,0,0
SS-01458,15304,22,0,8,1,0
SS-01459,7421,16,0,16,1,0
SS-01460,12920,37,2,0,0,0
SS-01461,15449,55,1,2,0,0
SS-01462,3705,77,1,7,1,0
SS-01463,17965,53,0,7,1,0
SS-01464,4556,14,0,6,0,0
SS-01465,13765,45,0,1,1,0
SS-01466,1637,8,0,0,1,0
SS-01467,48791,40,1,43,1,1
SS-01468,5006,2,0,5,0,0
SS-01469,13050,68,0,2,0,0
SS-01470,6754,82,0,6,1,0
SS-01471,20993,15,1,3,1,0
SS-01472,20253,35,1,45,1,0
SS-01473,13706,21,1,6,1,0
SS-01474,11104,13,0,7,1,0
SS-01475,6777,14,0,2,1,0
SS-01476,46095,66,0,14,0,0
SS-01477,12656,147,2,3,0,0
SS-01478,8231,86,1,2,0,0
SS-01479,19891,14,2,20,0,1
SS-01480,3408,14,1,2,0,0
SS-01481,11647,9,0,14,1,0
SS-01482,23669,26,0,9,1,0
SS-01483,13600,150,0,6,1,0
SS-01484,8003,58,2,5,0,0
SS-01485,10887,3,2,2,1,0
SS-01486,17133,46,2,7,1,0
SS-01487,21347,21,1,14,1,0
SS-01488,2101,19,1,0,1,0
SS-01489,5138,4,0,6,0,0
SS-01490,7062,23,0,6,1,0
SS-01491,2316,9,0,2,1,0
SS-01492,12823,19,0,1,1,0
SS-01493,6795,55,0,10,1,0
SS-01494,4127,48,1,11,1,0
SS-01495,20783,126,0,7,1,0
SS-01496,6975,37,0,16,0,0
SS-01497,24445,34,0,7,1,0
SS-01498,2944,106,0,1,0,0
SS-01499,10021,11,0,5,1,0
SS-01500,8311,43,0,0,0,0
SS-01501,15262,125,0,6,1,0
SS-01502,9671,85,0,6,0,0
SS-01503,12650,8,0,1,1,0
SS-01504,5905,52,0,2,0,0
SS-01505,4778,13,0,25,0,0
SS-01506,10835,14,0,9,0,0
SS-01507,5287,6,2,3,0,0
SS-01508,25743,19,0,1,1,0
SS-01509,12499,18,0,10,1,0
SS-01510,16250,24,0,8,1,0
SS-01511,5164,31,0,8,1,0
SS-01512,16254,57,0,26,1,0
SS-01513,4548,64,0,2,0,0
SS-01514,4007,186,0,4,1,0
SS-01515,5120,80,0,7,1,0
SS-01516,11376,92,0,3,1,0
SS-01517,14699,31,0,7,1,0
SS-01518,8010,46,0,5,0,0
SS-01519,15798,13,1,8,0,0
SS-01520,4282,86,1,3,1,0
SS-01521,7450,65,0,11,0,0
SS-01522,12572,66,0,2,1,0
SS-01523,6218,13,3,2,1,0
SS-01524,9297,102,0,3,1,0
SS-01525,2105,22,0,1,1,0
SS-01526,7467,115,0,6,0,0
SS-01527,21723,1,0,2,0,1
SS-01528,7620,11,0,4,1,0
SS-01529,3786,4,1,15,1,0
SS-01530,12425,21,0,3,1,0
SS-01531,8064,12,0,5,1,0
SS-01532,6398,93,0,0,1,0
SS-01533,9482,5,1,4,1,0
SS-01534,1139,4,1,5,1,0
SS-01535,28965,63,0,25,1,0
SS-01536,4466,57,1,1,0,0
SS-01537,7825,24,0,8,0,0
SS-01538,19604,46,0,2,0,0
SS-01539,7011,41,0,13,1,0
SS-01540,7043,51,0,1,0,0
SS-01541,6277,67,0,8,1,0
SS-01542,2186,68,1,4,1,0
SS-01543,3244,60,1,15,1,0
SS-01544,34753,6,0,4,0,0
SS-01545,11344,19,0,1,1,0
SS-01546,7587,52,2,3,1,0
SS-01547,7239,38,0,3,1,0
SS-01548,27529,46,0,0,1,0
SS-01549,3206,6,0,1,0,0
SS-01550,7480,61,0,11,1,0
SS-01551,45108,4,0,2,0,0
SS-01552,10798,34,0,10,1,0
SS-01553,12279,109,0,2,1,0
SS-01554,2142,56,0,1,1,0
SS-01555,3976,122,0,3,1,0
SS-01556,7247,9,1,1,1,0
SS-01557,4993,13,1,1,0,0
SS-01558,4848,19,0,38,1,0
SS-01559,1458,16,0,2,1,0
SS-01560,27025,12,0,0,0,0
SS-01561,5227,31,0,4,1,0
SS-01562,5715,23,0,14,0,0
SS-01563,2268,21,1,4,0,0
SS-01564,1764,65,1,1,1,0
SS-01565,2309,43,0,1,1,0
SS-01566,7540,82,0,14,1,0
SS-01567,21083,38,0,0,1,0
SS-01568,22662,105,0,5,1,0
SS-01569,14413,111,1,12,1,0
SS-01570,9862,71,0,1,1,0
SS-01571,22108,24,0,5,1,0
SS-01572,16451,12,0,6,1,0
SS-01573,17696,84,1,24,0,0
SS-01574,8911,11,0,15,1,0
SS-01575,2893,3,0,4,1,0
SS-01576,4246,62,4,9,0,0
SS-01577,9242,240,0,8,1,0
SS-01578,19300,20,0,2,0,0
SS-01579,5266,105,0,10,1,0
SS-01580,6532,9,2,3,1,0
SS-01581,13217,9,0,4,1,0
SS-01582,4195,33,0,1,0,0
SS-01583,9464,68,0,3,1,0
SS-01584,8030,53,0,3,1,0
SS-01585,7592,124,0,8,0,0
SS-01586,5684,28,3,14,0,0
SS-01587,7035,4,0,7,1,0
SS-01588,10743,82,1,7,1,0
SS-01589,8483,44,0,7,1,0
SS-01590,21222,11,0,1,1,0
SS-01591,14236,53,0,8,1,0
SS-01592,5814,60,0,4,1,0
SS-01593,12344,41,0,7,0,0
SS-01594,57448,15,1,13,1,0
SS-01595,12460,38,0,1,1,0
SS-01596,3002,140,0,1,1,0
SS-01597,8127,101,0,9,1,0
SS-01598,4827,106,1,5,1,0
SS-01599,6878,24,0,8,1,0
SS-01600,5415,2,0,5,1,0
SS-01601,12893,10,0,5,0,0
SS-01602,4083,32,1,8,1,0
SS-01603,2381,12,0,3,1,0
SS-01604,4749,39,0,11,1,0
SS-01605,11298,23,0,0,1,0
SS-01606,4473,70,1,30,0,0
SS-01607,3747,38,0,2,1,0
SS-01608,2820,2,0,10,1,0
SS-01609,2136,7,0,11,1,1
SS-01610,9195,41,0,5,0,0
SS-01611,7847,16,2,19,0,0
SS-01612,9632,16,0,2,0,0
SS-01613,8636,14,0,31,0,0
SS-01614,12832,86,0,21,1,0
SS-01615,15993,6,0,0,1,0
SS-01616,2713,119,1,1,1,0
SS-01617,7286,46,1,5,1,0
SS-01618,1382,76,0,29,1,0
SS-01619,8139,55,1,24,0,1
SS-01620,8040,136,0,6,1,0
SS-01621,25770,17,1,0,0,0
SS-01622,45756,42,0,4,0,0
SS-01623,2499,27,1,4,1,0
SS-01624,13371,61,0,10,1,0
SS-01625,2457,15,1,26,1,0
SS-01626,3427,58,0,6,1,0
SS-01627,9884,35,0,2,1,0
SS-01628,13343,32,0,9,1,0
SS-01629,1292,74,0,7,1,0
SS-01630,7049,13,2,7,1,1
SS-01631,12423,100,0,16,1,0
SS-01632,7255,15,1,15,1,0
SS-01633,11189,12,1,17,0,0
SS-01634,4192,11,0,10,1,0
SS-01635,4067,96,0,29,1,0
SS-01636,20292,27,0,6,1,0
SS-01637,7297,54,0,1,1,0
SS-01638,18073,87,1,16,0,0
SS-01639,10912,26,0,18,1,0
SS-01640,8905,111,0,1,1,0
SS-01641,13966,43,1,1,1,0
SS-01642,12721,27,2,7,1,0
SS-01643,8980,6,1,6,1,0
SS-01644,4685,70,1,4,1,0
SS-01645,4845,1,0,7,1,0
SS-01646,13923,51,0,1,1,1
SS-01647,7588,84,0,8,1,0
SS-01648,4134,7,0,5,1,0
SS-01649,4494,59,0,1,0,0
SS-01650,3994,3,0,8,0,0
SS-01651,9839,1,0,7,0,0
SS-01652,2494,39,1,7,0,0
SS-01653,9358,37,0,6,1,0
SS-01654,2664,55,0,3,1,0
SS-01655,6529,3,2,10,0,1
SS-01656,5109,47,1,0,1,0
SS-01657,8267,118,0,2,1,0
SS-01658,4730,2,1,1,1,0
SS-01659,5265,23,0,5,1,0
SS-01660,5088,120,0,9,0,0
SS-01661,7556,87,0,8,1,0
SS-01662,4128,27,0,4,1,0
SS-01663,4400,33,0,3,0,0
SS-01664,5354,16,0,0,0,0
SS-01665,10519,230,0,4,1,0
SS-01666,4613,30,1,17,1,0
SS-01667,2157,12,0,7,1,0
SS-01668,5063,37,0,14,1,0
SS-01669,8894,3,0,60,0,1
SS-01670,10734,4,1,10,1,0
SS-01671,7358,24,0,6,1,0
SS-01672,9186,2,0,27,0,1
SS-01673,9540,73,0,1,1,0
SS-01674,4832,175,0,4,1,0
SS-01675,3457,60,0,0,1,0
SS-01676,7259,61,0,35,1,0
SS-01677,9013,17,0,24,1,0
SS-01678,12537,16,0,11,1,0
SS-01679,7602,60,0,14,1,0
SS-01680,6361,103,0,12,1,0
SS-01681,8129,48,0,3,0,0
SS-01682,16183,1,1,3,1,0
SS-01683,70080,147,1,2,0,0
SS-01684,8742,75,0,4,1,0
SS-01685,34601,13,2,12,1,0
SS-01686,4638,103,0,4,1,0
SS-01687,6737,7,1,5,1,0
SS-01688,3639,54,1,3,1,0
SS-01689,3227,37,2,2,1,0
SS-01690,11367,80,1,0,1,0
SS-01691,20533,52,0,7,1,0
SS-01692,6766,25,0,0,1,0
SS-01693,2640,12,0,5,1,0
SS-01694,4531,4,0,10,1,0
SS-01695,5771,27,2,2,1,0
SS-01696,27834,66,0,15,0,0
SS-01697,6521,1,0,3,0,0
SS-01698,8745,3,0,0,1,0
SS-01699,6769,5,1,2,1,0
SS-01700,22004,27,2,11,1,0
SS-01701,13997,15,1,11,1,0
SS-01702,9075,21,0,16,1,0
SS-01703,8640,25,0,1,0,0
SS-01704,5713,18,0,2,1,0
SS-01705,17509,144,0,15,1,0
SS-01706,11232,17,0,7,0,1
SS-01707,1870,46,0,12,1,0
SS-01708,5109,195,0,10,1,0
SS-01709,5510,6,0,1,1,0
SS-01710,7727,19,0,11,0,0
SS-01711,4061,36,0,11,1,0
SS-01712,12768,19,2,11,0,0
SS-01713,2448,71,0,8,1,0
SS-01714,9034,36,1,0,0,0
SS-01715,16044,13,0,14,0,0
SS-01716,95000,43,1,2,0,0
SS-01717,2563,172,0,19,0,0
SS-01718,3881,46,1,5,1,0
SS-01719,9656,69,0,2,0,0
SS-01720,5284,23,0,1,1,0
SS-01721,15917,43,0,3,0,0
SS-01722,12662,15,2,4,1,0
SS-01723,5160,208,0,5,1,0
SS-01724,3308,43,1,1,1,0
SS-01725,4218,137,1,2,1,0
SS-01726,4810,60,0,1,0,0
SS-01727,3473,84,0,8,1,0
SS-01728,15051,22,0,12,1,0
SS-01729,32074,46,0,5,0,0
SS-01730,8934,14,0,6,0,1
SS-01731,4134,36,0,7,1,0
SS-01732,3242,20,1,9,1,0
SS-01733,23414,98,0,28,1,0
SS-01734,12005,31,0,4,0,0
SS-01735,9069,27,0,2,1,0
SS-01736,4379,32,1,9,1,0
SS-01737,8994,52,0,2,0,0
SS-01738,9012,45,1,8,1,0
SS-01739,9207,2,0,9,1,0
SS-01740,7997,8,0,28,0,0
SS-01741,16937,131,1,11,1,0
SS-01742,4565,1,0,4,1,0
SS-01743,4257,10,0,12,1,0
SS-01744,9177,105,0,9,1,0
SS-01745,9014,9,0,10,1,0
SS-01746,26992,46,0,12,1,0
SS-01747,7066,6,0,1,1,0
SS-01748,4208,3,0,15,1,0
SS-01749,2434,45,0,2,1,0
SS-01750,22241,16,0,5,1,0
SS-01751,20824,19,0,2,1,0
SS-01752,3830,49,0,2,1,0
SS-01753,3323,20,0,1,0,0
SS-01754,44052,2,1,36,0,1
SS-01755,9041,51,0,13,1,0
SS-01756,5055,102,1,18,0,0
SS-01757,9449,25,0,3,0,0
SS-01758,2737,7,0,0,1,0
SS-01759,4178,5,0,0,1,0
SS-01760,19849,85,0,4,0,0
SS-01761,29560,39,2,4,1,0
SS-01762,17535,20,0,1,1,0
SS-01763,10382,28,0,5,1,0
SS-01764,20212,116,0,3,0,0
SS-01765,2966,61,0,0,0,0
SS-01766,15556,21,0,4,1,0
SS-01767,19141,49,0,2,1,0
SS-01768,22444,14,0,18,1,1
SS-01769,18102,68,0,7,0,0
SS-01770,1770,113,0,9,1,0
SS-01771,4608,4,0,5,0,0
SS-01772,12520,38,0,3,0,0
SS-01773,5900,1,0,2,1,0
SS-01774,2377,15,0,1,1,0
SS-01775,10094,27,0,0,1,0
SS-01776,8041,19,0,2,0,0
SS-01777,8126,33,0,0,1,0
SS-01778,15864,54,1,7,1,0
SS-01779,6383,5,0,1,1,0
SS-01780,13639,27,0,8,0,0
SS-01781,2160,124,0,4,1,0
SS-01782,14027,72,0,1,0,0
SS-01783,29644,40,1,11,1,0
SS-01784,19491,58,0,2,1,0
SS-01785,33992,32,0,13,0,0
SS-01786,1754,19,0,9,1,0
SS-01787,13162,50,0,9,1,0
SS-01788,11767,90,0,0,1,0
SS-01789,16633,27,0,2,1,0
SS-01790,15494,4,0,3,1,0
SS-01791,18179,71,0,0,1,0
SS-01792,18426,6,0,7,0,0
SS-01793,18359,22,0,5,1,1
SS-01794,5592,6,0,9,1,0
SS-01795,22060,63,1,17,0,0
SS-01796,14433,35,0,2,1,0
SS-01797,27090,21,0,3,1,0
SS-01798,1299,70,0,2,1,0
SS-01799,2434,53,0,4,1,0
SS-01800,5888,57,0,0,1,0
SS-01801,5437,23,0,9,1,0
SS-01802,7305,18,0,6,1,0
SS-01803,19268,14,0,2,0,0
SS-01804,15330,49,0,14,1,0
SS-01805,11223,29,1,12,1,0
SS-01806,8158,54,0,7,1,0
SS-01807,3987,11,0,6,0,0
SS-01808,3721,21,0,0,1,0
SS-01809,41180,132,0,13,1,0
SS-01810,4368,10,0,11,1,0
SS-01811,16739,36,0,4,0,0
SS-01812,23019,8,2,8,1,0
SS-01813,2891,78,0,8,1,0
SS-01814,45594,10,0,1,1,0
SS-01815,6802,77,0,1,1,0
SS-01816,8212,8,1,32,1,1
SS-01817,3385,10,0,9,0,0
SS-01818,7209,33,1,3,0,0
SS-01819,5208,66,0,5,0,0
SS-01820,19345,160,0,2,1,0
SS-01821,5194,15,0,1,0,0
SS-01822,47095,11,0,9,1,0
SS-01823,8999,38,0,5,1,0
SS-01824,14294,65,0,5,1,0
SS-01825,38185,5,0,8,1,0
SS-01826,6617,20,0,6,1,0
SS-01827,15388,30,0,24,1,0
SS-01828,7298,22,0,6,1,0
SS-01829,3848,20,0,22,1,0
SS-01830,5984,1,0,0,1,0
SS-01831,6666,10,0,4,1,0
SS-01832,20674,103,1,9,1,0
SS-01833,6257,2,0,17,0,0
SS-01834,13173,1,0,2,1,0
SS-01835,5719,9,1,11,1,0
SS-01836,2785,26,0,2,1,0
SS-01837,6938,136,1,6,1,0
SS-01838,5232,2,1,0,0,0
SS-01839,8018,10,0,11,1,0
SS-01840,28603,26,0,8,0,0
SS-01841,3924,2,0,3,1,0
SS-01842,11016,14,0,10,1,0
SS-01843,8899,16,0,2,0,0
SS-01844,8091,56,1,2,1,0
SS-01845,6376,32,2,16,0,0
SS-01846,7344,40,0,2,1,0
SS-01847,4431,34,0,14,1,0
SS-01848,18918,7,0,0,1,0
SS-01849,8230,34,1,5,1,0
SS-01850,7313,29,0,7,0,0
SS-01851,1795,16,0,7,0,0
SS-01852,27259,111,2,2,1,0
SS-01853,1674,12,1,10,1,0
SS-01854,3966,61,1,1,0,0
SS-01855,888,104,0,4,1,0
SS-01856,22335,30,1,3,1,0
SS-01857,21029,30,0,7,1,0
SS-01858,33914,5,0,24,1,0
SS-01859,9791,97,0,12,1,0
SS-01860,16395,92,0,3,0,0
SS-01861,11770,89,0,4,1,0
SS-01862,8703,126,0,1,1,0
SS-01863,11892,76,0,1,1,0
SS-01864,9435,192,0,11,0,0
SS-01865,12740,60,0,4,1,0
SS-01866,3966,92,0,16,1,0
SS-01867,12346,51,1,1,0,0
SS-01868,18913,26,1,33,0,1
SS-01869,2618,86,1,13,0,0
SS-01870,13439,8,0,10,1,1
SS-01871,16584,5,1,5,0,1
SS-01872,4379,209,0,29,1,0
SS-01873,3278,101,1,21,1,0
SS-01874,1856,121,0,10,0,0
SS-01875,12570,1,0,1,0,0
SS-01876,5993,38,0,7,0,0
SS-01877,8592,25,0,8,0,0
SS-01878,2555,39,2,1,0,0
SS-01879,2492,26,1,8,1,0
SS-01880,8733,75,0,7,1,0
SS-01881,6166,34,0,4,0,0
SS-01882,2573,73,1,40,1,0
SS-01883,3193,4,0,2,0,0
SS-01884,12210,27,0,23,0,1
SS-01885,10116,7,0,1,1,0
SS-01886,11602,85,0,3,1,0
SS-01887,6521,73,0,1,1,0
SS-01888,5340,218,1,11,1,0
SS-01889,7580,93,0,7,1,0
SS-01890,13534,54,0,9,1,0
SS-01891,3415,35,0,4,1,0
SS-01892,6594,14,0,8,1,0
SS-01893,8128,169,1,3,1,0
SS-01894,8680,18,0,8,0,1
SS-01895,6094,1,0,5,1,0
SS-01896,14789,5,0,7,0,0
SS-01897,6631,13,0,3,1,0
SS-01898,14098,93,0,13,0,0
SS-01899,7001,23,0,0,1,0
SS-01900,9355,23,0,1,1,0
SS-01901,6958,34,0,6,1,0
SS-01902,18344,8,1,34,1,0
SS-01903,3778,32,2,1,1,0
SS-01904,7451,58,0,4,1,0
SS-01905,5215,86,0,11,0,0
SS-01906,2418,3,0,3,1,0
SS-01907,4863,26,0,3,1,0
SS-01908,4908,55,0,7,0,0
SS-01909,5106,88,0,4,0,0
SS-01910,27331,141,0,2,1,0
SS-01911,8701,11,0,8,1,0
SS-01912,6079,16,0,2,1,0
SS-01913,11984,31,1,0,1,0
SS-01914,9554,18,0,4,1,0
SS-01915,2320,104,1,4,1,0
SS-01916,29356,148,0,6,1,0
SS-01917,10252,6,0,3,1,0
SS-01918,12521,100,0,1,0,0
SS-01919,2046,5,0,14,1,0
SS-01920,6169,51,0,17,1,0
SS-01921,7522,84,0,3,0,0
SS-01922,49451,53,0,17,1,0
SS-01923,2530,65,0,11,1,0
SS-01924,5358,19,0,20,0,0
SS-01925,14268,83,0,6,1,0
SS-01926,17469,1,1,2,0,0
SS-01927,14106,80,0,4,1,0
SS-01928,10444,53,0,10,1,0
SS-01929,2751,38,0,9,1,0
SS-01930,6214,8,0,6,1,0
SS-01931,7033,24,0,3,0,0
SS-01932,8582,17,0,5,1,0
SS-01933,19272,46,0,6,1,0
SS-01934,4722,2,0,8,1,0
SS-01935,3170,41,0,22,1,0
SS-01936,13930,16,0,4,1,0
SS-01937,3172,34,0,12,1,0
SS-01938,10488,11,2,10,0,1
SS-01939,7070,44,0,7,0,0
SS-01940,16544,16,1,3,1,0
SS-01941,3987,67,0,8,1,0
SS-01942,9948,4,0,1,1,0
SS-01943,20994,71,0,4,1,0
SS-01944,4247,49,2,4,1,0
SS-01945,9376,32,0,3,1,0
SS-01946,12465,31,1,0,1,0
SS-01947,10823,5,0,28,1,0
SS-01948,16072,10,0,16,1,0
SS-01949,3913,13,0,5,1,0
SS-01950,4968,15,0,1,1,0
SS-01951,6928,20,2,0,1,0
SS-01952,4143,145,0,7,1,0
SS-01953,6898,13,0,6,1,0
SS-01954,4022,4,2,2,1,0
SS-01955,10537,69,0,1,1,0
SS-01956,4863,8,0,0,1,0
SS-01957,4512,49,0,1,1,0
SS-01958,9777,156,2,10,1,0
SS-01959,5239,10,0,8,1,0
SS-01960,16159,21,0,12,1,0
SS-01961,4125,29,0,2,1,0
SS-01962,25499,49,1,11,1,0
SS-01963,18234,5,0,1,1,0
SS-01964,18553,9,0,4,1,0
SS-01965,7350,51,0,1,1,0
SS-01966,8705,63,0,7,1,0
SS-01967,6999,48,0,8,1,0
SS-01968,7205,5,2,5,1,1
SS-01969,4454,19,0,1,1,0
SS-01970,7174,40,0,1,1,0
SS-01971,7470,122,0,12,1,0
SS-01972,5889,1,0,5,1,0
SS-01973,14108,61,0,7,0,0
SS-01974,11697,17,0,2,0,0
SS-01975,5513,15,0,22,1,0
SS-01976,11120,19,0,1,1,0
SS-01977,10843,13,0,37,1,0
SS-01978,11361,32,0,9,1,0
SS-01979,4989,91,0,2,0,0
SS-01980,7902,10,0,5,1,0
SS-01981,2669,87,1,14,0,0
SS-01982,13425,8,0,1,1,0
SS-01983,11938,1,1,13,1,1
SS-01984,29684,71,1,3,1,0
SS-01985,4665,10,0,1,0,0
SS-01986,1484,59,0,10,0,0
SS-01987,38328,10,0,8,1,0
SS-01988,10152,10,0,24,0,1
SS-01989,7891,7,0,0,1,0
SS-01990,8647,16,1,10,1,0
SS-01991,1533,6,1,1,0,0
SS-01992,8665,98,0,3,1,0
SS-01993,8765,35,1,0,1,1
SS-01994,49494,16,0,22,1,0
SS-01995,8175,17,1,9,1,0
SS-01996,18006,65,0,4,0,0
SS-01997,15381,120,2,1,1,0
SS-01998,4224,172,0,5,0,0
SS-01999,2216,10,0,23,1,0
SS-02000,6815,56,0,20,1,0
SS-02001,14552,1,0,9,0,0
SS-02002,8334,107,0,3,1,0
SS-02003,5195,100,0,6,1,0
SS-02004,5434,7,0,6,1,0
SS-02005,6762,136,0,46,0,0
SS-02006,3253,28,0,2,0,0
SS-02007,7412,20,1,0,1,0
SS-02008,18681,48,1,7,1,0
SS-02009,6564,7,0,19,1,0
SS-02010,19446,49,1,5,0,0
SS-02011,3945,22,1,14,1,0
SS-02012,10377,78,0,6,1,0
SS-02013,20483,18,0,4,1,0
SS-02014,4182,59,0,0,1,0
SS-02015,12451,34,0,2,1,0
SS-02016,1152,10,1,10,1,0
SS-02017,6867,63,0,9,1,0
SS-02018,10281,9,0,4,0,0
SS-02019,9893,156,0,5,0,0
SS-02020,31970,30,0,3,1,0
SS-02021,759,61,1,3,1,0
SS-02022,2889,16,0,3,1,0
SS-02023,5229,66,0,8,0,0
SS-02024,11866,3,0,2,1,0
SS-02025,13740,11,0,22,0,1
SS-02026,10346,55,0,1,1,0
SS-02027,19094,107,0,0,0,0
SS-02028,4397,79,3,2,0,0
SS-02029,9048,6,0,3,1,0
SS-02030,3933,4,1,5,1,0
SS-02031,5088,105,0,1,1,0
SS-02032,3007,88,1,1,1,0
SS-02033,15614,37,0,1,1,0
SS-02034,18436,27,1,0,1,0
SS-02035,7253,12,0,4,0,0
SS-02036,5256,51,0,6,1,0
SS-02037,8095,50,0,0,1,0
SS-02038,6861,28,0,3,1,0
SS-02039,5183,45,1,5,0,0
SS-02040,7743,23,1,4,1,0
SS-02041,4222,51,1,2,1,0
SS-02042,90228,11,0,24,1,0
SS-02043,6281,37,0,34,0,0
SS-02044,1381,100,1,0,1,0
SS-02045,32392,22,0,14,0,0
SS-02046,4952,25,0,7,1,0
SS-02047,13948,125,2,40,1,0
SS-02048,3930,115,0,3,1,0
SS-02049,4425,20,0,5,1,0
SS-02050,3964,92,1,0,1,0
SS-02051,10267,87,1,1,1,0
SS-02052,9648,23,0,9,0,0
SS-02053,23179,7,1,9,0,1
SS-02054,1381,99,0,4,0,0
SS-02055,32770,6,0,7,0,0
SS-02056,16980,41,0,10,1,0
SS-02057,20065,4,1,15,0,1
SS-02058,10713,13,1,8,1,0
SS-02059,5372,36,3,34,0,1
SS-02060,3824,62,0,10,1,0
SS-02061,6249,3,0,0,1,0
SS-02062,2882,118,1,2,1,0
SS-02063,8170,26,0,33,1,0
SS-02064,3294,37,0,9,1,0
SS-02065,4370,3,0,3,1,0
SS-02066,8754,41,0,8,1,0
SS-02067,12305,68,1,3,0,0
SS-02068,18309,6,0,4,0,0
SS-02069,4875,80,0,6,0,0
SS-02070,9998,47,1,7,1,0
SS-02071,5085,1,0,2,1,0
SS-02072,12538,21,0,7,1,0
SS-02073,5102,27,1,5,1,0
SS-02074,23873,24,0,12,0,0
SS-02075,4775,55,1,2,1,0
SS-02076,2124,28,0,13,1,0
SS-02077,4027,73,0,1,0,0
SS-02078,11280,136,1,6,0,0
SS-02079,4124,26,0,4,0,0
SS-02080,8613,22,0,2,1,0
SS-02081,1831,3,0,4,1,0
SS-02082,15370,51,0,18,1,0
SS-02083,7411,18,0,6,1,0
SS-02084,9261,19,0,10,0,0
SS-02085,10564,8,0,3,1,0
SS-02086,16257,69,0,1,0,0
SS-02087,6080,118,0,0,1,0
SS-02088,14035,5,0,7,0,0
SS-02089,9942,2,1,0,1,0
SS-02090,30682,11,0,7,1,0
SS-02091,4880,21,0,7,1,0
SS-02092,8275,24,0,7,0,0
SS-02093,5881,50,0,8,0,0
SS-02094,6606,6,0,25,1,0
SS-02095,1212,76,0,6,1,0
SS-02096,10504,81,0,2,0,0
SS-02097,6692,50,1,18,0,0
SS-02098,8194,152,0,3,1,0
SS-02099,4952,26,0,1,1,0
SS-02100,21175,118,0,3,1,0
SS-02101,20695,50,1,3,1,0
SS-02102,12076,28,0,9,0,0
SS-02103,22228,240,1,7,1,0
SS-02104,17351,240,0,8,0,0
SS-02105,13044,53,0,1,1,0
SS-02106,6900,8,0,0,1,0
SS-02107,9450,1,0,5,0,1
SS-02108,1538,4,2,1,0,0
SS-02109,11828,17,0,9,1,0
SS-02110,1232,49,1,3,0,0
SS-02111,7773,114,0,5,1,0
SS-02112,11896,99,2,3,1,0
SS-02113,12740,59,1,2,0,0
SS-02114,8729,106,0,34,0,0
SS-02115,9810,90,2,1,1,0
SS-02116,21103,9,0,5,0,0
SS-02117,47695,8,0,1,1,0
SS-02118,13098,71,1,13,1,0
SS-02119,13550,36,1,10,1,0
SS-02120,9355,41,0,5,1,0
SS-02121,7781,15,2,6,1,0
SS-02122,31299,35,2,9,1,0
SS-02123,11303,6,0,14,1,0
SS-02124,3874,16,1,6,1,0
SS-02125,5391,23,2,7,1,0
SS-02126,3926,9,0,1,1,0
SS-02127,12285,39,0,3,1,0
SS-02128,4301,27,0,2,1,0
SS-02129,17558,129,0,1,1,0
SS-02130,6398,29,1,4,0,0
SS-02131,13849,5,1,5,1,0
SS-02132,5034,6,0,1,0,0
SS-02133,5484,118,0,3,1,0
SS-02134,13120,20,0,3,1,0
SS-02135,24260,45,0,5,1,0
SS-02136,9891,38,1,12,0,0
SS-02137,4838,58,0,5,1,0
SS-02138,2535,14,1,1,1,0
SS-02139,13924,33,2,1,1,0
SS-02140,7498,39,0,3,1,0
SS-02141,4908,9,0,18,1,0
SS-02142,21413,81,1,1,1,0
SS-02143,5129,19,1,2,1,0
SS-02144,30411,104,0,4,1,0
SS-02145,3573,49,0,1,1,0
SS-02146,4151,77,0,5,1,0
SS-02147,1959,42,0,1,1,0
SS-02148,4443,23,0,11,0,0
SS-02149,34208,68,0,4,1,0
SS-02150,4983,33,0,14,1,0
SS-02151,8324,47,0,39,0,0
SS-02152,9297,21,1,29,0,0
SS-02153,18037,33,0,1,1,0
SS-02154,11534,83,0,9,1,0
SS-02155,46407,14,0,2,1,0
SS-02156,9319,55,0,1,0,0
SS-02157,15326,63,0,8,1,0
SS-02158,36495,4,0,6,0,0
SS-02159,3231,18,0,10,1,0
SS-02160,26245,38,0,2,1,0
SS-02161,76391,62,0,0,0,0
SS-02162,25025,31,0,2,1,0
SS-02163,6334,68,0,4,0,0
SS-02164,5864,76,1,1,1,0
SS-02165,4911,18,0,4,1,0
SS-02166,10297,6,0,10,1,0
SS-02167,11157,3,0,0,0,0
SS-02168,834,49,0,4,1,0
SS-02169,1728,22,0,4,1,0
SS-02170,7552,55,0,16,1,0
SS-02171,21105,91,1,5,1,0
SS-02172,8914,43,0,2,0,0
SS-02173,4384,43,1,4,0,0
SS-02174,13999,85,0,2,0,0
SS-02175,7662,43,0,20,0,0
SS-02176,6492,68,1,1,1,0
SS-02177,8865,8,0,6,1,0
SS-02178,4672,12,1,7,1,0
SS-02179,4746,97,1,9,1,0
SS-02180,4676,17,1,3,1,0
SS-02181,8019,19,0,7,0,0
SS-02182,5269,3,0,1,0,1
SS-02183,4939,8,0,10,1,0
SS-02184,8650,30,0,1,1,0
SS-02185,4040,12,0,3,0,0
SS-02186,9050,71,0,5,1,0
SS-02187,9037,32,0,10,1,0
SS-02188,39384,119,0,16,1,0
SS-02189,2685,106,0,25,0,0
SS-02190,11715,62,0,2,1,0
SS-02191,7319,16,0,4,1,0
SS-02192,4608,13,1,2,1,0
SS-02193,5592,74,0,27,1,0
SS-02194,35868,52,1,2,0,0
SS-02195,5145,1,0,9,0,0
SS-02196,5760,4,1,16,1,0
SS-02197,2937,27,1,18,1,0
SS-02198,14443,38,1,5,1,0
SS-02199,16263,35,2,12,1,0
SS-02200,8111,62,0,18,1,0
SS-02201,18033,16,0,6,0,0
SS-02202,2568,4,3,3,1,0
SS-02203,17338,48,0,16,0,0
SS-02204,44899,1,4,23,0,1
SS-02205,9775,9,0,4,0,0
SS-02206,7977,22,0,11,1,0
SS-02207,14733,12,2,1,0,0
SS-02208,4021,29,0,2,1,0
SS-02209,3675,73,0,1,1,0
SS-02210,18294,25,0,12,1,0
SS-02211,5543,12,2,12,1,1
SS-02212,9180,14,0,15,1,0
SS-02213,3004,8,0,0,1,0
SS-02214,11237,60,1,4,1,0
SS-02215,10223,62,0,5,0,0
SS-02216,2346,15,0,4,1,0
SS-02217,7417,3,0,7,1,0
SS-02218,10560,240,0,12,1,0
SS-02219,6857,62,0,7,1,0
SS-02220,25061,2,1,29,1,0
SS-02221,4510,4,0,13,1,0
SS-02222,3225,50,0,23,1,0
SS-02223,9884,5,0,2,1,0
SS-02224,45259,23,0,25,1,0
SS-02225,9464,24,1,6,1,0
SS-02226,13654,2,0,1,1,0
SS-02227,4780,45,1,1,1,0
SS-02228,15771,26,0,14,0,0
SS-02229,8999,132,0,2,1,0
SS-02230,41444,50,1,1,0,0
SS-02231,7648,85,0,1,1,0
SS-02232,6572,21,0,1,1,0
SS-02233,17035,43,2,3,0,0
SS-02234,10463,69,0,0,0,0
SS-02235,8979,8,0,14,1,0
SS-02236,24824,30,1,2,1,1
SS-02237,7030,42,1,5,1,0
SS-02238,13696,13,1,4,1,0
SS-02239,2920,13,0,19,1,0
SS-02240,1318,105,1,7,1,0
SS-02241,11581,134,0,5,1,0
SS-02242,16505,127,2,1,1,0
SS-02243,22469,38,0,2,0,0
SS-02244,44684,40,0,2,1,0
SS-02245,12143,1,1,6,1,0
SS-02246,5678,10,0,0,1,0
SS-02247,1359,170,0,6,1,0
SS-02248,6823,8,0,12,1,0
SS-02249,33213,10,0,5,1,0
SS-02250,3811,105,0,5,1,0
SS-02251,6466,33,0,3,0,0
SS-02252,20275,4,2,38,0,1
SS-02253,26808,8,1,3,1,0
SS-02254,19571,13,0,6,1,0
SS-02255,6941,142,0,0,1,0
SS-02256,7048,51,0,6,1,0
SS-02257,7977,101,0,1,1,0
SS-02258,7362,1,1,6,1,0
SS-02259,43063,153,0,9,1,0
SS-02260,7296,24,0,12,0,0
SS-02261,11544,88,1,6,0,0
SS-02262,5525,16,0,6,0,0
SS-02263,17806,160,0,2,1,0
SS-02264,17666,12,0,23,1,0
SS-02265,65144,142,0,4,1,0
SS-02266,17415,119,0,12,0,0
SS-02267,16107,158,0,1,0,0
SS-02268,6388,18,0,9,1,0
SS-02269,7636,1,0,10,1,0
SS-02270,8146,37,1,18,0,1
SS-02271,8647,240,0,5,0,0
SS-02272,3734,22,0,3,1,0
SS-02273,6985,46,0,2,1,0
SS-02274,12352,108,0,1,1,0
SS-02275,1352,16,0,19,0,0
SS-02276,8561,108,0,4,0,0
SS-02277,20515,53,0,6,1,0
SS-02278,10547,43,0,0,1,0
SS-02279,12749,141,0,17,1,0
SS-02280,2986,28,0,14,0,0
SS-02281,4290,60,0,5,0,0
SS-02282,8782,19,0,0,0,0
SS-02283,2953,10,1,3,1,0
SS-02284,2225,30,0,39,1,0
SS-02285,2210,91,0,4,1,0
SS-02286,3000,161,0,5,1,0
SS-02287,6866,87,1,1,0,0
SS-02288,8009,21,2,1,0,0
SS-02289,8143,125,2,1,0,0
SS-02290,6334,12,0,7,0,0
SS-02291,12834,34,1,23,0,0
SS-02292,4363,65,1,7,0,0
SS-02293,9124,14,0,1,1,0
SS-02294,15273,27,0,6,1,0
SS-02295,5176,98,0,1,1,0
SS-02296,3724,62,0,2,1,0
SS-02297,8737,66,0,19,1,0
SS-02298,5799,109,0,2,0,0
SS-02299,3499,61,0,5,1,0
SS-02300,1754,10,0,5,0,0
SS-02301,6417,2,0,0,1,0
SS-02302,5321,190,1,5,0,0
SS-02303,8254,30,1,3,1,0
SS-02304,3657,6,0,5,1,0
SS-02305,12875,20,0,1,0,0
SS-02306,6293,10,0,5,0,0
SS-02307,16670,9,0,3,1,0
SS-02308,17564,101,2,9,0,0
SS-02309,11091,21,0,3,0,0
SS-02310,7679,6,0,3,1,0
SS-02311,7347,44,1,7,1,0
SS-02312,2163,97,0,4,1,0
SS-02313,17766,28,1,1,1,0
SS-02314,20931,10,0,10,1,0
SS-02315,9431,9,0,1,1,0
SS-02316,34536,20,0,11,1,0
SS-02317,5949,2,0,2,1,0
SS-02318,8897,12,1,1,0,0
SS-02319,14289,3,1,4,0,0
SS-02320,3946,102,0,21,0,0
SS-02321,3402,91,0,3,1,0
SS-02322,11817,33,0,13,1,0
SS-02323,7336,96,0,1,1,0
SS-02324,4461,2,2,3,0,0
SS-02325,11855,7,0,14,1,0
SS-02326,3757,71,0,0,0,0
SS-02327,25030,93,0,7,1,0
SS-02328,14181,153,0,2,0,0
SS-02329,19584,4,1,18,1,1
SS-02330,47208,7,0,1,1,0
SS-02331,8496,56,0,14,1,0
SS-02332,12350,58,0,2,1,0
SS-02333,77135,73,0,1,0,0
SS-02334,4708,41,0,1,0,0
SS-02335,5507,15,0,0,1,0
SS-02336,3105,10,1,4,1,0
SS-02337,7950,9,0,12,0,0
SS-02338,3659,9,0,15,1,0
SS-02339,772,23,0,6,1,0
SS-02340,3609,38,0,9,1,0
SS-02341,18806,31,1,11,1,0
SS-02342,8810,40,1,3,1,0
SS-02343,15100,131,0,5,1,0
SS-02344,23267,30,0,14,1,0
SS-02345,11707,2,0,3,1,0
SS-02346,15798,236,0,12,1,0
SS-02347,20331,49,0,41,0,0
SS-02348,9383,31,0,12,1,0
SS-02349,31421,1,0,16,1,0
SS-02350,9747,90,1,5,1,0
SS-02351,5313,1,0,3,1,0
SS-02352,2457,1,0,0,0,0
SS-02353,14236,41,1,2,0,0
SS-02354,11448,25,0,5,1,0
SS-02355,9397,11,0,9,1,0
SS-02356,38118,15,0,2,1,0
SS-02357,7982,125,0,11,1,0
SS-02358,8790,58,0,21,1,0
SS-02359,7069,93,1,14,0,0
SS-02360,10637,21,0,5,0,0
SS-02361,7374,23,0,11,1,0
SS-02362,8164,107,0,2,1,0
SS-02363,8797,8,0,10,1,0
SS-02364,3105,33,0,8,1,0
SS-02365,14466,12,0,5,1,0
SS-02366,6078,16,0,13,0,1
SS-02367,27851,52,0,12,0,0
SS-02368,12475,67,0,14,1,0
SS-02369,3236,43,0,56,1,0
SS-02370,2570,43,0,18,0,0
SS-02371,2653,16,1,11,0,0
SS-02372,5652,67,0,6,1,0
SS-02373,9059,36,0,2,1,0
SS-02374,9797,21,1,27,0,0
SS-02375,4054,130,0,5,0,0
SS-02376,10855,125,0,33,1,0
SS-02377,3874,20,0,0,1,0
SS-02378,6173,11,0,3,1,0
SS-02379,2572,18,2,3,1,0
SS-02380,7397,2,0,18,1,1
SS-02381,2121,7,1,13,1,0
SS-02382,4003,32,1,8,1,0
SS-02383,1706,32,0,4,1,0
SS-02384,7350,51,0,2,1,0
SS-02385,3979,10,0,3,1,0
SS-02386,9102,57,0,17,1,0
SS-02387,15291,3,0,3,0,0
SS-02388,22232,33,0,5,1,0
SS-02389,35715,132,0,2,1,0
SS-02390,6015,108,0,17,0,0
SS-02391,7828,129,0,4,1,0
SS-02392,23912,4,1,2,0,1
SS-02393,10109,7,0,1,1,0
SS-02394,7550,38,0,3,0,0
SS-02395,1038,39,0,1,0,0
SS-02396,4438,103,0,4,1,0
SS-02397,31627,16,0,5,1,0
SS-02398,2050,108,0,11,1,0
SS-02399,7393,236,0,18,1,0
SS-02400,19554,17,0,9,1,0
SS-02401,7406,44,0,9,1,0
SS-02402,29434,76,0,5,1,0
SS-02403,1782,34,1,9,1,0
SS-02404,20537,2,1,8,0,0
SS-02405,2466,10,0,4,1,0
SS-02406,4939,136,0,19,1,0
SS-02407,7743,1,0,1,1,0
SS-02408,9715,24,1,4,1,0
SS-02409,14034,21,1,6,0,0
SS-02410,22189,71,1,0,1,0
SS-02411,31517,98,0,6,1,0
SS-02412,14151,47,0,11,1,0
SS-02413,5008,61,0,2,1,0
SS-02414,7928,52,0,0,1,0
SS-02415,2832,113,0,2,1,0
SS-02416,4786,13,0,8,1,0
SS-02417,10462,2,0,8,1,0
SS-02418,1483,12,0,8,1,0
SS-02419,14863,182,1,7,1,0
SS-02420,6574,133,0,7,0,0
SS-02421,3043,45,0,2,0,0
SS-02422,3356,100,0,4,0,0
SS-02423,6290,173,3,11,1,0
SS-02424,2534,46,0,1,1,0
SS-02425,9452,17,1,8,1,0
SS-02426,25057,92,0,3,1,0
SS-02427,8643,61,0,13,1,0
SS-02428,13625,14,0,20,0,1
SS-02429,3386,25,0,6,1,0
SS-02430,20368,16,0,4,1,0
SS-02431,6887,47,0,20,0,0
SS-02432,6910,105,0,14,1,0
SS-02433,3192,1,0,10,1,0
SS-02434,42561,27,2,32,0,1
SS-02435,6186,11,0,11,0,0
SS-02436,8834,28,0,4,1,0
SS-02437,22002,71,0,32,1,0
SS-02438,8652,47,0,5,1,0
SS-02439,8778,4,1,12,1,1
SS-02440,9728,85,0,1,1,0
SS-02441,4559,3,0,7,1,0
SS-02442,4825,32,1,10,1,0
SS-02443,7242,14,0,3,1,0
SS-02444,13307,102,0,6,1,0
SS-02445,6999,35,0,9,1,0
SS-02446,6437,14,0,6,0,0
SS-02447,5012,28,2,9,0,0
SS-02448,13778,32,0,6,1,0
SS-02449,5774,11,1,9,1,0
SS-02450,9590,13,1,5,1,0
SS-02451,6992,20,0,7,1,0
SS-02452,6229,45,0,8,0,0
SS-02453,12860,16,1,15,0,0
SS-02454,9421,52,0,2,0,0
SS-02455,11599,36,0,10,1,0
SS-02456,22028,32,0,21,1,0
SS-02457,22645,15,0,17,1,0
SS-02458,11393,48,0,0,1,0
SS-02459,11541,25,0,19,1,0
SS-02460,6784,56,1,8,1,0
SS-02461,17830,126,1,18,1,0
SS-02462,11540,21,2,0,0,1
SS-02463,1960,38,0,3,1,0
SS-02464,28747,55,1,22,1,0
SS-02465,12597,9,0,8,1,0
SS-02466,16856,22,1,3,1,1
SS-02467,4666,29,1,8,1,0
SS-02468,2558,54,0,20,1,0
SS-02469,2037,42,0,0,1,0
SS-02470,11074,7,1,5,0,0
SS-02471,5646,28,0,1,1,0
SS-02472,7745,26,0,12,1,0
SS-02473,9981,81,0,6,0,0
SS-02474,13004,32,0,2,1,0
SS-02475,12816,45,0,3,1,0
SS-02476,11783,1,0,6,1,0
SS-02477,27012,84,0,2,1,0
SS-02478,1391,8,0,3,1,0
SS-02479,8380,13,0,0,1,0
SS-02480,7117,199,0,3,1,0
SS-02481,5183,31,0,29,1,0
SS-02482,4731,35,0,0,1,0
SS-02483,14328,18,0,7,1,0
SS-02484,23407,34,0,7,1,0
SS-02485,7667,52,0,4,0,0
SS-02486,16843,55,0,17,1,0
SS-02487,9140,62,0,3,1,0
SS-02488,11582,198,0,1,1,0
SS-02489,14018,5,1,22,1,1
SS-02490,3389,11,1,10,1,0
SS-02491,5117,123,0,4,1,0
SS-02492,8280,13,1,4,1,0
SS-02493,29632,13,0,7,0,1
SS-02494,15435,42,0,4,1,0
SS-02495,15741,11,0,8,1,0
SS-02496,2925,23,0,6,0,0
SS-02497,7419,146,1,15,1,0
SS-02498,4643,41,0,5,1,0
SS-02499,11696,31,1,11,1,0
SS-02500,16197,18,2,0,1,0
SS-02501,15497,27,0,2,1,0
SS-02502,8441,25,0,1,1,0
SS-02503,12179,14,1,2,1,0
SS-02504,5474,13,0,7,1,0
SS-02505,2843,60,2,1,0,0
SS-02506,9724,109,1,1,1,0
SS-02507,30855,38,1,3,1,0
SS-02508,7848,5,2,5,0,0
SS-02509,2053,23,0,0,0,0
SS-02510,9940,27,0,16,1,0
SS-02511,6901,91,0,5,1,0
SS-02512,12800,31,0,1,1,0
SS-02513,18150,115,0,12,1,0
SS-02514,5888,57,0,11,1,0
SS-02515,4520,15,1,13,1,0
SS-02516,21593,15,0,10,0,1
SS-02517,15062,12,1,8,1,0
SS-02518,7082,7,2,9,1,0
SS-02519,3315,184,0,4,1,0
SS-02520,9913,27,2,2,1,0
SS-02521,8082,59,0,15,1,0
SS-02522,17696,56,0,1,0,0
SS-02523,7015,49,0,13,1,0
SS-02524,6234,12,0,3,1,0
SS-02525,5921,96,0,7,1,0
SS-02526,19394,10,0,0,1,0
SS-02527,3094,10,0,6,1,0
SS-02528,17039,76,0,2,0,0
SS-02529,3632,37,1,16,1,0
SS-02530,4029,22,1,7,1,0
SS-02531,9408,77,0,4,1,0
SS-02532,8465,23,1,3,1,0
SS-02533,6297,43,3,9,0,1
SS-02534,11192,166,0,5,1,0
SS-02535,5272,8,2,5,1,0
SS-02536,27238,38,0,4,1,0
SS-02537,22790,22,0,7,0,0
SS-02538,7539,24,0,6,0,0
SS-02539,10883,12,0,1,1,0
SS-02540,5380,22,0,2,1,0
SS-02541,42548,31,0,5,1,0
SS-02542,4761,37,0,7,1,0
SS-02543,4896,2,0,6,1,0
SS-02544,34857,125,0,5,0,0
SS-02545,1434,29,0,10,1,0
SS-02546,14848,23,2,6,0,0
SS-02547,5746,64,1,2,0,0
SS-02548,3936,25,0,15,1,0
SS-02549,44101,18,0,7,1,0
SS-02550,3724,2,0,0,1,0
SS-02551,20839,85,1,1,0,0
SS-02552,23950,44,0,1,1,0
SS-02553,6501,29,0,3,1,0
SS-02554,2675,160,0,1,1,0
SS-02555,14148,1,3,36,1,1
SS-02556,17702,2,0,2,0,0
SS-02557,33761,60,0,8,1,0
SS-02558,13602,34,0,4,1,0
SS-02559,3453,5,2,1,1,0
SS-02560,6792,11,1,0,1,0
SS-02561,15492,8,0,6,1,0
SS-02562,21927,3,1,5,0,1
SS-02563,7201,30,0,3,0,0
SS-02564,16403,24,1,1,1,0
SS-02565,19241,119,0,11,1,0
SS-02566,8036,82,0,11,1,0
SS-02567,11843,56,0,5,0,0
SS-02568,6839,32,1,17,1,0
SS-02569,11076,118,0,9,1,0
SS-02570,5858,14,0,18,1,0
SS-02571,7488,4,1,0,1,0
SS-02572,5430,155,0,31,0,0
SS-02573,11701,62,0,15,0,0
SS-02574,10386,23,0,8,1,0
SS-02575,3655,76,0,16,0,0
SS-02576,9750,12,1,3,0,0
SS-02577,5590,12,0,3,0,0
SS-02578,34277,45,0,12,0,0
SS-02579,6274,26,0,4,1,0
SS-02580,9482,12,0,13,0,0
SS-02581,10068,12,0,13,0,0
SS-02582,4239,44,0,19,0,0
SS-02583,2947,47,0,4,0,0
SS-02584,33261,37,0,5,0,0
SS-02585,5777,70,2,5,0,0
SS-02586,9241,95,2,2,1,0
SS-02587,9434,44,0,1,1,0
SS-02588,12215,4,0,4,1,0
SS-02589,29589,1,1,27,1,1
SS-02590,18816,26,0,0,1,0
SS-02591,6189,12,0,2,1,0
SS-02592,1852,27,0,0,1,0
SS-02593,1349,8,0,3,1,0
SS-02594,13839,57,0,1,0,0
SS-02595,3128,11,0,25,1,0
SS-02596,10718,58,0,2,1,0
SS-02597,6539,22,1,4,0,0
SS-02598,4592,91,0,1,1,0
SS-02599,2591,33,0,23,1,0
SS-02600,30351,53,0,21,1,0
SS-02601,36273,36,0,3,1,0
SS-02602,23710,3,0,9,0,0
SS-02603,7387,105,0,18,1,0
SS-02604,10408,68,0,21,1,0
SS-02605,7483,12,1,4,1,1
SS-02606,12210,99,0,3,1,0
SS-02607,2950,9,0,0,1,0
SS-02608,5561,54,1,4,1,0
SS-02609,8376,16,0,4,0,0
SS-02610,3763,34,0,0,1,0
SS-02611,20286,6,0,2,0,0
SS-02612,26194,88,0,21,1,0
SS-02613,4218,103,0,13,1,0
SS-02614,3513,125,0,22,0,0
SS-02615,4534,5,0,4,1,0
SS-02616,17749,27,0,9,0,0
SS-02617,26616,88,1,3,0,0
SS-02618,13123,87,0,14,1,0
SS-02619,5238,146,0,7,1,0
SS-02620,2613,28,0,7,1,0
SS-02621,10001,43,0,1,1,0
SS-02622,4863,39,0,2,0,0
SS-02623,13238,26,0,8,1,0
SS-02624,10962,50,1,29,1,0
SS-02625,2987,6,0,24,0,0
SS-02626,8961,6,0,1,1,0
SS-02627,4323,69,3,1,0,0
SS-02628,4370,47,0,12,1,0
SS-02629,21486,175,0,2,1,0
SS-02630,24092,9,1,7,1,0
SS-02631,13075,38,0,7,1,0
SS-02632,4828,1,1,0,1,0
SS-02633,8694,32,1,14,1,0
SS-02634,4062,97,2,23,0,0
SS-02635,3791,21,1,3,1,0
SS-02636,13123,13,0,8,1,0
SS-02637,5213,39,0,1,1,0
SS-02638,14521,85,1,6,1,0
SS-02639,2679,132,0,5,1,0
SS-02640,18512,138,0,29,0,0
SS-02641,6375,240,1,1,1,0
SS-02642,9741,107,1,1,1,0
SS-02643,30837,8,0,0,0,1
SS-02644,2712,53,1,2,1,0
SS-02645,9689,37,0,6,0,0
SS-02646,13083,14,0,1,1,0
SS-02647,23920,97,0,7,1,0
SS-02648,7115,7,0,26,1,0
SS-02649,10363,29,0,15,0,0
SS-02650,15378,8,0,1,0,0
SS-02651,9976,76,2,18,1,0
SS-02652,32713,31,0,0,0,0
SS-02653,8539,8,0,2,1,0
SS-02654,9898,93,0,7,1,0
SS-02655,13034,100,0,1,1,0
SS-02656,17201,99,1,9,0,0
SS-02657,20282,100,0,9,0,0
SS-02658,11501,38,0,8,1,0
SS-02659,16992,65,0,2,1,1
SS-02660,3268,1,0,3,1,0
SS-02661,9736,67,0,3,1,0
SS-02662,8164,15,0,9,0,1
SS-02663,25548,19,0,5,1,0
SS-02664,3150,45,0,9,0,0
SS-02665,3972,76,0,10,1,0
SS-02666,4556,12,0,2,0,0
SS-02667,11245,105,1,10,0,0
SS-02668,1770,105,0,13,1,0
SS-02669,12981,8,2,9,0,0
SS-02670,4948,80,2,13,1,0
SS-02671,13004,23,0,0,1,0
SS-02672,10451,7,0,18,0,0
SS-02673,33015,34,0,4,1,0
SS-02674,3168,3,0,8,1,0
SS-02675,3140,13,0,3,1,0
SS-02676,6734,88,0,1,1,0
SS-02677,27223,37,0,8,1,1
SS-02678,4756,22,1,23,0,0
SS-02679,13712,31,1,1,0,0
SS-02680,1426,120,0,10,1,0
SS-02681,19759,96,0,7,1,0
SS-02682,8945,75,0,0,1,0
SS-02683,11250,17,0,20,0,0
SS-02684,12086,117,0,1,1,0
SS-02685,9485,34,0,17,1,0
SS-02686,3734,73,1,15,0,0
SS-02687,18352,19,1,4,1,0
SS-02688,6400,11,0,5,1,0
SS-02689,4464,49,0,3,1,0
SS-02690,16000,20,1,1,0,0
SS-02691,17623,35,2,27,1,1
SS-02692,2339,60,0,10,1,0
SS-02693,9350,17,0,7,1,0
SS-02694,8871,44,0,3,1,0
SS-02695,14290,70,0,2,0,0
SS-02696,10217,10,0,22,1,0
SS-02697,22074,82,0,7,1,0
SS-02698,30042,16,0,2,1,0
SS-02699,13816,7,0,5,1,0
SS-02700,5657,71,1,4,1,0
SS-02701,9140,27,0,0,0,0
SS-02702,5856,1,0,2,1,0
SS-02703,4591,177,0,0,0,0
SS-02704,2122,9,1,4,0,0
SS-02705,5367,34,1,15,0,0
SS-02706,17981,37,0,2,1,0
SS-02707,5862,17,0,1,0,0
SS-02708,10310,5,0,4,0,0
SS-02709,8120,30,0,3,1,0
SS-02710,3430,57,0,10,1,0
SS-02711,5603,54,0,7,1,0
SS-02712,2391,29,0,5,1,0
SS-02713,26504,7,0,1,0,0
SS-02714,37555,3,0,8,1,0
SS-02715,18053,86,0,32,1,0
SS-02716,8303,12,0,17,1,0
SS-02717,18561,4,2,3,0,0
SS-02718,12784,122,0,4,1,0
SS-02719,4562,21,1,3,1,0
SS-02720,13733,2,0,3,1,0
SS-02721,4542,32,0,12,0,0
SS-02722,3131,114,0,2,0,0
SS-02723,8823,210,1,0,1,0
SS-02724,6040,21,0,7,1,0
SS-02725,3161,11,1,5,1,0
SS-02726,11111,79,1,1,1,0
SS-02727,4489,88,0,9,1,0
SS-02728,14438,15,0,17,0,1
SS-02729,3706,18,0,0,1,0
SS-02730,4531,19,0,3,1,0
SS-02731,3682,59,1,19,1,0
SS-02732,36756,69,0,6,1,0
SS-02733,10086,94,1,0,1,0
SS-02734,6124,7,0,2,0,0
SS-02735,7789,5,0,3,1,0
SS-02736,19931,134,0,1,1,0
SS-02737,18786,47,0,10,0,0
SS-02738,4406,87,0,2,0,0
SS-02739,6945,28,0,7,1,0
SS-02740,16862,61,0,10,1,0
SS-02741,7973,77,1,2,1,0
SS-02742,2415,68,0,11,1,0
SS-02743,5797,65,0,2,1,0
SS-02744,31990,4,0,24,1,0
SS-02745,7078,17,0,1,1,0
SS-02746,4950,48,0,8,0,0
SS-02747,15251,1,0,7,1,0
SS-02748,13507,94,0,18,1,0
SS-02749,7433,3,0,7,0,0
SS-02750,19333,9,0,0,0,0
SS-02751,16957,93,0,10,0,0
SS-02752,3464,1,0,4,0,0
SS-02753,5006,112,0,3,1,0
SS-02754,3134,6,1,4,1,0
SS-02755,1817,18,0,3,1,0
SS-02756,24941,21,1,2,1,0
SS-02757,2244,45,0,8,1,0
SS-02758,6837,14,0,15,0,1
SS-02759,5910,34,0,6,1,0
SS-02760,1845,147,0,12,1,0
SS-02761,54523,68,0,2,1,0
SS-02762,5272,27,0,16,1,0
SS-02763,10662,33,0,2,1,0
SS-02764,5566,30,1,6,1,0
SS-02765,999,46,0,12,1,0
SS-02766,25483,29,0,4,0,0
SS-02767,26982,1,1,11,1,0
SS-02768,14003,14,1,1,1,0
SS-02769,4220,147,0,0,1,0
SS-02770,17779,4,1,1,1,0
SS-02771,5580,1,0,13,0,0
SS-02772,1207,49,0,3,0,0
SS-02773,10721,108,0,10,1,0
SS-02774,18493,7,0,1,0,0
SS-02775,20473,23,0,0,1,0
SS-02776,3405,12,0,6,1,0
SS-02777,2764,17,0,1,1,0
SS-02778,10404,20,0,15,1,0
SS-02779,6399,34,0,16,1,0
SS-02780,8853,17,0,20,1,0
SS-02781,9176,6,0,6,0,0
SS-02782,16146,44,0,6,1,0
SS-02783,691,10,0,1,1,0
SS-02784,9422,4,1,3,1,0
SS-02785,9061,233,2,5,1,0
SS-02786,8895,19,0,9,1,0
SS-02787,8046,99,0,0,1,0
SS-02788,9581,19,0,2,0,0
SS-02789,3995,4,1,17,0,1
SS-02790,3021,135,1,3,1,0
SS-02791,10526,143,0,3,1,0
SS-02792,3644,77,0,3,0,0
SS-02793,3059,164,0,7,0,0
SS-02794,2793,104,1,8,0,0
SS-02795,5740,5,0,14,0,0
SS-02796,15899,3,0,2,1,0
SS-02797,5448,76,0,0,1,0
SS-02798,15419,87,0,1,1,0
SS-02799,44015,11,0,18,1,0
SS-02800,12900,2,0,1,1,0
SS-02801,11979,17,0,4,1,0
SS-02802,1905,57,0,1,1,0
SS-02803,8997,4,0,14,1,0
SS-02804,16221,21,0,5,0,0
SS-02805,27354,162,0,6,1,0
SS-02806,11414,40,0,12,0,0
SS-02807,1261,19,0,2,1,0
SS-02808,9518,19,0,3,1,0
SS-02809,5126,7,0,0,0,0
SS-02810,12723,36,0,6,1,0
SS-02811,4710,7,0,1,1,0
SS-02812,10241,37,0,4,1,0
SS-02813,6675,33,0,14,0,0
SS-02814,3706,29,0,8,1,0
SS-02815,6488,7,2,25,0,1
SS-02816,10226,90,1,5,1,0
SS-02817,6507,34,0,6,1,0
SS-02818,16047,22,0,23,0,0
SS-02819,6670,155,1,3,1,0
SS-02820,1707,46,0,3,1,0
SS-02821,5215,92,0,4,1,0
SS-02822,7220,24,0,6,1,0
SS-02823,7740,26,0,6,1,0
SS-02824,3992,20,0,2,1,0
SS-02825,3778,49,0,6,0,0
SS-02826,13941,54,0,6,1,0
SS-02827,1444,158,0,0,1,0
SS-02828,2341,6,0,3,1,0
SS-02829,7848,79,0,1,1,0
SS-02830,9308,54,0,0,1,0
SS-02831,12437,27,1,17,1,0
SS-02832,12888,32,1,3,0,1
SS-02833,17448,8,0,0,1,0
SS-02834,5915,111,0,8,0,0
SS-02835,5645,15,0,2,1,0
SS-02836,7016,46,1,5,1,0
SS-02837,29371,54,0,8,1,0
SS-02838,11474,6,0,8,1,0
SS-02839,7603,33,0,6,1,0
SS-02840,6470,19,0,11,0,1
SS-02841,23532,24,2,12,0,0
SS-02842,11963,26,0,15,1,0
SS-02843,10624,21,1,6,1,0
SS-02844,3453,35,0,5,0,0
SS-02845,10126,10,1,1,0,0
SS-02846,5193,105,0,5,0,0
SS-02847,9660,161,1,1,1,0
SS-02848,2256,20,1,8,1,0
SS-02849,12280,29,3,31,1,1
SS-02850,12579,5,0,9,1,0
SS-02851,8514,82,0,10,1,0
SS-02852,5622,72,1,1,1,0
SS-02853,3196,30,0,18,1,0
SS-02854,11979,35,0,7,0,0
SS-02855,8084,54,0,2,1,0
SS-02856,19377,71,1,0,1,0
SS-02857,9287,9,0,10,0,0
SS-02858,11686,9,1,11,0,0
SS-02859,12788,17,1,1,0,0
SS-02860,7606,79,0,18,1,0
SS-02861,22123,29,0,1,1,0
SS-02862,13841,125,1,14,1,0
SS-02863,4443,59,1,1,1,0
SS-02864,17180,31,0,3,1,0
SS-02865,11231,97,0,17,1,0
SS-02866,5843,35,0,5,0,0
SS-02867,15579,77,0,10,1,0
SS-02868,7191,43,0,6,0,0
SS-02869,6066,12,2,14,0,1
SS-02870,6269,58,0,4,1,0
SS-02871,9584,34,1,18,0,0
SS-02872,18272,61,0,1,1,0
SS-02873,3224,4,0,19,1,0
SS-02874,4944,90,0,20,0,0
SS-02875,3426,56,0,3,1,0
SS-02876,10999,123,0,4,0,0
SS-02877,2987,24,2,5,0,0
SS-02878,9038,110,1,5,1,0
SS-02879,2163,54,0,27,1,0
SS-02880,6188,69,1,4,0,0
SS-02881,37348,48,1,0,1,1
SS-02882,21025,18,0,1,1,0
SS-02883,2460,1,0,22,1,0
SS-02884,5024,56,0,3,0,0
SS-02885,33448,8,0,3,1,0
SS-02886,2263,68,0,13,1,0
SS-02887,4995,21,1,4,1,0
SS-02888,4302,23,0,8,0,0
SS-02889,3703,24,0,6,1,0
SS-02890,6912,136,1,4,1,0
SS-02891,11402,48,0,12,1,0
SS-02892,30044,53,0,0,0,0
SS-02893,12440,89,0,9,0,0
SS-02894,3398,15,0,3,0,0
SS-02895,42031,41,1,8,1,0
SS-02896,12400,1,0,0,1,0
SS-02897,5498,187,0,8,1,0
SS-02898,8616,87,1,1,1,0
SS-02899,9805,7,1,4,0,0
SS-02900,2477,31,2,30,0,0
SS-02901,6451,52,0,5,1,0
SS-02902,14002,239,0,5,0,0
SS-02903,6274,2,0,18,1,0
SS-02904,3680,103,1,6,1,0
SS-02905,4757,19,0,18,1,0
SS-02906,1682,16,0,0,0,0
SS-02907,2432,24,0,6,1,0
SS-02908,33633,41,0,0,1,0
SS-02909,6833,26,0,34,1,0
SS-02910,12573,17,0,12,1,0
SS-02911,3558,18,1,5,1,0
SS-02912,10151,71,0,9,1,0
SS-02913,4778,7,1,11,0,0
SS-02914,14033,94,0,20,1,0
SS-02915,3471,188,0,5,0,0
SS-02916,7702,41,1,0,0,0
SS-02917,3364,10,0,10,1,0
SS-02918,5025,74,1,4,1,0
SS-02919,4981,34,0,2,1,0
SS-02920,19492,21,0,0,1,0
SS-02921,7798,44,1,1,1,0
SS-02922,7011,10,0,1,1,0
SS-02923,8761,38,1,1,1,0
SS-02924,9196,16,0,9,1,0
SS-02925,16745,17,2,6,1,1
SS-02926,5010,2,1,12,1,0
SS-02927,18656,2,0,30,1,0
SS-02928,8883,12,0,2,1,0
SS-02929,10022,125,1,24,1,0
SS-02930,5789,12,0,4,1,0
SS-02931,2818,39,0,1,1,0
SS-02932,8730,1,1,2,1,0
SS-02933,5216,14,0,3,1,0
SS-02934,6580,22,2,12,1,0
SS-02935,22179,9,1,8,1,0
SS-02936,12669,132,1,0,1,0
SS-02937,25124,24,0,6,0,0
SS-02938,7391,56,0,0,1,0
SS-02939,13768,19,3,1,0,0
SS-02940,14032,20,0,0,0,0
SS-02941,6570,31,0,25,1,0
SS-02942,3514,92,0,3,1,0
SS-02943,13018,51,0,11,1,0
SS-02944,17903,41,0,10,0,0
SS-02945,14884,40,0,2,1,0
SS-02946,4152,38,0,25,1,0
SS-02947,17466,105,0,6,1,0
SS-02948,4424,71,0,9,0,0
SS-02949,9070,59,0,5,0,0
SS-02950,33626,43,1,2,1,0
SS-02951,11367,240,0,1,1,0
SS-02952,4962,26,0,5,1,0
SS-02953,14885,49,0,2,1,0
SS-02954,29001,27,1,2,1,0
SS-02955,6341,9,1,1,1,0
SS-02956,7508,51,0,4,1,0
SS-02957,15603,73,1,5,1,0
SS-02958,5468,52,0,24,1,0
SS-02959,14664,28,1,2,0,0
SS-02960,4631,97,2,1,1,0
SS-02961,2913,2,1,3,1,0
SS-02962,6174,14,0,3,1,0
SS-02963,3255,200,0,2,1,0
SS-02964,13347,1,1,7,1,0
SS-02965,9744,137,0,13,1,0
SS-02966,12332,39,1,12,0,1
SS-02967,3013,29,0,19,1,0
SS-02968,1648,34,0,2,0,0
SS-02969,20820,38,0,1,1,0
SS-02970,5346,57,0,13,1,0
SS-02971,2733,72,2,31,0,0
SS-02972,7291,3,0,9,1,0
SS-02973,7187,77,0,2,1,0
SS-02974,9199,5,0,14,1,0
SS-02975,4574,11,1,16,1,0
SS-02976,5855,40,0,4,1,0
SS-02977,95000,3,1,11,1,1
SS-02978,7821,21,0,2,1,0
SS-02979,5435,112,0,3,1,0
SS-02980,5755,9,0,6,1,0
SS-02981,25300,37,0,8,1,0
SS-02982,23323,1,0,6,1,0
SS-02983,3466,41,0,0,1,0
SS-02984,9347,86,0,7,1,0
SS-02985,13661,34,1,3,0,0
SS-02986,11604,69,0,8,1,0
SS-02987,11054,4,0,1,1,0
SS-02988,11878,25,1,2,1,0
SS-02989,20425,16,0,13,0,0
SS-02990,6348,100,0,13,1,0
SS-02991,4072,71,0,14,1,0
SS-02992,11507,158,0,6,1,0
SS-02993,4680,17,1,2,1,0
SS-02994,6823,4,0,8,1,0
SS-02995,9982,34,0,5,0,0
SS-02996,18777,20,0,6,1,0
SS-02997,8384,88,0,5,1,0
SS-02998,5408,134,0,15,1,0
SS-02999,4915,51,1,1,0,0
SS-03000,5422,83,1,12,0,0
SS-03001,2530,112,0,2,0,0
SS-03002,4537,114,1,5,1,0
SS-03003,31836,141,0,11,1,0
SS-03004,5798,55,1,18,1,0
SS-03005,4907,240,0,8,0,0
SS-03006,25253,135,0,9,1,0
SS-03007,8838,22,0,0,1,0
SS-03008,4472,90,2,1,1,0
SS-03009,8793,27,1,1,1,1
SS-03010,2597,84,0,3,1,0
SS-03011,6085,6,1,3,0,0
SS-03012,3566,2,1,1,0,0
SS-03013,9912,13,1,4,0,1
SS-03014,3715,29,0,55,1,1
SS-03015,6326,105,0,9,1,0
SS-03016,10917,83,0,3,0,0
SS-03017,17610,52,1,26,0,0
SS-03018,29998,28,0,11,1,0
SS-03019,15502,25,0,2,1,0
SS-03020,23742,15,0,2,1,0
SS-03021,2443,33,1,7,1,0
SS-03022,3725,3,1,4,0,0
SS-03023,11997,48,0,9,0,0
SS-03024,5341,115,0,6,0,0
SS-03025,9263,7,0,17,1,0
SS-03026,6403,38,1,3,0,0
SS-03027,11692,79,0,17,1,0
SS-03028,8099,1,3,1,1,1
SS-03029,6409,3,0,4,1,0
SS-03030,5547,13,0,2,0,0
SS-03031,15638,3,1,22,1,0
SS-03032,10697,39,0,11,1,0
SS-03033,12326,66,0,8,1,0
SS-03034,9881,42,0,12,1,0
SS-03035,6861,30,0,6,1,0
SS-03036,8067,21,0,21,1,0
SS-03037,46006,21,0,14,1,0
SS-03038,2161,61,0,34,1,0
SS-03039,11620,70,0,1,0,0
SS-03040,5890,1,1,10,1,0
SS-03041,18025,79,0,1,1,0
SS-03042,13624,41,1,7,0,1
SS-03043,25088,18,0,1,1,0
SS-03044,8434,13,0,12,0,0
SS-03045,14989,16,0,3,1,0
SS-03046,3828,41,2,14,1,0
SS-03047,16976,71,0,8,1,0
SS-03048,1986,80,0,11,1,0
SS-03049,12270,24,2,14,0,1
SS-03050,9550,62,0,5,1,0
SS-03051,4019,9,1,0,1,0
SS-03052,5655,12,0,12,1,0
SS-03053,3815,38,0,2,1,0
SS-03054,25873,10,1,2,0,0
SS-03055,19547,85,1,7,0,0
SS-03056,11156,15,0,1,1,0
SS-03057,17437,2,1,8,1,1
SS-03058,10668,213,0,14,1,0
SS-03059,10036,32,0,10,1,0
SS-03060,3361,8,1,18,1,0
SS-03061,6158,116,0,1,1,0
SS-03062,1134,37,0,1,1,0
SS-03063,6090,54,0,1,1,0
SS-03064,26903,18,0,11,1,1
SS-03065,4826,71,2,3,0,0
SS-03066,6689,113,0,17,0,0
SS-03067,4246,45,1,1,1,0
SS-03068,3997,20,0,29,1,0
SS-03069,27310,91,0,5,1,0
SS-03070,10187,137,1,4,1,0
SS-03071,3967,19,0,1,1,0
SS-03072,5150,87,0,2,0,0
SS-03073,14058,6,2,9,0,0
SS-03074,2076,158,0,3,1,0
SS-03075,15910,114,1,22,1,0
SS-03076,13858,43,0,12,0,0
SS-03077,13560,42,0,11,1,0
SS-03078,20497,138,0,25,1,0
SS-03079,6115,36,1,0,1,0
SS-03080,7344,1,0,0,0,0
SS-03081,13999,149,0,10,1,0
SS-03082,8624,3,1,3,1,0
SS-03083,4238,13,0,33,1,0
SS-03084,10800,136,2,7,0,0
SS-03085,3159,46,1,4,1,0
SS-03086,5742,14,0,0,0,0
SS-03087,2486,15,0,2,1,0
SS-03088,13496,23,0,8,1,0
SS-03089,7908,208,0,46,1,0
SS-03090,12590,99,1,2,0,0
SS-03091,6841,30,0,11,1,1
SS-03092,7063,20,1,13,1,0
SS-03093,6905,93,0,5,1,0
SS-03094,5818,101,0,3,0,0
SS-03095,8054,2,0,4,0,0
SS-03096,18175,23,1,9,1,1
SS-03097,6000,51,1,13,1,0
SS-03098,7897,2,0,4,1,0
SS-03099,23999,24,0,8,1,0
SS-03100,4582,31,0,0,0,0
SS-03101,5671,4,0,0,1,0
SS-03102,7238,53,1,2,1,0
SS-03103,6191,95,0,17,1,0
SS-03104,7565,29,0,7,1,0
SS-03105,3769,11,0,40,1,1
SS-03106,27280,1,0,0,1,0
SS-03107,6546,56,0,1,1,0
SS-03108,6785,45,0,8,0,0
SS-03109,2454,10,0,9,0,0
SS-03110,28670,38,0,49,1,0
SS-03111,3631,142,1,2,0,0
SS-03112,7664,72,2,25,1,0
SS-03113,25809,4,0,3,1,0
SS-03114,8871,18,0,1,1,0
SS-03115,10705,1,1,2,1,0
SS-03116,5380,94,1,7,1,0
SS-03117,15098,93,2,8,1,0
SS-03118,8760,123,0,22,1,0
SS-03119,6008,22,1,3,0,0
SS-03120,9092,28,0,8,0,0
SS-03121,12204,31,0,4,0,0
SS-03122,3224,9,0,9,1,0
SS-03123,17517,16,0,1,1,0
SS-03124,3996,59,1,7,1,0
SS-03125,1454,160,0,22,1,0
SS-03126,5526,80,1,27,1,0
SS-03127,18895,25,1,6,1,0
SS-03128,4090,63,0,3,1,0
SS-03129,5084,100,0,1,0,0
SS-03130,20817,31,0,1,1,0
SS-03131,22699,17,1,10,0,1
SS-03132,4557,69,0,1,0,0
SS-03133,2037,19,1,1,0,0
SS-03134,4815,4,0,4,1,0
SS-03135,5504,60,0,9,0,0
SS-03136,8897,10,0,17,1,0
SS-03137,613,25,0,3,1,0
SS-03138,7570,69,0,12,1,0
SS-03139,16736,6,0,35,0,1
SS-03140,12282,240,0,2,0,0
SS-03141,8098,57,0,3,1,0
SS-03142,17943,26,1,3,1,0
SS-03143,8960,7,0,2,1,0
SS-03144,5542,13,0,13,0,0
SS-03145,5467,40,0,7,1,0
SS-03146,2960,139,1,5,1,0
SS-03147,9467,6,0,14,0,0
SS-03148,6835,121,2,3,1,0
SS-03149,3067,4,0,1,1,0
SS-03150,5686,240,0,2,1,0
SS-03151,12522,67,1,8,1,0
SS-03152,31569,58,0,4,1,0
SS-03153,8051,18,0,1,0,0
SS-03154,8695,1,0,6,1,0
SS-03155,11843,78,2,1,0,0
SS-03156,8358,180,1,2,1,0
SS-03157,8383,1,0,1,0,0
SS-03158,7346,58,0,0,0,0
SS-03159,8772,189,1,6,1,0
SS-03160,16283,13,0,0,1,0
SS-03161,15278,8,0,6,0,0
SS-03162,14214,240,0,7,0,0
SS-03163,19388,15,0,3,0,0
SS-03164,7710,64,0,1,1,0
SS-03165,25137,11,0,2,1,0
SS-03166,24000,5,0,3,1,0
SS-03167,2868,87,0,3,1,0
SS-03168,3205,57,0,8,0,0
SS-03169,6216,3,2,19,1,1
SS-03170,14906,31,0,2,0,0
SS-03171,5301,3,0,5,1,0
SS-03172,8124,30,0,11,0,0
SS-03173,6672,4,0,3,0,0
SS-03174,12428,61,1,6,1,0
SS-03175,8322,32,0,3,1,0
SS-03176,20839,5,0,9,1,0
SS-03177,3174,27,0,1,1,0
SS-03178,15178,10,1,2,0,0
SS-03179,7951,147,0,6,1,0
SS-03180,8068,19,0,1,1,0
SS-03181,15415,24,0,7,1,0
SS-03182,2438,44,0,5,1,0
SS-03183,16950,3,1,10,0,0
SS-03184,14798,22,0,7,1,0
SS-03185,29232,23,0,0,1,0
SS-03186,8156,72,0,16,1,0
SS-03187,4610,100,0,6,1,0
SS-03188,47400,39,0,10,1,0
SS-03189,4730,6,0,5,1,0
SS-03190,9863,7,0,6,1,0
SS-03191,8130,36,0,13,1,0
SS-03192,12128,20,1,13,1,0
SS-03193,28657,14,0,0,1,0
SS-03194,2379,6,0,14,0,0
SS-03195,4995,21,0,1,0,0
SS-03196,11270,34,0,3,1,0
SS-03197,9594,9,0,4,1,0
SS-03198,13537,17,1,2,0,0
SS-03199,9018,21,1,4,1,0
SS-03200,8145,21,1,1,1,0
SS-03201,7852,18,0,9,0,0
SS-03202,18470,8,0,19,0,0
SS-03203,4499,57,0,3,1,0
SS-03204,6415,94,2,0,0,0
SS-03205,5797,45,0,6,1,0
SS-03206,11270,4,0,4,1,0
SS-03207,8998,4,0,3,0,0
SS-03208,2704,26,0,1,1,0
SS-03209,3037,18,0,4,1,0
SS-03210,16290,21,0,6,1,0
SS-03211,12379,58,1,5,0,0
SS-03212,4273,45,0,3,1,0
SS-03213,33359,30,1,1,1,0
SS-03214,4055,32,0,5,1,0
SS-03215,2101,10,0,21,1,0
SS-03216,6977,18,0,5,1,0
SS-03217,6364,181,0,0,1,0
SS-03218,13073,21,2,39,0,1
SS-03219,5506,1,0,10,0,0
SS-03220,4735,64,1,37,0,0
SS-03221,16511,23,0,1,1,0
SS-03222,2635,69,1,11,1,0
SS-03223,7200,43,0,1,0,0
SS-03224,17791,10,1,16,1,0
SS-03225,13712,75,0,7,0,0
SS-03226,8344,12,1,6,1,0
SS-03227,5759,111,0,4,0,0
SS-03228,3731,50,0,7,1,0
SS-03229,4893,64,0,2,0,0
SS-03230,23672,15,0,9,1,0
SS-03231,11687,34,0,6,0,0
SS-03232,25899,26,0,1,0,0
SS-03233,5454,25,0,18,1,0
SS-03234,18739,42,2,3,1,0
SS-03235,17313,76,0,17,0,0
SS-03236,7820,21,0,1,1,0
SS-03237,1858,20,0,16,1,0
SS-03238,5068,42,1,1,1,0
SS-03239,6504,77,0,3,1,0
SS-03240,12775,46,0,2,1,0
SS-03241,3484,11,0,0,0,0
SS-03242,9569,10,0,4,1,1
SS-03243,4351,31,0,0,0,0
SS-03244,12696,37,0,19,0,1
SS-03245,9055,20,0,15,1,0
SS-03246,13134,30,0,1,1,0
SS-03247,4064,35,0,9,1,0
SS-03248,12010,16,0,3,1,0
SS-03249,5020,40,1,2,0,0
SS-03250,24256,55,0,7,1,0
SS-03251,9093,23,0,1,0,0
SS-03252,3147,5,1,1,1,0
SS-03253,9447,45,1,1,1,0
SS-03254,18864,21,2,36,0,1
SS-03255,2474,14,0,5,1,0
SS-03256,5119,40,0,1,1,0
SS-03257,3114,16,2,22,0,1
SS-03258,11359,129,0,5,1,0
SS-03259,3565,135,1,8,1,0
SS-03260,1724,90,0,16,1,0
SS-03261,6347,146,0,0,1,0
SS-03262,2133,59,1,5,1,0
SS-03263,5090,59,0,2,0,0
SS-03264,9078,49,0,2,1,0
SS-03265,11218,5,0,3,1,0
SS-03266,21604,104,0,10,1,0
SS-03267,27915,20,0,15,1,0
SS-03268,3891,43,0,9,1,0
SS-03269,18748,27,1,1,0,1
SS-03270,15724,1,0,2,0,0
SS-03271,2948,12,1,2,1,0
SS-03272,5747,11,1,4,1,0
SS-03273,3319,8,0,12,0,0
SS-03274,5181,52,0,1,1,0
SS-03275,10016,96,0,4,1,0
SS-03276,18865,28,0,6,1,0
SS-03277,4481,3,0,3,0,0
SS-03278,14126,5,0,1,1,0
SS-03279,16042,171,0,4,0,0
SS-03280,11654,43,1,24,0,0
SS-03281,14295,132,0,7,1,0
SS-03282,5628,7,0,1,0,0
SS-03283,6456,10,0,5,1,0
SS-03284,1907,93,0,10,1,0
SS-03285,6260,16,0,8,1,1
SS-03286,6340,17,0,4,0,0
SS-03287,16626,1,2,2,0,0
SS-03288,9769,5,0,5,1,0
SS-03289,8786,19,0,0,1,0
SS-03290,6170,2,0,25,1,0
SS-03291,736,81,0,7,0,0
SS-03292,3494,19,0,0,1,0
SS-03293,7260,41,0,4,0,0
SS-03294,6921,42,0,5,0,0
SS-03295,2688,13,0,22,1,0
SS-03296,17661,1,0,1,0,0
SS-03297,3050,34,0,21,0,0
SS-03298,6143,17,1,3,1,0
SS-03299,10956,26,0,1,1,0
SS-03300,3965,206,0,17,1,0
SS-03301,24201,81,0,19,1,0
SS-03302,7992,67,1,14,1,0
SS-03303,3392,78,0,15,1,0
SS-03304,4162,37,0,5,0,0
SS-03305,11954,40,0,10,0,0
SS-03306,16172,12,0,18,1,0
SS-03307,5380,90,1,4,0,0
SS-03308,8872,20,0,8,0,0
SS-03309,7288,20,0,3,0,0
SS-03310,9830,2,0,0,1,0
SS-03311,11683,43,1,0,1,0
SS-03312,2026,43,0,1,1,0
SS-03313,9420,62,0,31,1,1
SS-03314,10126,4,0,39,1,0
SS-03315,3194,56,1,5,1,0
SS-03316,3022,28,0,2,0,0
SS-03317,18901,59,0,13,1,0
SS-03318,10117,13,0,4,1,0
SS-03319,12127,9,1,2,1,0
SS-03320,7275,44,0,4,1,0
SS-03321,6173,60,1,6,1,0
SS-03322,11211,31,0,10,1,0
SS-03323,2007,1,1,1,0,0
SS-03324,6451,67,0,2,1,0
SS-03325,5263,7,1,8,1,0
SS-03326,3503,26,0,0,0,0
SS-03327,19522,84,2,4,0,1
SS-03328,5520,59,0,3,1,0
SS-03329,13895,64,0,12,0,0
SS-03330,4433,26,0,3,1,0
SS-03331,17273,34,2,0,1,0
SS-03332,9439,29,0,9,1,0
SS-03333,5440,1,1,4,1,0
SS-03334,9676,35,0,11,1,0
SS-03335,3916,89,0,9,0,0
SS-03336,4585,5,0,1,1,0
SS-03337,25670,112,0,10,1,0
SS-03338,6440,83,0,18,0,0
SS-03339,25876,107,0,3,1,0
SS-03340,11007,21,0,7,0,0
SS-03341,7943,35,0,17,1,0
SS-03342,27971,137,0,3,1,0
SS-03343,4387,47,1,35,0,1
SS-03344,32396,1,0,7,0,0
SS-03345,19414,38,0,7,0,0
SS-03346,5542,80,1,18,1,0
SS-03347,5140,46,1,2,1,0
SS-03348,5057,2,0,25,0,0
SS-03349,11065,90,0,20,1,0
SS-03350,2733,95,0,9,1,0
SS-03351,7001,19,2,3,1,0
SS-03352,11326,2,0,5,1,0
SS-03353,2080,14,1,4,0,0
SS-03354,3435,16,1,1,1,0
SS-03355,13862,68,0,10,0,0
SS-03356,5214,4,0,22,1,0
SS-03357,6757,17,0,6,1,0
SS-03358,4764,75,0,5,1,0
SS-03359,17154,41,0,6,1,0
SS-03360,5189,33,0,2,1,0
SS-03361,13754,4,0,17,0,0
SS-03362,7410,60,1,1,0,0
SS-03363,6321,4,0,1,1,0
SS-03364,4624,133,0,10,1,0
SS-03365,10589,4,1,5,1,0
SS-03366,11587,21,0,6,1,0
SS-03367,9111,104,1,2,1,0
SS-03368,3182,55,0,3,0,0
SS-03369,12551,1,0,1,1,0
SS-03370,3894,10,1,3,1,0
SS-03371,4512,76,1,0,0,0
SS-03372,17287,4,1,20,1,0
SS-03373,12990,9,1,1,1,0
SS-03374,25504,17,0,1,0,0
SS-03375,16201,75,1,1,0,0
SS-03376,9914,9,1,8,1,0
SS-03377,5511,13,0,4,1,0
SS-03378,5905,25,1,17,1,0
SS-03379,7913,96,0,1,1,0
SS-03380,10111,81,0,1,0,0
SS-03381,12693,20,0,11,0,0
SS-03382,6448,58,1,1,1,0
SS-03383,5964,5,0,6,1,0
SS-03384,3413,51,1,3,0,0
SS-03385,8738,185,0,11,0,0
SS-03386,27172,36,0,12,0,0
SS-03387,14417,45,1,2,1,0
SS-03388,3367,29,0,3,1,0
SS-03389,13141,133,0,10,1,0
SS-03390,6073,8,0,8,1,0
SS-03391,29192,60,0,23,1,0
SS-03392,5394,42,1,5,0,1
SS-03393,8874,71,1,11,1,0
SS-03394,2562,134,0,29,1,0
SS-03395,24396,85,0,4,0,0
SS-03396,8959,56,1,0,1,0
SS-03397,17193,33,0,1,1,0
SS-03398,21902,149,0,2,1,0
SS-03399,1371,2,0,2,0,0
SS-03400,30466,129,0,9,1,0
SS-03401,2932,29,0,11,0,0
SS-03402,19974,76,0,13,0,0
SS-03403,2371,41,0,2,1,0
SS-03404,12910,46,0,1,1,0
SS-03405,35753,26,0,4,1,0
SS-03406,58217,52,0,1,1,0
SS-03407,6805,30,0,23,0,0
SS-03408,5577,21,1,0,1,0
SS-03409,5051,3,0,2,1,0
SS-03410,5256,23,0,1,1,1
SS-03411,7471,11,0,11,0,1
SS-03412,41888,65,1,16,1,0
SS-03413,16512,48,1,18,0,0
SS-03414,9052,9,1,2,1,0
SS-03415,5245,50,0,10,1,0
SS-03416,2620,50,0,1,1,0
SS-03417,9969,21,0,6,1,0
SS-03418,9724,30,0,0,1,0
SS-03419,16001,66,0,1,0,0
SS-03420,6638,65,0,9,1,0
SS-03421,2810,51,0,11,0,0
SS-03422,85281,7,2,30,0,1
SS-03423,8479,23,0,2,0,0
SS-03424,16883,43,0,0,1,0
SS-03425,2439,14,0,8,1,0
SS-03426,5052,12,0,9,1,0
SS-03427,15261,42,0,7,1,0
SS-03428,7475,26,0,10,1,0
SS-03429,9318,14,0,1,0,1
SS-03430,7203,103,1,6,1,0
SS-03431,17015,42,0,22,1,0
SS-03432,11760,16,0,7,1,0
SS-03433,5722,2,1,7,1,0
SS-03434,21630,15,0,10,1,0
SS-03435,25868,19,0,5,1,0
SS-03436,19732,19,0,2,1,0
SS-03437,7229,26,0,4,1,0
SS-03438,6060,38,0,2,1,0
SS-03439,3995,21,1,9,1,0
SS-03440,9154,17,1,5,0,0
SS-03441,2656,9,0,7,1,0
SS-03442,2803,10,0,0,0,0
SS-03443,3435,99,0,7,0,0
SS-03444,7835,43,1,2,1,0
SS-03445,2636,43,1,3,0,0
SS-03446,9813,16,0,6,0,0
SS-03447,22039,30,0,10,1,0
SS-03448,11359,43,0,3,1,0
SS-03449,5839,30,0,5,1,0
SS-03450,1564,24,0,1,1,0
SS-03451,11114,175,0,2,1,0
SS-03452,9671,39,0,17,0,0
SS-03453,8051,56,0,30,0,0
SS-03454,12670,109,0,2,1,0
SS-03455,11155,14,1,4,1,0
SS-03456,6133,12,0,22,1,0
SS-03457,1002,88,2,13,0,0
SS-03458,22858,3,0,8,1,0
SS-03459,11665,3,0,14,1,0
SS-03460,19222,33,2,1,1,0
SS-03461,5334,5,2,36,0,0
SS-03462,3697,8,0,4,1,0
SS-03463,3374,15,0,14,1,0
SS-03464,30371,17,0,16,1,0
SS-03465,8957,77,0,0,1,0
SS-03466,6886,51,0,5,0,0
SS-03467,6642,68,0,5,0,0
SS-03468,8535,129,0,7,1,0
SS-03469,8248,65,1,1,1,0
SS-03470,25045,29,0,9,0,1
SS-03471,12108,40,0,11,1,0
SS-03472,21113,28,1,10,0,0
SS-03473,10311,32,0,6,1,0
SS-03474,2368,33,1,5,1,0
SS-03475,1411,136,0,17,1,0
SS-03476,5627,1,0,2,1,0
SS-03477,24190,26,0,10,1,0
SS-03478,5587,2,1,3,0,0
SS-03479,7260,65,0,3,1,0
SS-03480,12243,17,1,1,1,0
SS-03481,10259,240,2,5,0,0
SS-03482,5868,9,0,18,1,0
SS-03483,2764,8,0,3,1,0
SS-03484,1155,5,0,5,1,0
SS-03485,2498,30,0,21,1,0
SS-03486,2553,50,0,14,1,0
SS-03487,17240,107,0,1,1,0
SS-03488,6027,44,1,6,1,0
SS-03489,12932,94,0,2,1,0
SS-03490,5801,77,1,7,1,0
SS-03491,9411,47,1,7,1,0
SS-03492,4592,45,1,0,0,0
SS-03493,16739,47,0,0,0,0
SS-03494,13664,106,1,27,0,0
SS-03495,27177,20,2,0,1,0
SS-03496,16074,11,0,12,1,0
SS-03497,4775,60,0,10,1,0
SS-03498,4159,19,0,3,1,0
SS-03499,5571,40,0,1,1,0
SS-03500,11502,109,1,2,1,0
SS-03501,3368,12,1,28,0,0
SS-03502,5994,1,0,4,1,0
SS-03503,7730,18,2,12,0,1
SS-03504,3330,14,2,3,0,0
SS-03505,3816,24,0,1,1,0
SS-03506,4554,41,0,29,1,0
SS-03507,17137,83,0,8,0,0
SS-03508,5692,20,3,6,1,1
SS-03509,7023,87,1,3,1,0
SS-03510,6651,162,0,8,1,0
SS-03511,2013,105,0,4,0,0
SS-03512,24854,107,1,2,1,0
SS-03513,6438,20,0,2,1,0
SS-03514,22646,95,0,1,1,0
SS-03515,8207,17,0,4,0,0
SS-03516,22643,33,0,1,1,0
SS-03517,4686,60,0,21,1,0
SS-03518,4748,106,0,2,1,0
SS-03519,16168,3,2,10,0,1
SS-03520,9174,50,0,2,0,0
SS-03521,11738,38,0,5,1,0
SS-03522,16612,24,1,3,0,0
SS-03523,12967,22,0,6,1,0
SS-03524,12253,85,1,23,1,0
SS-03525,13466,58,0,4,0,0
SS-03526,2845,48,1,6,1,0
SS-03527,7828,112,0,6,0,0
SS-03528,11905,2,1,0,1,0
SS-03529,4514,155,1,9,1,0
SS-03530,7910,31,0,11,1,0
SS-03531,8215,2,0,8,0,0
SS-03532,7834,105,0,8,0,0
SS-03533,9108,20,0,10,1,0
SS-03534,10573,45,1,4,1,0
SS-03535,9694,20,1,9,0,0
SS-03536,3290,5,0,6,0,0
SS-03537,11785,16,0,1,1,0
SS-03538,10781,1,1,3,1,0
SS-03539,2526,66,0,6,0,0
SS-03540,11642,60,0,4,1,0
SS-03541,12820,53,0,14,0,0
SS-03542,15777,70,0,0,1,0
SS-03543,10150,237,0,5,1,0
SS-03544,10726,11,0,3,1,0
SS-03545,10902,59,0,6,1,0
SS-03546,2393,10,0,6,1,0
SS-03547,6844,1,1,3,0,0
SS-03548,6732,89,0,3,1,0
SS-03549,4995,24,0,2,1,0
SS-03550,7309,183,0,7,1,0
SS-03551,17812,43,0,1,0,0
SS-03552,7855,1,0,0,0,0
SS-03553,15827,13,0,25,0,1
SS-03554,4726,37,1,12,1,0
SS-03555,1978,38,1,1,1,0
SS-03556,5256,12,0,6,1,0
SS-03557,6346,16,0,9,1,0
SS-03558,4159,5,1,1,0,0
SS-03559,11268,23,1,14,1,0
SS-03560,4117,80,0,0,0,0
SS-03561,6966,45,0,9,1,0
SS-03562,11730,124,1,4,1,0
SS-03563,3360,10,0,1,1,0
SS-03564,4590,78,0,5,1,0
SS-03565,6346,117,0,4,0,0
SS-03566,7806,70,0,24,1,0
SS-03567,6550,9,0,0,1,0
SS-03568,10265,23,0,9,1,0
SS-03569,11819,22,0,2,1,0
SS-03570,3014,51,1,0,1,0
SS-03571,5467,26,1,10,1,0
SS-03572,9533,68,0,12,1,0
SS-03573,1711,22,0,7,0,0
SS-03574,15440,161,0,0,0,0
SS-03575,9157,68,2,2,1,0
SS-03576,35093,29,0,4,1,0
SS-03577,4662,58,0,15,1,0
SS-03578,3668,10,0,3,1,0
SS-03579,1057,35,0,15,0,0
SS-03580,4888,2,0,18,0,1
SS-03581,2664,34,1,0,1,0
SS-03582,4988,47,1,1,1,0
SS-03583,4181,11,0,6,1,0
SS-03584,7983,43,0,0,0,0
SS-03585,6680,20,0,2,0,0
SS-03586,9639,1,0,5,1,0
SS-03587,6888,60,1,16,1,0
SS-03588,17926,6,0,1,1,0
SS-03589,7062,21,0,6,0,0
SS-03590,3169,72,0,6,1,0
SS-03591,3412,3,0,23,0,0
SS-03592,2941,40,0,16,0,0
SS-03593,6767,4,0,1,0,0
SS-03594,2885,18,0,0,1,0
SS-03595,4136,68,0,12,0,0
SS-03596,8966,4,0,9,1,0
SS-03597,18845,9,0,14,1,0
SS-03598,12564,65,0,4,1,0
SS-03599,6058,57,1,0,1,0
SS-03600,9312,76,2,4,1,0
SS-03601,19234,81,0,3,1,0
SS-03602,19911,87,1,1,1,0
SS-03603,2786,78,1,3,1,0
SS-03604,9133,4,0,1,1,0
SS-03605,3912,108,0,9,1,0
SS-03606,4012,25,1,5,0,0
SS-03607,18330,41,1,3,1,0
SS-03608,15627,10,1,17,1,0
SS-03609,5375,69,0,6,0,0
SS-03610,11573,34,0,4,1,0
SS-03611,3096,51,0,26,1,0
SS-03612,14963,83,0,1,1,0
SS-03613,2618,33,2,1,1,0
SS-03614,10159,38,0,3,1,0
SS-03615,11469,15,0,8,1,0
SS-03616,7811,19,0,2,1,0
SS-03617,22564,53,1,22,0,0
SS-03618,7239,14,0,10,0,0
SS-03619,2329,13,0,1,0,0
SS-03620,6745,49,0,8,1,0
SS-03621,11311,65,1,2,1,0
SS-03622,6598,45,0,22,1,0
SS-03623,10749,3,2,2,1,0
SS-03624,19646,53,0,6,1,0
SS-03625,2116,38,0,5,1,0
SS-03626,25133,60,1,3,1,0
SS-03627,5989,42,1,7,1,0
SS-03628,13118,9,0,19,1,0
SS-03629,18135,1,0,17,0,0
SS-03630,22766,21,0,3,1,0
SS-03631,6625,19,0,11,0,0
SS-03632,14217,41,1,6,1,0
SS-03633,26132,14,0,20,0,0
SS-03634,12968,55,0,1,1,0
SS-03635,3050,13,0,4,1,0
SS-03636,21029,25,0,9,1,0
SS-03637,7526,22,0,7,1,0
SS-03638,10883,161,0,5,1,0
SS-03639,24290,14,2,3,0,1
SS-03640,43854,34,0,9,1,0
SS-03641,7135,7,0,7,1,0
SS-03642,27426,17,1,1,0,0
SS-03643,9640,13,0,19,0,0
SS-03644,5303,48,0,4,1,0
SS-03645,9910,60,1,1,1,0
SS-03646,6530,32,0,10,0,0
SS-03647,79359,8,2,14,1,0
SS-03648,8241,3,0,9,0,0
SS-03649,19662,52,0,2,1,0
SS-03650,5687,4,0,9,1,0
SS-03651,29077,7,1,8,1,0
SS-03652,6579,36,1,0,1,0
SS-03653,12340,240,0,3,1,0
SS-03654,3961,15,1,4,0,0
SS-03655,9832,15,0,6,1,0
SS-03656,6859,13,0,3,0,0
SS-03657,4488,52,0,3,1,0
SS-03658,12767,39,0,7,1,0
SS-03659,29623,20,0,15,1,0
SS-03660,1625,29,0,9,1,0
SS-03661,6278,8,0,2,1,0
SS-03662,15485,20,1,1,1,0
SS-03663,22477,71,1,4,1,0
SS-03664,7255,38,0,3,1,0
SS-03665,1359,11,0,9,1,0
SS-03666,14262,64,1,10,0,0
SS-03667,13337,34,0,1,1,0
SS-03668,11046,48,0,1,1,0
SS-03669,9358,39,0,3,1,0
SS-03670,4023,62,2,12,1,0
SS-03671,4886,22,0,2,1,0
SS-03672,11422,5,0,4,1,0
SS-03673,7640,53,0,15,1,0
SS-03674,10515,11,1,2,1,0
SS-03675,4421,15,0,31,0,0
SS-03676,20974,36,0,3,1,0
SS-03677,2832,117,0,0,1,0
SS-03678,5192,68,0,20,1,0
SS-03679,6107,76,0,2,1,0
SS-03680,8113,6,2,12,1,0
SS-03681,8533,22,0,3,1,0
SS-03682,14709,96,1,9,1,0
SS-03683,10148,105,0,0,1,0
SS-03684,5371,18,0,5,0,0
SS-03685,5008,65,0,8,1,0
SS-03686,3250,15,2,12,1,0
SS-03687,3652,31,0,0,1,0
SS-03688,3062,10,1,15,1,1
SS-03689,10972,39,0,4,1,0
SS-03690,9847,23,0,14,0,0
SS-03691,17895,98,1,13,0,0
SS-03692,3976,106,0,0,1,0
SS-03693,6310,110,0,4,0,0
SS-03694,15588,100,0,35,1,0
SS-03695,5716,23,0,0,0,0
SS-03696,14293,35,0,3,1,0
SS-03697,1315,16,2,13,0,0
SS-03698,6540,7,1,14,1,0
SS-03699,6937,1,0,5,1,0
SS-03700,13020,63,0,1,1,0
SS-03701,7722,9,0,4,0,0
SS-03702,3563,35,0,15,0,0
SS-03703,1338,33,0,1,1,0
SS-03704,2278,19,0,3,1,0
SS-03705,9733,23,1,1,1,0
SS-03706,5662,12,0,46,0,1
SS-03707,14074,33,0,4,0,0
SS-03708,11465,96,0,2,1,0
SS-03709,52209,21,0,5,0,0
SS-03710,18403,13,2,1,0,0
SS-03711,8940,33,1,3,1,0
SS-03712,8190,30,0,10,1,0
SS-03713,7037,36,0,1,1,0
SS-03714,14138,39,0,22,1,0
SS-03715,38422,5,0,27,1,1
SS-03716,3149,68,1,34,1,0
SS-03717,7272,52,0,6,1,0
SS-03718,1759,138,0,2,1,0
SS-03719,15359,15,1,13,1,0
SS-03720,4698,11,1,2,1,0
SS-03721,4159,53,1,14,0,0
SS-03722,14554,27,0,3,1,1
SS-03723,6877,52,0,0,1,0
SS-03724,11393,137,0,5,1,0
SS-03725,8035,31,0,9,1,0
SS-03726,28618,30,0,7,1,0
SS-03727,9693,33,0,7,0,0
SS-03728,8933,8,0,16,1,0
SS-03729,6738,18,0,11,1,0
SS-03730,6596,118,0,0,1,0
SS-03731,2944,46,1,9,0,0
SS-03732,6611,73,1,9,1,0
SS-03733,5133,39,1,3,0,0
SS-03734,6228,154,0,3,1,0
SS-03735,7177,106,0,11,0,0
SS-03736,5678,1,0,9,1,0
SS-03737,11016,136,1,1,1,0
SS-03738,10437,13,0,1,1,0
SS-03739,11419,9,1,9,1,0
SS-03740,2666,37,0,5,1,0
SS-03741,10510,107,0,10,1,0
SS-03742,4138,21,0,1,1,0
SS-03743,51988,51,2,1,1,0
SS-03744,10808,44,0,0,1,0
SS-03745,6121,19,0,1,1,0
SS-03746,7057,17,1,1,1,0
SS-03747,3341,5,0,7,1,0
SS-03748,7908,28,0,0,0,0
SS-03749,22373,21,0,1,1,0
SS-03750,12225,9,0,1,1,0
SS-03751,19686,28,0,4,1,0
SS-03752,4212,23,1,2,1,0
SS-03753,5761,186,2,4,1,0
SS-03754,5973,1,0,5,0,0
SS-03755,12292,69,0,7,1,0
SS-03756,14714,3,0,11,1,0
SS-03757,7400,7,2,6,1,1
SS-03758,4320,20,0,2,0,0
SS-03759,6744,8,0,5,0,0
SS-03760,3111,14,0,15,0,0
SS-03761,10428,27,0,8,0,0
SS-03762,15238,7,2,5,0,1
SS-03763,3414,34,0,3,1,0
SS-03764,7317,81,0,1,0,0
SS-03765,6284,153,0,1,1,0
SS-03766,14320,57,0,6,0,0
SS-03767,3201,47,1,3,1,0
SS-03768,18968,147,0,7,1,0
SS-03769,4160,154,0,21,1,0
SS-03770,6789,3,1,19,0,0
SS-03771,2521,37,0,1,1,0
SS-03772,16670,172,0,8,1,0
SS-03773,11659,11,1,13,0,1
SS-03774,17557,92,0,2,1,0
SS-03775,2558,49,0,5,1,0
SS-03776,4556,8,0,8,0,0
SS-03777,9958,41,0,8,1,0
SS-03778,9200,39,0,19,1,0
SS-03779,31970,29,0,3,0,0
SS-03780,12430,77,0,10,1,0
SS-03781,3385,120,0,4,0,0
SS-03782,13474,1,0,6,1,0
SS-03783,5461,33,0,9,1,0
SS-03784,14865,29,0,10,0,0
SS-03785,6654,45,0,23,1,0
SS-03786,8351,84,0,9,1,0
SS-03787,13093,68,0,4,0,0
SS-03788,10644,34,0,46,1,0
SS-03789,9816,83,1,2,1,0
SS-03790,24484,32,0,12,0,0
SS-03791,2695,2,0,5,0,0
SS-03792,11701,103,1,4,1,0
SS-03793,5183,32,0,3,1,0
SS-03794,28717,59,0,1,1,0
SS-03795,8419,240,0,5,1,0
SS-03796,6343,45,0,22,0,1
SS-03797,17518,64,0,11,1,0
SS-03798,4206,17,0,7,1,0
SS-03799,19193,11,0,12,1,0
SS-03800,5427,212,0,3,1,0
SS-03801,14143,8,0,3,0,0
SS-03802,5704,12,0,6,1,0
SS-03803,20889,6,0,5,1,0
SS-03804,14512,38,0,5,1,0
SS-03805,5106,80,0,2,1,0
SS-03806,19875,8,0,13,0,0
SS-03807,22277,43,1,1,1,0
SS-03808,7323,52,0,14,0,0
SS-03809,5056,23,1,5,1,0
SS-03810,8354,2,0,1,0,0
SS-03811,8902,13,2,15,0,1
SS-03812,4155,4,0,4,1,0
SS-03813,12950,68,0,1,0,0
SS-03814,3786,37,0,5,1,0
SS-03815,8537,37,0,1,1,0
SS-03816,9761,12,0,10,0,0
SS-03817,4963,105,0,2,1,0
SS-03818,32031,38,0,9,0,0
SS-03819,10552,7,0,2,1,0
SS-03820,11460,4,4,10,1,1
SS-03821,4413,55,0,6,1,0
SS-03822,9170,35,0,7,1,0
SS-03823,9397,34,0,3,0,0
SS-03824,10000,177,0,4,0,0
SS-03825,4108,68,0,19,0,0
SS-03826,3876,2,0,3,1,0
SS-03827,9074,58,0,4,1,0
SS-03828,5356,6,1,6,0,0
SS-03829,22009,31,1,0,1,0
SS-03830,17563,26,0,5,1,0
SS-03831,11629,36,0,21,1,0
SS-03832,16878,89,0,36,1,0
SS-03833,2586,29,0,2,1,0
SS-03834,4147,34,0,11,1,0
SS-03835,19511,15,0,0,1,0
SS-03836,23345,47,0,4,1,0
SS-03837,2575,76,0,1,0,0
SS-03838,7846,3,0,1,1,0
SS-03839,10803,3,1,4,1,0
SS-03840,10396,67,0,6,1,0
SS-03841,11566,2,1,3,1,0
SS-03842,5500,116,1,6,1,0
SS-03843,2682,3,0,4,1,0
SS-03844,16962,1,1,1,0,0
SS-03845,4633,26,0,8,1,0
SS-03846,7622,12,2,4,1,0
SS-03847,4394,11,0,11,0,0
SS-03848,2370,13,0,0,0,0
SS-03849,33517,218,0,2,0,0
SS-03850,11955,63,0,3,1,0
SS-03851,4260,8,0,2,1,0
SS-03852,26886,25,0,2,1,0
SS-03853,2748,9,0,18,0,0
SS-03854,8487,15,1,2,1,1
SS-03855,9594,59,0,2,1,0
SS-03856,9357,1,0,6,1,0
SS-03857,9329,72,1,12,1,0
SS-03858,2540,4,0,14,1,0
SS-03859,2029,35,1,7,0,0
SS-03860,2687,9,0,2,1,0
SS-03861,8161,86,0,13,1,0
SS-03862,14701,7,0,0,0,0
SS-03863,18210,151,0,9,0,0
SS-03864,13247,19,1,2,1,0
SS-03865,17002,127,0,0,1,0
SS-03866,8515,11,0,4,1,0
SS-03867,3586,9,0,2,0,1
SS-03868,5091,116,0,11,1,0
SS-03869,9168,34,0,11,0,0
SS-03870,6430,20,0,6,1,0
SS-03871,4896,47,2,1,1,0
SS-03872,2840,3,1,1,1,0
SS-03873,12207,35,0,2,1,0
SS-03874,5878,13,0,5,0,0
SS-03875,22017,25,0,1,1,0
SS-03876,4621,5,2,0,1,0
SS-03877,6860,86,0,9,1,0
SS-03878,8221,144,0,0,1,0
SS-03879,12158,114,0,11,0,0
SS-03880,4634,45,0,3,1,0
SS-03881,7450,14,0,16,0,0
SS-03882,23045,34,0,2,1,0
SS-03883,14375,44,0,8,1,0
SS-03884,6990,59,0,4,1,0
SS-03885,13582,49,0,0,1,0
SS-03886,9933,27,0,4,1,0
SS-03887,7970,2,0,2,0,0
SS-03888,4553,13,0,2,1,0
SS-03889,6116,139,0,10,0,0
SS-03890,7305,34,1,3,1,0
SS-03891,2526,60,1,5,0,0
SS-03892,6458,75,0,3,1,0
SS-03893,12811,13,0,0,1,0
SS-03894,9619,27,1,5,1,0
SS-03895,3964,14,0,3,1,1
SS-03896,5562,55,0,3,1,0
SS-03897,19007,202,1,4,1,0
SS-03898,5901,75,1,7,1,0
SS-03899,2827,45,0,1,1,0
SS-03900,20460,19,1,4,1,0
SS-03901,12643,29,0,22,1,0
SS-03902,5893,1,0,4,1,0
SS-03903,3120,28,0,37,1,0
SS-03904,13174,11,0,7,0,0
SS-03905,7320,14,0,5,1,0
SS-03906,7810,29,0,4,1,0
SS-03907,10889,35,0,6,1,0
SS-03908,5983,24,0,5,1,0
SS-03909,9895,18,0,6,0,0
SS-03910,9932,25,0,17,1,0
SS-03911,5599,28,0,12,0,0
SS-03912,3324,10,0,14,1,0
SS-03913,12410,85,1,20,1,0
SS-03914,10095,42,0,1,0,0
SS-03915,3724,3,0,3,1,0
SS-03916,13440,41,0,11,1,0
SS-03917,7054,52,0,11,1,0
SS-03918,11066,109,0,0,1,0
SS-03919,29845,22,0,5,1,0
SS-03920,21851,13,5,33,0,1
SS-03921,4238,12,0,5,0,0
SS-03922,3058,1,0,8,0,0
SS-03923,33649,8,2,4,1,0
SS-03924,14053,34,0,9,0,0
SS-03925,20293,36,1,12,1,0
SS-03926,15883,62,0,16,0,0
SS-03927,6326,1,2,1,1,0
SS-03928,6542,240,0,1,1,0
SS-03929,4955,1,1,1,1,0
SS-03930,13639,150,0,4,1,0
SS-03931,14656,9,0,9,1,0
SS-03932,11448,112,1,3,1,0
SS-03933,19381,43,0,18,0,0
SS-03934,6683,103,0,11,1,0
SS-03935,21855,7,0,11,1,0
SS-03936,2772,2,1,4,1,0
SS-03937,20025,86,1,19,1,0
SS-03938,8668,15,0,10,0,0
SS-03939,18889,51,1,2,1,0
SS-03940,4857,136,1,2,0,0
SS-03941,5541,21,0,7,1,0
SS-03942,15509,32,0,4,1,0
SS-03943,4510,29,3,13,0,0
SS-03944,9868,22,0,44,1,1
SS-03945,11665,76,0,7,1,0
SS-03946,11670,240,0,8,1,0
SS-03947,7384,81,1,3,1,0
SS-03948,1859,12,0,4,1,0
SS-03949,4574,101,1,4,1,0
SS-03950,24015,38,0,2,1,0
SS-03951,12487,79,1,0,1,0
SS-03952,6960,62,0,6,1,0
SS-03953,20927,129,0,1,1,0
SS-03954,13556,4,0,1,0,0
SS-03955,15472,39,0,4,0,0
SS-03956,3649,56,0,7,1,0
SS-03957,4594,54,0,0,1,0
SS-03958,13987,84,0,8,0,0
SS-03959,10038,8,2,1,1,0
SS-03960,6998,63,0,5,1,0
SS-03961,10794,47,0,1,1,0
SS-03962,2948,18,2,7,0,0
SS-03963,9287,72,1,4,0,0
SS-03964,8009,153,0,2,1,0
SS-03965,2179,59,0,2,1,0
SS-03966,14567,12,1,3,1,0
SS-03967,1737,1,0,7,1,0
SS-03968,11689,8,0,2,1,0
SS-03969,27000,11,0,4,1,0
SS-03970,8267,101,1,7,0,1
SS-03971,6457,96,0,5,1,0
SS-03972,3892,51,1,0,1,0
SS-03973,18270,19,0,14,1,0
SS-03974,8241,19,0,12,1,0
SS-03975,34461,1,1,6,1,0
SS-03976,6625,75,0,0,0,0
SS-03977,4197,4,0,7,1,0
SS-03978,8079,2,2,5,0,0
SS-03979,26282,28,0,2,1,0
SS-03980,7186,28,0,20,1,0
SS-03981,3072,6,0,0,1,0
SS-03982,9964,42,1,2,1,0
SS-03983,6641,51,0,1,1,0
SS-03984,7248,7,0,10,1,0
SS-03985,3434,2,1,4,0,0
SS-03986,4030,227,0,6,1,0
SS-03987,9254,8,0,12,1,0
SS-03988,3361,38,1,0,1,0
SS-03989,17749,75,0,0,1,0
SS-03990,13831,91,0,1,1,0
SS-03991,2744,137,0,0,0,0
SS-03992,14038,3,0,1,0,0
SS-03993,8348,240,1,10,1,0
SS-03994,7350,97,1,15,0,0
SS-03995,5642,31,0,0,1,0
SS-03996,3241,146,0,0,0,0
SS-03997,15756,3,0,4,0,0
SS-03998,3394,39,0,0,1,0
SS-03999,9093,1,0,5,1,0
SS-04000,11129,53,1,4,1,0
SS-04001,15327,106,0,26,0,0
SS-04002,15211,58,0,4,1,0
SS-04003,8549,82,1,5,1,0
SS-04004,34603,39,0,6,1,0
SS-04005,11581,27,0,4,1,0
SS-04006,16476,30,3,16,1,0
SS-04007,3167,51,1,6,0,0
SS-04008,5543,102,0,0,0,0
SS-04009,4147,21,0,2,0,0
SS-04010,7784,2,0,13,0,0
SS-04011,17349,17,0,10,1,0
SS-04012,11880,15,1,1,0,0
SS-04013,9683,31,0,2,1,0
SS-04014,3989,76,0,7,0,0
SS-04015,7622,29,0,4,1,0
SS-04016,12547,84,0,1,1,0
SS-04017,10451,28,0,3,0,0
SS-04018,7846,38,0,18,0,0
SS-04019,5545,14,1,3,1,0
SS-04020,3036,47,0,0,0,0
SS-04021,3361,68,1,16,1,0
SS-04022,4524,15,0,12,1,0
SS-04023,27270,29,0,11,1,0
SS-04024,4318,5,0,1,0,0
SS-04025,8797,5,1,2,0,1
SS-04026,4454,1,0,1,1,0
SS-04027,7616,64,0,3,0,0
SS-04028,3598,87,0,22,1,0
SS-04029,14957,42,1,5,1,0
SS-04030,7256,47,0,1,0,0
SS-04031,21639,30,0,10,1,0
SS-04032,6432,25,0,0,1,0
SS-04033,5169,122,0,1,1,0
SS-04034,4768,63,0,16,1,0
SS-04035,43474,7,1,12,0,0
SS-04036,4694,39,1,8,1,0
SS-04037,22477,47,0,2,1,0
SS-04038,1524,62,0,1,0,0
SS-04039,9943,39,1,3,0,0
SS-04040,3997,29,1,5,1,0
SS-04041,17871,7,1,21,0,1
SS-04042,11436,40,0,5,1,0
SS-04043,8998,157,0,7,1,0
SS-04044,7301,51,0,15,1,0
SS-04045,14213,60,0,1,1,0
SS-04046,3559,21,0,2,1,0
SS-04047,2547,27,0,24,1,0
SS-04048,12259,23,0,6,1,0
SS-04049,16275,131,0,8,1,0
SS-04050,17749,36,0,4,1,0
SS-04051,6852,83,0,2,1,0
SS-04052,7713,40,0,1,1,0
SS-04053,7564,8,1,8,1,0
SS-04054,13276,49,1,4,1,0
SS-04055,6922,42,0,13,1,0
SS-04056,8760,26,0,15,0,0
SS-04057,9856,57,0,7,0,0
SS-04058,11923,48,0,0,0,0
SS-04059,7825,33,1,3,0,0
SS-04060,3996,40,0,10,1,0
SS-04061,11088,117,1,5,0,0
SS-04062,6022,29,0,44,0,0
SS-04063,2536,81,0,8,1,0
SS-04064,12005,16,1,1,0,1
SS-04065,5072,74,0,1,0,0
SS-04066,4336,5,0,3,0,0
SS-04067,8962,9,1,3,1,0
SS-04068,43839,15,0,6,1,0
SS-04069,5001,44,0,10,1,0
SS-04070,35396,1,1,9,0,0
SS-04071,13118,9,0,1,1,0
SS-04072,6904,89,1,31,1,0
SS-04073,8395,1,0,6,1,0
SS-04074,3309,25,0,1,0,0
SS-04075,12075,1,0,39,1,0
SS-04076,8698,38,0,2,1,0
SS-04077,19362,2,1,7,0,0
SS-04078,6994,12,1,6,0,0
SS-04079,3903,83,1,6,1,0
SS-04080,3476,47,0,0,0,0
SS-04081,11094,18,0,2,0,0
SS-04082,9346,224,1,7,1,0
SS-04083,5883,12,0,3,0,0
SS-04084,15889,45,0,6,1,0
SS-04085,25134,47,0,7,1,0
SS-04086,3570,75,0,5,1,0
SS-04087,2577,10,0,7,1,0
SS-04088,3725,23,1,0,1,0
SS-04089,15088,27,1,3,0,0
SS-04090,11581,77,0,3,1,0
SS-04091,10940,76,0,3,0,0
SS-04092,14962,30,1,29,1,0
SS-04093,2329,8,0,0,1,0
SS-04094,8503,46,0,5,1,0
SS-04095,6507,45,0,3,0,0
SS-04096,4994,6,2,17,1,0
SS-04097,8833,4,0,12,0,0
SS-04098,8640,61,3,5,1,0
SS-04099,3341,10,0,6,1,0
SS-04100,20006,6,0,8,0,0
SS-04101,20541,49,0,1,1,0
SS-04102,15572,5,0,15,1,0
SS-04103,2159,16,0,3,1,0
SS-04104,17595,16,0,4,1,0
SS-04105,14062,78,0,1,1,0
SS-04106,7527,67,1,6,0,0
SS-04107,12146,35,0,3,1,0
SS-04108,6801,17,1,4,0,0
SS-04109,1071,31,1,5,1,0
SS-04110,12414,24,0,5,1,0
SS-04111,17236,138,0,11,1,0
SS-04112,4526,11,0,2,1,0
SS-04113,13268,83,1,9,0,0
SS-04114,9629,95,0,10,1,0
SS-04115,22692,83,0,3,1,0
SS-04116,5659,6,0,0,1,0
SS-04117,3286,20,0,2,0,0
SS-04118,22546,39,1,1,1,0
SS-04119,24025,6,1,2,1,0
SS-04120,5590,13,0,13,0,0
SS-04121,2676,54,0,7,1,0
SS-04122,6306,119,0,3,1,0
SS-04123,5722,16,0,3,1,0
SS-04124,6404,27,2,3,1,0
SS-04125,4911,14,1,8,0,0
SS-04126,7617,5,0,13,1,0
SS-04127,24313,57,0,3,1,0
SS-04128,6632,1,0,6,1,0
SS-04129,2780,54,0,5,0,0
SS-04130,4785,119,0,5,1,0
SS-04131,4941,15,0,11,0,0
SS-04132,9565,3,0,3,1,0
SS-04133,5325,13,0,5,1,0
SS-04134,27263,5,1,17,1,0
SS-04135,14198,12,0,6,1,0
SS-04136,3219,56,0,2,0,0
SS-04137,2506,34,2,16,1,0
SS-04138,11387,1,0,2,1,0
SS-04139,8245,46,0,26,1,0
SS-04140,7637,41,0,12,0,0
SS-04141,10437,39,0,1,1,0
SS-04142,6985,99,1,7,1,0
SS-04143,3167,15,0,4,1,0
SS-04144,12102,41,0,3,1,1
SS-04145,7036,158,0,4,0,0
SS-04146,2502,60,0,11,1,0
SS-04147,15082,32,0,3,1,0
SS-04148,4616,42,0,11,0,0
SS-04149,3226,12,0,8,0,0
SS-04150,4050,27,0,3,0,0
SS-04151,13045,72,0,5,0,0
SS-04152,4575,46,2,4,0,0
SS-04153,12414,9,0,4,0,0
SS-04154,10206,51,0,6,1,0
SS-04155,10018,11,0,4,1,0
SS-04156,10189,2,0,1,0,0
SS-04157,3655,111,0,23,1,0
SS-04158,3859,17,1,5,1,0
SS-04159,8719,61,0,5,0,0
SS-04160,10542,61,1,17,1,0
SS-04161,8577,52,0,3,1,0
SS-04162,15297,16,2,0,1,1
SS-04163,6414,17,0,22,1,0
SS-04164,22231,35,2,2,0,0
SS-04165,17345,20,0,2,1,0
SS-04166,12015,103,0,10,1,0
SS-04167,2528,2,0,2,0,0
SS-04168,12626,55,0,14,0,0
SS-04169,29266,76,2,15,1,0
SS-04170,8504,35,0,31,1,0
SS-04171,9134,54,0,8,0,0
SS-04172,3855,87,1,2,1,0
SS-04173,18804,17,0,11,1,0
SS-04174,5007,20,1,34,1,0
SS-04175,1310,6,0,19,1,0
SS-04176,11328,49,0,4,0,0
SS-04177,10631,32,0,4,0,0
SS-04178,17166,115,1,2,1,0
SS-04179,9749,4,0,10,1,0
SS-04180,24803,126,0,3,0,0
SS-04181,34962,11,0,16,1,1
SS-04182,3273,22,0,19,1,0
SS-04183,10926,45,2,2,1,0
SS-04184,17428,49,0,5,1,0
SS-04185,26932,42,1,4,1,0
SS-04186,21603,20,0,4,1,0
SS-04187,6864,214,0,2,1,0
SS-04188,75860,64,0,2,0,0
SS-04189,3647,31,0,7,1,0
SS-04190,9589,12,1,0,1,0
SS-04191,16163,8,0,12,1,0
SS-04192,9297,25,0,1,0,0
SS-04193,18613,12,1,5,0,0
SS-04194,8711,3,0,3,1,0
SS-04195,8653,5,0,1,1,0
SS-04196,5359,133,1,20,0,0
SS-04197,9865,12,0,11,1,0
SS-04198,4278,10,0,6,1,0
SS-04199,5146,176,0,2,1,0
SS-04200,4783,20,1,13,1,0
SS-04201,12179,27,0,8,1,0
SS-04202,22925,13,4,1,1,1
SS-04203,8780,11,0,4,0,0
SS-04204,2414,11,0,1,1,0
SS-04205,10570,1,1,17,1,0
SS-04206,4570,3,0,0,0,0
SS-04207,3476,112,0,20,1,0
SS-04208,10000,62,1,35,1,0
SS-04209,10298,11,0,7,0,0
SS-04210,8142,84,0,1,1,0
SS-04211,29531,45,0,1,1,0
SS-04212,3580,25,0,3,1,0
SS-04213,8987,27,0,23,1,0
SS-04214,2829,129,1,16,1,0
SS-04215,13899,42,0,3,1,0
SS-04216,2943,21,0,5,1,0
SS-04217,12718,29,0,0,1,0
SS-04218,2017,9,0,7,1,0
SS-04219,7360,3,1,2,0,0
SS-04220,11020,24,1,20,1,0
SS-04221,14679,21,0,2,0,0
SS-04222,6077,12,0,1,1,0
SS-04223,3167,68,0,2,0,0
SS-04224,6069,116,0,11,0,0
SS-04225,6702,74,0,9,0,0
SS-04226,3489,34,1,4,1,0
SS-04227,3808,40,1,1,1,0
SS-04228,6132,90,1,12,1,0
SS-04229,5717,15,0,6,0,0
SS-04230,13354,29,0,13,1,0
SS-04231,19616,24,1,9,0,0
SS-04232,1387,185,0,7,0,0
SS-04233,3080,7,0,9,1,0
SS-04234,7620,17,0,10,1,0
SS-04235,24498,34,0,5,1,0
SS-04236,12646,29,0,0,1,0
SS-04237,9226,94,0,10,1,0
SS-04238,3437,70,1,10,1,0
SS-04239,4885,59,0,4,1,0
SS-04240,8972,3,1,5,1,0
SS-04241,5426,4,0,9,1,0
SS-04242,10563,3,0,38,0,0
SS-04243,5660,22,0,1,1,0
SS-04244,13483,45,0,3,1,0
SS-04245,9588,48,0,4,1,0
SS-04246,7819,107,1,3,1,0
SS-04247,11441,33,0,2,1,0
SS-04248,16511,23,1,1,1,0
SS-04249,5948,35,1,6,1,0
SS-04250,5097,152,0,7,1,0
SS-04251,11543,128,0,5,1,0
SS-04252,5677,17,0,1,1,0
SS-04253,14319,5,0,8,1,0
SS-04254,23895,30,0,11,1,0
SS-04255,1863,72,0,1,0,0
SS-04256,23396,219,0,1,1,0
SS-04257,11767,2,0,2,0,0
SS-04258,3907,75,0,2,1,0
SS-04259,18733,72,0,3,1,0
SS-04260,7067,53,0,11,1,0
SS-04261,3897,21,0,1,0,0
SS-04262,19332,70,0,6,1,0
SS-04263,4144,199,0,1,0,0
SS-04264,6771,45,1,4,1,0
SS-04265,3656,119,0,16,0,0
SS-04266,3893,4,0,5,1,0
SS-04267,11706,4,0,4,1,0
SS-04268,12949,55,0,1,1,0
SS-04269,8555,113,0,3,1,0
SS-04270,3948,14,0,8,1,0
SS-04271,4929,67,0,18,1,0
SS-04272,9153,117,0,5,0,0
SS-04273,6049,3,0,9,1,0
SS-04274,3044,97,0,18,0,0
SS-04275,7475,4,0,1,1,0
SS-04276,17618,64,0,10,1,0
SS-04277,13055,23,1,3,1,0
SS-04278,9928,61,1,26,1,0
SS-04279,3832,106,1,11,1,0
SS-04280,4905,13,0,7,1,0
SS-04281,5930,29,0,5,1,0
SS-04282,4974,125,1,0,1,0
SS-04283,8044,67,0,14,0,0
SS-04284,6759,5,0,10,1,0
SS-04285,7006,38,1,9,1,0
SS-04286,2666,13,1,3,0,0
SS-04287,12365,37,0,10,1,0
SS-04288,25051,42,0,4,1,0
SS-04289,16478,114,0,9,1,0
SS-04290,13295,39,0,17,1,0
SS-04291,9889,35,0,2,1,0
SS-04292,59380,20,0,0,1,0
SS-04293,9443,4,0,1,1,0
SS-04294,5480,35,0,1,1,0
SS-04295,3141,31,0,3,1,0
SS-04296,11812,70,0,0,1,0
SS-04297,5655,14,1,0,0,0
SS-04298,11122,15,0,15,1,0
SS-04299,4472,127,0,8,0,0
SS-04300,8651,28,0,1,0,0
SS-04301,3905,50,0,2,0,0
SS-04302,9472,89,0,1,1,0
SS-04303,42111,37,0,2,1,0
SS-04304,16268,40,1,5,1,0
SS-04305,16252,30,0,7,0,0
SS-04306,8467,4,1,5,0,0
SS-04307,8414,1,0,6,1,0
SS-04308,17665,38,0,3,1,0
SS-04309,5257,26,2,6,1,0
SS-04310,4482,105,1,4,1,0
SS-04311,5744,99,0,10,1,0
SS-04312,11154,25,1,12,1,0
SS-04313,5595,9,2,5,1,0
SS-04314,6045,1,1,3,1,0
SS-04315,14657,6,1,33,0,0
SS-04316,3020,3,0,2,1,0
SS-04317,20232,21,1,1,0,0
SS-04318,7089,4,0,20,1,0
SS-04319,29510,26,0,5,1,0
SS-04320,20633,146,0,10,0,0
SS-04321,4739,45,0,6,1,0
SS-04322,7706,197,1,7,1,0
SS-04323,3336,133,0,6,1,0
SS-04324,22537,42,0,3,0,0
SS-04325,12240,221,0,0,0,0
SS-04326,11342,30,0,5,1,0
SS-04327,3388,4,0,26,0,0
SS-04328,6507,22,0,5,1,0
SS-04329,2756,10,0,7,1,0
SS-04330,11407,13,0,11,0,0
SS-04331,7857,27,0,1,1,0
SS-04332,42817,12,0,11,1,0
SS-04333,9505,237,1,2,1,0
SS-04334,10817,165,0,3,0,0
SS-04335,12111,54,1,4,1,0
SS-04336,22512,3,0,2,1,0
SS-04337,4152,16,0,51,0,0
SS-04338,12759,28,1,4,1,0
SS-04339,23920,94,0,7,1,0
SS-04340,2161,14,1,4,1,0
SS-04341,12687,1,0,5,0,0
SS-04342,13469,35,0,2,1,0
SS-04343,7695,22,0,15,0,0
SS-04344,4359,52,1,4,1,0
SS-04345,8777,28,0,1,0,0
SS-04346,14048,18,0,4,1,0
SS-04347,5245,61,0,10,1,0
SS-04348,3374,31,0,4,0,0
SS-04349,12034,22,0,2,1,0
SS-04350,2321,223,2,13,1,0
SS-04351,25403,78,0,1,0,0
SS-04352,1999,6,0,0,0,0
SS-04353,4281,27,0,10,0,0
SS-04354,5959,41,0,27,1,0
SS-04355,5469,107,0,3,1,0
SS-04356,10223,16,0,5,1,0
SS-04357,19984,5,0,4,1,0
SS-04358,5827,10,0,2,1,0
SS-04359,3361,12,0,12,1,0
SS-04360,17378,23,0,14,0,0
SS-04361,8940,61,0,24,1,0
SS-04362,8986,50,0,25,1,0
SS-04363,6196,48,0,1,1,0
SS-04364,9689,1,0,2,1,0
SS-04365,3590,23,0,3,1,0
SS-04366,10232,42,1,1,1,0
SS-04367,4995,97,0,12,1,0
SS-04368,9616,22,0,3,0,0
SS-04369,12455,89,1,0,0,0
SS-04370,8252,31,0,0,1,0
SS-04371,13412,22,0,3,1,0
SS-04372,6566,21,0,7,1,0
SS-04373,5644,95,1,3,1,0
SS-04374,12217,9,0,8,0,0
SS-04375,3233,20,0,4,1,0
SS-04376,25853,18,2,5,1,0
SS-04377,8784,39,0,3,1,0
SS-04378,3149,123,0,14,1,0
SS-04379,10631,15,0,13,1,0
SS-04380,6861,9,0,1,1,0
SS-04381,15421,33,1,11,0,1
SS-04382,3542,51,0,1,1,0
SS-04383,12240,7,0,8,1,0
SS-04384,9292,88,0,2,0,0
SS-04385,8148,78,1,14,0,0
SS-04386,6640,20,0,20,0,0
SS-04387,5245,57,0,0,1,0
SS-04388,5177,3,0,33,0,1
SS-04389,6621,14,0,1,1,0
SS-04390,7777,9,0,3,1,0
SS-04391,7647,59,0,3,1,0
SS-04392,4705,68,2,21,1,0
SS-04393,11148,22,0,8,1,0
SS-04394,12949,26,0,7,1,0
SS-04395,31888,75,1,2,1,0
SS-04396,6081,1,0,0,1,0
SS-04397,12439,91,0,7,1,0
SS-04398,7536,24,0,5,1,0
SS-04399,1625,56,0,3,0,0
SS-04400,6712,9,0,3,0,0
SS-04401,9042,4,0,0,1,0
SS-04402,15685,25,1,4,1,0
SS-04403,5980,55,0,14,1,0
SS-04404,4994,12,1,0,1,0
SS-04405,6139,11,0,4,0,0
SS-04406,35004,16,0,8,0,0
SS-04407,9644,13,0,2,0,0
SS-04408,5261,151,1,13,1,0
SS-04409,4809,65,0,2,1,0
SS-04410,22124,3,0,0,0,0
SS-04411,7864,190,0,5,1,0
SS-04412,4145,57,0,4,1,0
SS-04413,12876,19,1,4,0,0
SS-04414,41311,77,0,1,1,0
SS-04415,7714,1,0,5,1,0
SS-04416,8474,24,0,3,0,0
SS-04417,7219,40,1,15,0,0
SS-04418,7856,102,0,15,1,0
SS-04419,3370,36,0,2,1,0
SS-04420,23340,15,0,3,1,0
SS-04421,7943,35,0,4,1,0
SS-04422,34233,33,0,22,1,0
SS-04423,6204,9,0,5,1,0
SS-04424,8594,102,0,5,1,0
SS-04425,7716,12,0,1,0,0
SS-04426,5258,99,1,5,1,0
SS-04427,5273,114,0,1,1,0
SS-04428,2087,40,0,3,0,0
SS-04429,12374,9,0,5,1,0
SS-04430,4528,5,0,0,1,0
SS-04431,20185,10,0,8,0,1
SS-04432,1664,30,0,3,0,0
SS-04433,14011,7,0,12,1,0
SS-04434,15597,26,1,35,1,0
SS-04435,14550,19,0,18,0,0
SS-04436,8461,73,0,14,1,0
SS-04437,10091,8,0,1,1,0
SS-04438,20244,7,1,2,1,0
SS-04439,11555,100,0,7,0,0
SS-04440,4961,11,1,13,1,0
SS-04441,8695,211,1,3,1,0
SS-04442,2891,123,0,0,0,0
SS-04443,4287,46,0,0,1,0
SS-04444,4004,41,0,21,1,0
SS-04445,15946,187,0,11,1,0
SS-04446,3526,14,0,11,1,0
SS-04447,3949,3,0,2,0,0
SS-04448,74987,70,0,1,0,0
SS-04449,15228,6,1,0,1,0
SS-04450,5527,84,0,1,1,0
SS-04451,9617,90,2,9,1,1
SS-04452,2843,45,0,5,0,0
SS-04453,22266,17,0,5,1,0
SS-04454,6147,9,0,4,1,0
SS-04455,16157,12,0,0,0,0
SS-04456,15988,51,0,6,0,0
SS-04457,11445,20,2,20,1,1
SS-04458,9021,13,0,6,1,0
SS-04459,5893,16,0,12,0,0
SS-04460,8445,74,0,17,1,0
SS-04461,12768,8,0,3,1,0
SS-04462,12642,28,1,4,1,0
SS-04463,4081,8,1,1,0,0
SS-04464,22737,30,1,5,1,0
SS-04465,6354,113,0,7,1,0
SS-04466,25322,196,0,3,1,0
SS-04467,9394,2,0,6,1,0
SS-04468,15484,10,1,43,1,0
SS-04469,3905,37,0,9,1,0
SS-04470,2545,44,0,13,0,0
SS-04471,11652,38,0,1,1,0
SS-04472,2805,58,0,12,1,0
SS-04473,4320,62,0,3,1,0
SS-04474,10276,21,1,0,1,0
SS-04475,4664,58,1,9,0,0
SS-04476,6619,41,0,10,1,0
SS-04477,22802,121,0,1,0,0
SS-04478,2163,42,3,2,1,0
SS-04479,15884,72,1,18,1,0
SS-04480,5633,27,0,4,1,0
SS-04481,26082,44,1,17,0,0
SS-04482,6168,2,0,12,1,0
SS-04483,14050,126,0,3,1,0
SS-04484,50852,1,2,3,1,0
SS-04485,4486,36,0,7,1,0
SS-04486,15408,120,0,38,0,0
SS-04487,12416,41,0,0,1,0
SS-04488,11215,20,1,2,0,0
SS-04489,11013,139,0,2,0,0
SS-04490,15367,3,0,8,1,0
SS-04491,2412,101,0,11,1,0
SS-04492,1242,14,1,7,0,0
SS-04493,6545,41,0,7,0,0
SS-04494,9145,82,0,8,1,0
SS-04495,3193,33,0,2,1,0
SS-04496,20848,53,0,2,0,1
SS-04497,4627,240,0,6,1,0
SS-04498,6195,25,0,7,1,0
SS-04499,9829,65,0,2,1,0
SS-04500,5863,12,0,1,1,0
SS-04501,5782,55,1,4,1,0
SS-04502,2854,41,0,2,1,0
SS-04503,8184,15,1,1,1,0
SS-04504,5929,83,0,1,1,0
SS-04505,5393,11,0,4,1,0
SS-04506,12873,12,0,7,1,0
SS-04507,5469,3,0,3,0,0
SS-04508,7223,131,0,1,0,0
SS-04509,5683,34,1,3,0,0
SS-04510,3315,36,1,5,1,0
SS-04511,10889,38,0,8,1,0
SS-04512,22221,19,1,22,1,0
SS-04513,3877,39,1,13,1,0
SS-04514,8709,18,0,3,1,0
SS-04515,2380,22,0,15,1,0
SS-04516,12241,3,0,9,1,0
SS-04517,11109,53,0,27,1,0
SS-04518,11382,2,1,3,1,0
SS-04519,18379,80,0,10,0,0
SS-04520,6781,15,1,6,0,1
SS-04521,2393,65,0,45,1,0
SS-04522,4913,2,0,0,1,0
SS-04523,14504,70,1,9,1,0
SS-04524,8500,39,0,0,0,0
SS-04525,13273,5,1,2,0,0
SS-04526,13250,19,0,10,1,0
SS-04527,10931,17,1,3,1,0
SS-04528,2579,119,0,3,0,0
SS-04529,1347,33,0,8,1,0
SS-04530,6833,102,1,9,1,0
SS-04531,15784,20,0,4,0,0
SS-04532,14308,9,0,19,0,0
SS-04533,14652,6,0,3,1,0
SS-04534,15107,22,0,5,1,0
SS-04535,18525,4,2,5,0,1
SS-04536,10916,35,1,5,1,0
SS-04537,1225,38,0,0,0,0
SS-04538,7594,12,0,5,1,0
SS-04539,16916,88,0,6,1,0
SS-04540,6441,12,0,14,1,0
SS-04541,1134,58,0,6,1,0
SS-04542,14771,50,1,7,0,0
SS-04543,2733,154,1,14,1,0
SS-04544,13414,15,0,5,1,0
SS-04545,16000,240,0,5,1,0
SS-04546,9610,6,0,3,1,0
SS-04547,2350,49,0,2,1,0
SS-04548,5467,59,1,3,1,0
SS-04549,13046,5,0,4,0,0
SS-04550,12709,80,0,1,0,0
SS-04551,8264,11,0,11,1,0
SS-04552,3293,6,0,5,1,0
SS-04553,5018,31,0,8,1,0
SS-04554,33614,9,1,10,0,1
SS-04555,7968,55,0,1,1,0
SS-04556,5840,24,0,4,1,0
SS-04557,20862,19,1,6,1,0
SS-04558,15560,62,1,1,0,0
SS-04559,9485,81,0,5,0,0
SS-04560,7456,47,3,12,1,0
SS-04561,12082,102,0,5,1,0
SS-04562,23558,57,0,8,1,0
SS-04563,3708,7,0,5,0,0
SS-04564,3581,108,1,7,1,0
SS-04565,7916,54,1,1,1,0
SS-04566,8015,73,0,3,1,0
SS-04567,15043,24,3,26,0,1
SS-04568,7899,20,0,3,1,0
SS-04569,10186,41,0,2,1,0
SS-04570,5707,240,1,1,1,0
SS-04571,4085,142,0,0,1,0
SS-04572,9735,196,0,8,1,0
SS-04573,6648,43,1,1,1,0
SS-04574,4469,11,1,11,1,0
SS-04575,8944,16,0,6,1,1
SS-04576,1879,37,0,8,1,0
SS-04577,11507,7,0,2,1,0
SS-04578,16240,15,0,2,1,0
SS-04579,12261,15,0,26,1,0
SS-04580,30070,85,0,3,0,0
SS-04581,9223,33,0,6,1,0
SS-04582,1384,66,1,5,1,0
SS-04583,15133,184,0,9,1,0
SS-04584,14799,21,1,0,1,0
SS-04585,4026,20,1,5,1,0
SS-04586,15660,108,0,3,1,0
SS-04587,5685,87,0,13,1,0
SS-04588,2525,39,0,2,0,0
SS-04589,9807,72,0,2,0,0
SS-04590,2691,6,2,14,1,0
SS-04591,11334,12,0,4,0,0
SS-04592,8088,14,1,0,1,0
SS-04593,8422,131,0,3,0,0
SS-04594,16009,22,0,19,1,0
SS-04595,7838,54,0,2,1,0
SS-04596,6158,11,0,19,0,0
SS-04597,7828,5,1,32,1,1
SS-04598,3659,27,0,0,1,0
SS-04599,4541,51,0,7,1,0
SS-04600,3797,11,0,3,0,0
SS-04601,10922,27,0,11,0,0
SS-04602,7639,34,0,8,1,0
SS-04603,29249,3,0,5,1,0
SS-04604,14147,89,1,5,1,0
SS-04605,15452,78,1,6,1,0
SS-04606,11654,86,0,12,1,0
SS-04607,9794,88,1,10,1,0
SS-04608,17206,47,0,37,1,0
SS-04609,13187,81,1,17,1,0
SS-04610,16150,37,0,1,1,0
SS-04611,5146,49,0,6,1,0
SS-04612,20313,22,0,11,1,0
SS-04613,5818,17,0,12,0,0
SS-04614,15113,21,1,8,1,0
SS-04615,4789,20,0,7,1,0
SS-04616,4835,11,2,22,1,0
SS-04617,18624,27,0,15,0,0
SS-04618,4087,5,0,19,1,0
SS-04619,11348,15,0,19,0,0
SS-04620,11587,117,0,3,1,0
SS-04621,2781,49,0,5,1,0
SS-04622,11722,135,0,5,1,0
SS-04623,17202,24,0,1,1,0
SS-04624,5055,69,0,1,1,0
SS-04625,4441,18,0,1,1,0
SS-04626,3862,15,0,3,1,0
SS-04627,3935,31,0,9,1,0
SS-04628,8390,29,0,4,0,0
SS-04629,6556,55,0,1,1,0
SS-04630,2445,37,0,9,0,0
SS-04631,2378,31,0,4,0,0
SS-04632,12735,5,0,1,1,0
SS-04633,14501,14,0,4,0,1
SS-04634,60195,109,1,6,0,0
SS-04635,35391,8,0,6,1,0
SS-04636,27099,10,0,5,1,0
SS-04637,5284,18,1,9,1,0
SS-04638,5454,22,0,1,1,0
SS-04639,8614,95,0,20,1,0
SS-04640,8199,54,0,1,1,0
SS-04641,21036,8,0,6,1,1
SS-04642,1480,18,0,6,1,0
SS-04643,4169,240,0,9,1,0
SS-04644,1132,1,1,3,0,0
SS-04645,3461,40,0,0,0,0
SS-04646,11696,90,2,11,1,1
SS-04647,2148,47,0,3,1,0
SS-04648,13217,36,0,3,1,0
SS-04649,9842,19,0,0,1,0
SS-04650,3234,15,0,10,1,0
SS-04651,6199,111,0,1,1,0
SS-04652,14799,59,0,2,1,0
SS-04653,14826,62,0,15,1,0
SS-04654,17499,39,0,3,1,0
SS-04655,5530,2,0,6,0,0
SS-04656,3726,16,1,10,1,0
SS-04657,10792,75,0,1,0,0
SS-04658,9220,21,0,25,0,1
SS-04659,14028,29,1,4,1,0
SS-04660,40654,64,0,2,1,0
SS-04661,7941,84,1,2,0,0
SS-04662,23697,121,1,2,1,0
SS-04663,16535,8,2,6,1,1
SS-04664,5444,8,0,3,0,0
SS-04665,29114,183,0,4,1,0
SS-04666,11051,46,0,2,0,0
SS-04667,11150,95,0,1,1,0
SS-04668,5129,88,1,5,1,0
SS-04669,4972,161,0,16,1,0
SS-04670,5742,93,0,6,0,0
SS-04671,10596,10,0,0,1,0
SS-04672,16265,44,0,11,1,0
SS-04673,5797,18,0,3,1,0
SS-04674,23051,42,0,4,1,0
SS-04675,7044,6,0,1,1,0
SS-04676,10796,25,0,12,1,0
SS-04677,15271,20,0,3,0,0
SS-04678,5069,117,0,2,1,0
SS-04679,25496,69,0,7,1,0
SS-04680,6149,12,0,5,1,0
SS-04681,5443,31,1,1,1,0
SS-04682,16031,10,1,8,0,0
SS-04683,7120,45,0,19,1,0
SS-04684,4398,128,1,16,1,0
SS-04685,21299,19,0,12,1,0
SS-04686,4595,57,0,5,1,0
SS-04687,5166,21,0,3,1,0
SS-04688,33613,38,0,1,1,0
SS-04689,26665,64,1,0,0,0
SS-04690,5517,40,0,6,1,0
SS-04691,7308,60,1,15,1,0
SS-04692,3269,4,1,8,1,0
SS-04693,10347,166,0,7,0,0
SS-04694,2047,79,1,1,0,0
SS-04695,4436,2,2,2,1,1
SS-04696,3589,13,2,1,1,0
SS-04697,12528,11,0,1,1,0
SS-04698,9633,18,1,14,1,0
SS-04699,9116,186,0,16,1,0
SS-04700,17211,87,1,1,0,0
SS-04701,6146,61,1,14,1,0
SS-04702,6278,13,0,4,1,0
SS-04703,15017,7,0,0,1,0
SS-04704,54768,17,0,1,1,0
SS-04705,6768,87,0,0,1,0
SS-04706,8748,11,0,2,1,0
SS-04707,9725,39,0,2,1,0
SS-04708,5762,31,0,8,1,0
SS-04709,3383,125,1,0,1,0
SS-04710,8549,139,1,1,0,0
SS-04711,23625,43,0,13,1,0
SS-04712,2717,17,0,5,0,0
SS-04713,8592,26,1,17,0,0
SS-04714,10196,9,0,27,1,0
SS-04715,9049,47,0,17,1,0
SS-04716,5740,10,1,5,1,0
SS-04717,10857,48,0,4,1,0
SS-04718,8750,114,1,3,1,0
SS-04719,2826,45,0,16,0,0
SS-04720,17239,91,0,9,1,0
SS-04721,3528,8,0,17,0,0
SS-04722,5763,3,0,2,1,0
SS-04723,35396,80,2,13,1,0
SS-04724,10247,14,1,11,0,1
SS-04725,6746,31,0,24,1,1
SS-04726,9462,65,2,14,0,0
SS-04727,21179,34,1,8,1,0
SS-04728,2097,52,0,0,1,0
SS-04729,2676,16,0,12,1,0
SS-04730,5645,182,1,2,0,0
SS-04731,17939,180,0,8,0,0
SS-04732,16094,109,0,9,1,0
SS-04733,8384,6,1,1,1,0
SS-04734,5481,6,0,8,1,0
SS-04735,25859,4,0,13,1,0
SS-04736,3904,7,0,5,1,0
SS-04737,1968,7,0,8,0,0
SS-04738,4877,47,0,0,1,0
SS-04739,5211,57,0,2,1,0
SS-04740,4766,24,1,1,1,0
SS-04741,7266,59,2,0,0,0
SS-04742,3345,24,0,5,1,0
SS-04743,6841,11,0,0,1,0
SS-04744,41053,56,0,2,1,0
SS-04745,2681,48,0,0,1,0
SS-04746,5043,74,0,3,1,0
SS-04747,28223,2,0,4,0,0
SS-04748,8918,59,1,2,0,0
SS-04749,34732,38,0,3,0,0
SS-04750,6155,91,0,2,1,0
SS-04751,18559,22,2,8,0,0
SS-04752,27438,50,1,1,1,0
SS-04753,11699,14,1,1,1,0
SS-04754,12395,2,1,0,0,0
SS-04755,4294,5,0,6,0,0
SS-04756,6772,25,0,0,0,0
SS-04757,8458,16,0,3,1,0
SS-04758,11177,21,1,7,0,0
SS-04759,10456,26,0,10,1,0
SS-04760,43615,9,0,7,0,0
SS-04761,4254,109,0,2,1,0
SS-04762,24170,105,0,6,0,0
SS-04763,5835,15,0,9,1,0
SS-04764,3712,9,0,9,0,0
SS-04765,9579,16,1,34,1,0
SS-04766,10052,46,0,28,0,1
SS-04767,13060,97,1,22,1,0
SS-04768,4439,4,0,9,1,0
SS-04769,16858,4,0,7,1,0
SS-04770,8528,25,0,6,1,0
SS-04771,8083,5,2,11,0,0
SS-04772,32174,15,0,15,0,0
SS-04773,7742,1,0,11,1,0
SS-04774,4658,210,0,5,1,0
SS-04775,1316,2,1,3,0,0
SS-04776,3228,33,0,1,1,0
SS-04777,22466,1,1,16,1,0
SS-04778,2154,19,0,25,0,0
SS-04779,3627,77,0,9,1,0
SS-04780,8173,65,0,14,1,0
SS-04781,17676,46,0,0,1,0
SS-04782,4060,79,0,1,1,0
SS-04783,5868,146,0,6,1,0
SS-04784,6778,240,0,9,1,0
SS-04785,13248,161,0,11,0,0
SS-04786,4268,40,0,34,0,0
SS-04787,9335,202,0,2,1,0
SS-04788,4140,8,1,11,0,0
SS-04789,13613,15,0,8,0,1
SS-04790,12104,30,0,3,1,0
SS-04791,2819,15,0,3,1,0
SS-04792,6147,44,1,4,1,0
SS-04793,1623,10,0,24,0,0
SS-04794,16022,11,1,16,0,0
SS-04795,11641,24,0,1,0,0
SS-04796,8358,6,1,4,1,0
SS-04797,4230,14,1,1,0,0
SS-04798,20853,1,0,1,1,0
SS-04799,9459,154,0,17,0,0
SS-04800,3735,18,0,1,1,0
SS-04801,7494,30,0,4,1,0
SS-04802,18637,32,0,5,1,0
SS-04803,11167,76,1,5,0,0
SS-04804,25379,47,0,1,0,0
SS-04805,18982,54,0,16,1,0
SS-04806,12556,8,0,3,1,0
SS-04807,36385,21,0,19,1,1
SS-04808,9394,37,0,3,0,0
SS-04809,10113,16,0,16,1,0
SS-04810,3437,1,0,1,1,0
SS-04811,2344,16,0,1,0,0
SS-04812,6619,150,0,6,1,0
SS-04813,10683,26,0,16,1,0
SS-04814,9508,98,0,2,1,0
SS-04815,3544,42,1,6,1,0
SS-04816,14661,32,0,11,1,0
SS-04817,6827,88,1,19,1,0
SS-04818,30348,63,0,8,1,0
SS-04819,3930,142,0,4,1,0
SS-04820,7526,60,0,3,1,0
SS-04821,8646,19,1,13,1,0
SS-04822,3251,43,0,2,1,0
SS-04823,4850,7,0,1,0,0
SS-04824,8999,34,0,2,1,0
SS-04825,37324,190,0,2,0,0
SS-04826,4661,123,0,1,1,0
SS-04827,4179,3,0,12,1,0
SS-04828,24796,10,0,4,0,0
SS-04829,10820,17,0,4,0,0
SS-04830,4071,53,0,10,1,0
SS-04831,15435,79,0,19,0,0
SS-04832,9609,1,2,4,1,0
SS-04833,4926,27,0,10,1,0
SS-04834,4553,29,0,3,1,0
SS-04835,12826,36,1,24,1,0
SS-04836,8333,45,0,21,0,0
SS-04837,8141,126,0,6,1,0
SS-04838,2091,25,1,10,1,0
SS-04839,7685,63,1,12,0,0
SS-04840,8227,40,2,7,0,0
SS-04841,26658,47,0,24,1,0
SS-04842,4034,4,0,20,0,0
SS-04843,13250,5,0,3,0,0
SS-04844,8991,8,0,6,1,0
SS-04845,4968,5,0,1,1,0
SS-04846,6137,2,0,17,1,0
SS-04847,18066,53,0,0,1,0
SS-04848,7050,69,0,5,1,0
SS-04849,6956,70,1,7,1,0
SS-04850,7554,10,0,0,1,0
SS-04851,4713,146,0,2,1,0
SS-04852,26594,34,0,1,1,0
SS-04853,2920,15,0,11,1,0
SS-04854,3637,8,1,3,1,0
SS-04855,26030,71,0,13,1,0
SS-04856,8026,4,0,9,1,0
SS-04857,18958,1,1,3,0,0
SS-04858,13687,2,0,0,1,0
SS-04859,6964,30,0,0,1,0
SS-04860,2618,28,0,3,1,0
SS-04861,2951,8,0,6,1,0
SS-04862,23805,60,0,7,1,0
SS-04863,12049,20,0,12,1,0
SS-04864,2882,50,0,3,1,0
SS-04865,3448,39,0,6,0,0
SS-04866,6259,44,0,4,0,0
SS-04867,3238,240,1,9,1,0
SS-04868,10823,10,0,23,1,1
SS-04869,19614,5,0,13,1,0
SS-04870,14581,58,0,2,1,0
SS-04871,10917,64,0,8,0,0
SS-04872,15861,67,1,3,1,0
SS-04873,3807,38,0,6,1,0
SS-04874,1766,23,1,11,1,0
SS-04875,6492,1,0,4,1,0
SS-04876,2226,18,0,11,1,0
SS-04877,6313,26,1,1,1,0
SS-04878,1877,3,0,4,1,0
SS-04879,14979,11,1,4,0,1
SS-04880,4608,10,0,7,1,0
SS-04881,7155,75,0,5,1,0
SS-04882,5433,73,1,0,0,0
SS-04883,22055,19,1,14,1,0
SS-04884,9929,6,0,10,1,0
SS-04885,8795,40,0,4,1,0
SS-04886,12426,50,0,5,0,0
SS-04887,12986,47,2,4,0,0
SS-04888,3477,17,0,9,1,0
SS-04889,18991,50,0,1,0,0
SS-04890,1494,4,0,6,1,0
SS-04891,6176,13,0,3,1,0
SS-04892,7570,4,0,4,1,0
SS-04893,6837,25,1,2,1,0
SS-04894,9851,84,1,0,0,0
SS-04895,9562,19,0,11,0,0
SS-04896,13215,44,0,0,0,0
SS-04897,6556,3,1,7,1,0
SS-04898,3911,106,1,8,1,0
SS-04899,12458,2,0,2,1,0
SS-04900,31972,50,0,4,0,0
SS-04901,3560,5,0,7,1,0
SS-04902,17680,16,1,12,0,1
SS-04903,39603,13,1,26,0,0
SS-04904,26226,16,0,26,0,0
SS-04905,3073,24,1,3,0,0
SS-04906,10963,78,2,3,1,0
SS-04907,9144,125,0,19,1,0
SS-04908,40464,52,1,4,1,0
SS-04909,27326,6,2,6,1,0
SS-04910,12565,51,0,1,0,0
SS-04911,8014,20,1,0,1,0
SS-04912,69092,40,2,60,0,1
SS-04913,12904,18,0,32,1,0
SS-04914,9292,20,0,6,1,0
SS-04915,5406,11,0,9,1,0
SS-04916,9755,110,0,11,0,0
SS-04917,8969,8,1,1,1,0
SS-04918,4249,17,0,7,0,0
SS-04919,28408,1,0,31,1,0
SS-04920,5347,91,0,19,0,0
SS-04921,1693,155,0,7,0,0
SS-04922,13274,38,2,7,0,0
SS-04923,3992,35,0,9,0,0
SS-04924,11640,33,0,2,1,0
SS-04925,9386,42,0,12,0,0
SS-04926,11048,74,1,11,0,0
SS-04927,26926,15,0,6,1,0
SS-04928,7718,9,0,8,1,0
SS-04929,10458,119,0,2,1,0
SS-04930,17857,145,1,1,1,0
SS-04931,7896,101,0,0,1,0
SS-04932,16129,9,1,0,1,0
SS-04933,9695,19,1,3,0,0
SS-04934,7115,74,0,27,1,0
SS-04935,8910,1,0,14,1,0
SS-04936,14574,51,0,26,1,1
SS-04937,13362,18,0,14,0,0
SS-04938,16176,14,0,5,0,0
SS-04939,5550,24,0,3,1,0
SS-04940,10631,13,0,9,0,0
SS-04941,8593,27,3,1,1,0
SS-04942,3729,39,0,1,1,0
SS-04943,5073,27,0,16,0,0
SS-04944,30219,118,2,0,1,0
SS-04945,18648,107,1,8,0,0
SS-04946,17899,57,0,3,1,0
SS-04947,7356,5,0,3,1,1
SS-04948,3204,37,1,1,1,0
SS-04949,4975,18,0,1,1,0
SS-04950,1485,33,0,7,1,0
SS-04951,25828,15,1,1,1,0
SS-04952,21566,67,0,24,1,0
SS-04953,20461,53,2,3,1,0
SS-04954,7046,5,0,4,1,0
SS-04955,5075,18,0,14,0,0
SS-04956,12031,7,1,18,1,0
SS-04957,3034,120,1,11,1,0
SS-04958,11566,11,0,22,1,0
SS-04959,11444,52,0,15,1,0
SS-04960,1587,13,0,2,1,0
SS-04961,14963,32,1,15,1,0
SS-04962,1812,158,0,12,1,0
SS-04963,6286,5,1,14,1,0
SS-04964,22112,11,0,3,1,0
SS-04965,8647,14,0,0,1,0
SS-04966,30583,18,0,28,1,0
SS-04967,29336,18,2,6,1,0
SS-04968,7562,19,1,5,0,0
SS-04969,25907,46,0,9,1,0
SS-04970,32861,10,0,5,1,0
SS-04971,3376,119,0,9,1,0
SS-04972,26314,4,0,19,1,0
SS-04973,14321,18,1,4,0,0
SS-04974,5771,52,0,6,1,0
SS-04975,8541,5,1,30,0,1
SS-04976,6336,47,0,0,0,0
SS-04977,5374,103,0,4,1,0
SS-04978,5766,162,0,3,0,0
SS-04979,25622,1,0,9,1,0
SS-04980,12408,43,2,6,1,0
SS-04981,19203,5,2,1,0,1
SS-04982,47661,57,0,5,1,0
SS-04983,22055,5,0,4,1,0
SS-04984,2116,57,3,1,1,0
SS-04985,4902,13,1,13,1,1
SS-04986,3693,240,0,1,1,0
SS-04987,6546,3,0,0,1,0
SS-04988,27418,5,0,9,1,0
SS-04989,9873,6,1,9,0,0
SS-04990,3340,92,1,1,1,0
SS-04991,20512,64,2,21,0,1
SS-04992,27530,18,0,10,0,0
SS-04993,4981,5,0,0,0,0
SS-04994,35447,40,0,1,1,0
SS-04995,3396,12,0,3,0,0
SS-04996,3782,22,0,8,1,0
SS-04997,17630,17,1,8,1,0
SS-04998,13869,102,1,1,1,0
SS-04999,1746,3,1,11,0,0
SS-05000,3363,83,0,14,1,0
SS-05001,12598,59,1,11,1,0
SS-05002,21552,13,0,21,0,0
SS-05003,6412,26,1,3,1,0
SS-05004,10783,75,0,5,0,0
SS-05005,6963,164,3,5,1,0
SS-05006,2499,48,1,24,1,0
SS-05007,6520,185,2,10,1,0
SS-05008,19149,13,0,7,1,0
SS-05009,2414,26,0,2,1,0
SS-05010,7342,103,0,5,0,0
SS-05011,25766,109,0,5,1,0
SS-05012,10878,14,3,6,1,0
SS-05013,5854,12,1,5,0,0
SS-05014,10749,149,0,10,1,0
SS-05015,5384,109,0,1,1,0
SS-05016,5240,35,2,0,1,0
SS-05017,3813,12,0,3,1,0
SS-05018,47105,15,0,9,1,0
SS-05019,18262,24,0,10,0,0
SS-05020,5713,12,0,2,1,0
SS-05021,11641,13,0,5,0,0
SS-05022,25056,50,0,8,1,1
SS-05023,7137,42,1,3,0,0
SS-05024,20928,38,0,6,0,0
SS-05025,12481,35,0,3,1,0
SS-05026,13559,26,0,11,1,0
SS-05027,10086,39,0,1,1,0
SS-05028,4377,118,0,1,1,0
SS-05029,8680,42,0,2,0,0
SS-05030,34482,122,1,5,0,0
SS-05031,7401,27,0,2,0,0
SS-05032,1343,17,0,5,1,0
SS-05033,19090,38,0,3,0,0
SS-05034,1816,12,0,13,1,0
SS-05035,39537,18,1,24,0,1
SS-05036,4363,75,0,11,1,0
SS-05037,9373,74,1,15,1,0
SS-05038,9672,57,0,1,0,0
SS-05039,19416,30,1,0,1,0
SS-05040,6695,35,0,2,1,0
SS-05041,2273,148,0,13,1,0
SS-05042,15474,26,0,4,1,0
SS-05043,23866,21,0,7,1,0
SS-05044,10615,12,0,0,1,0
SS-05045,14452,151,1,2,1,0
SS-05046,6267,9,0,4,1,0
SS-05047,2323,38,0,16,0,0
SS-05048,10470,63,1,6,1,0
SS-05049,6031,71,1,1,1,0
SS-05050,12844,3,0,3,1,0
SS-05051,2799,58,0,6,1,0
SS-05052,16546,99,0,3,1,0
SS-05053,9707,47,0,0,0,0
SS-05054,7756,67,0,10,1,0
SS-05055,6300,19,1,11,0,0
SS-05056,2781,113,3,1,1,0
SS-05057,4348,54,0,8,0,0
SS-05058,11877,36,0,1,0,0
SS-05059,14096,8,1,9,0,0
SS-05060,5321,12,0,0,1,0
SS-05061,4019,17,1,0,0,0
SS-05062,8726,89,0,17,0,0
SS-05063,9248,17,0,3,0,0
SS-05064,2633,8,0,7,1,0
SS-05065,16832,25,0,9,1,0
SS-05066,17161,44,0,11,1,0
SS-05067,13720,3,2,36,0,1
SS-05068,11677,44,0,3,1,0
SS-05069,17646,17,1,12,1,0
SS-05070,6852,73,1,6,1,0
SS-05071,6378,26,0,9,1,0
SS-05072,4983,56,2,3,1,0
SS-05073,22610,66,0,7,0,0
SS-05074,3691,21,1,4,0,0
SS-05075,12393,99,0,3,0,0
SS-05076,55128,93,0,22,1,0
SS-05077,3742,1,0,19,0,0
SS-05078,10040,27,0,9,1,0
SS-05079,8984,82,0,2,1,0
SS-05080,20130,10,0,1,1,0
SS-05081,8851,44,1,2,0,1
SS-05082,7724,100,0,4,0,0
SS-05083,8804,57,0,10,0,0
SS-05084,3215,99,0,9,1,0
SS-05085,5448,81,0,19,0,0
SS-05086,5098,3,0,0,1,0
SS-05087,4512,95,0,9,1,0
SS-05088,5439,28,0,1,0,0
SS-05089,17817,22,0,1,0,0
SS-05090,3966,22,0,14,1,0
SS-05091,8449,11,1,5,1,0
SS-05092,2769,28,0,47,1,0
SS-05093,5617,95,1,20,1,0
SS-05094,21413,95,0,12,1,0
SS-05095,16711,53,1,2,0,0
SS-05096,8830,2,0,2,1,0
SS-05097,13760,4,1,0,0,1
SS-05098,32032,17,0,1,1,0
SS-05099,2980,47,0,15,0,0
SS-05100,5122,55,0,2,1,0
SS-05101,12605,28,0,4,1,1
SS-05102,11770,43,0,3,1,0
SS-05103,12847,3,0,33,1,0
SS-05104,5407,1,0,17,0,0
SS-05105,34410,47,0,2,1,0
SS-05106,21189,37,0,7,1,0
SS-05107,8537,24,0,3,1,0
SS-05108,1502,57,1,3,1,0
SS-05109,2877,22,0,10,1,0
SS-05110,19854,48,0,2,1,0
SS-05111,21934,39,0,6,0,0
SS-05112,9516,57,0,33,0,1
SS-05113,1248,44,0,0,1,0
SS-05114,9730,13,0,21,0,0
SS-05115,5269,120,0,2,1,0
SS-05116,13840,119,0,27,1,0
SS-05117,7264,14,0,3,1,0
SS-05118,19245,97,0,6,1,0
SS-05119,13249,16,1,8,1,0
SS-05120,18009,102,0,0,1,0
SS-05121,12664,32,0,18,1,0
SS-05122,4502,12,0,7,1,0
SS-05123,11375,11,0,1,0,0
SS-05124,7991,8,0,5,1,0
SS-05125,9122,85,0,8,1,0
SS-05126,7287,44,0,3,1,0
SS-05127,8730,106,0,4,1,0
SS-05128,12565,240,0,10,0,0
SS-05129,6602,29,0,1,0,0
SS-05130,8240,17,0,7,0,0
SS-05131,8631,152,0,3,1,0
SS-05132,7698,3,1,16,0,1
SS-05133,2917,40,0,5,0,0
SS-05134,13866,15,0,3,1,0
SS-05135,3321,33,0,1,1,0
SS-05136,3728,12,1,17,0,0
SS-05137,5281,97,1,0,1,0
SS-05138,8713,22,1,4,0,0
SS-05139,10243,4,0,3,1,0
SS-05140,10980,122,0,27,1,0
SS-05141,11588,67,0,23,1,0
SS-05142,25862,60,0,9,1,0
SS-05143,3258,108,0,6,1,0
SS-05144,10164,7,1,3,1,0
SS-05145,3731,23,1,4,1,0
SS-05146,3740,89,0,5,1,0
SS-05147,4245,23,0,1,1,0
SS-05148,7029,51,0,5,0,0
SS-05149,10623,23,1,14,1,0
SS-05150,3146,61,1,8,1,0
SS-05151,20359,27,1,5,0,0
SS-05152,3086,3,0,3,1,0
SS-05153,5209,3,1,11,0,0
SS-05154,10166,50,0,1,1,0
SS-05155,10036,109,0,6,1,0
SS-05156,1083,1,0,6,1,0
SS-05157,11418,33,0,17,1,0
SS-05158,18402,16,1,7,0,0
SS-05159,20631,2,2,0,1,0
SS-05160,5289,67,0,4,1,0
SS-05161,2044,27,0,3,1,0
SS-05162,16422,27,1,0,0,0
SS-05163,16027,240,0,11,1,0
SS-05164,3550,35,0,8,1,0
SS-05165,13966,6,0,3,1,0
SS-05166,7670,52,1,26,1,0
SS-05167,7627,23,0,7,1,0
SS-05168,3446,28,1,21,1,0
SS-05169,2797,44,1,8,1,0
SS-05170,9155,10,2,4,1,0
SS-05171,7770,11,0,5,1,0
SS-05172,14996,18,0,1,1,0
SS-05173,4902,25,0,0,1,0
SS-05174,12328,53,0,6,1,0
SS-05175,8073,20,0,11,0,0
SS-05176,17347,4,0,1,0,0
SS-05177,28290,53,0,2,0,0
SS-05178,7169,79,2,3,1,0
SS-05179,2666,11,0,1,1,0
SS-05180,51094,73,1,3,1,0
SS-05181,6838,38,0,3,0,0
SS-05182,32328,23,0,4,1,0
SS-05183,5198,48,0,4,0,0
SS-05184,42769,24,0,11,0,1
SS-05185,6380,104,0,9,1,0
SS-05186,2217,26,0,4,1,0
SS-05187,3165,137,0,1,0,0
SS-05188,27838,28,0,0,0,0
SS-05189,2821,174,1,0,0,0
SS-05190,3629,9,0,11,1,0
SS-05191,4093,27,0,4,1,0
SS-05192,5860,4,0,4,1,0
SS-05193,993,73,0,5,1,0
SS-05194,9484,47,0,12,1,0
SS-05195,1417,2,0,3,1,0
SS-05196,4337,15,0,2,0,0
SS-05197,10569,21,0,9,0,0
SS-05198,4196,20,1,2,1,0
SS-05199,8413,56,1,30,1,1
SS-05200,2625,24,1,3,1,0
SS-05201,11806,20,0,1,1,0
SS-05202,6745,96,0,3,0,0
SS-05203,6471,6,0,10,1,0
SS-05204,4825,80,1,1,0,0
SS-05205,13501,7,0,12,1,0
SS-05206,10582,12,0,6,1,0
SS-05207,8739,1,0,1,1,0
SS-05208,3206,30,2,5,1,0
SS-05209,24449,13,0,0,1,0
SS-05210,3548,69,0,2,1,0
SS-05211,9370,13,0,6,0,0
SS-05212,4881,168,0,10,0,0
SS-05213,3972,41,1,24,1,0
SS-05214,5047,48,0,0,1,0
SS-05215,22210,8,0,3,1,0
SS-05216,13440,16,0,0,1,0
SS-05217,3280,5,0,7,1,0
SS-05218,18842,15,1,2,0,0
SS-05219,7744,19,0,5,1,0
SS-05220,11625,45,1,10,1,0
SS-05221,7191,166,0,1,1,0
SS-05222,4884,54,0,0,0,0
SS-05223,9073,31,0,9,1,0
SS-05224,4710,22,0,8,0,0
SS-05225,13266,133,0,14,1,0
SS-05226,8077,36,0,14,1,0
SS-05227,2070,74,0,4,1,0
SS-05228,18378,46,0,4,1,0
SS-05229,3113,11,0,14,0,0
SS-05230,18906,49,0,5,1,0
SS-05231,15520,34,1,20,1,0
SS-05232,24450,237,0,1,1,0
SS-05233,9307,28,0,9,1,0
SS-05234,16625,74,0,5,1,0
SS-05235,2000,58,0,6,1,0
SS-05236,2637,85,0,4,1,0
SS-05237,5050,18,0,2,1,1
SS-05238,3143,7,0,4,1,0
SS-05239,3871,32,0,0,1,0
SS-05240,16883,25,0,0,1,0
SS-05241,13895,21,0,3,1,0
SS-05242,17092,17,1,13,1,1
SS-05243,11743,19,1,7,1,0
SS-05244,11222,6,1,5,1,0
SS-05245,11614,2,3,27,1,1
SS-05246,17435,207,1,5,1,0
SS-05247,11404,78,1,14,1,1
SS-05248,8502,19,0,12,0,0
SS-05249,12779,71,0,17,0,0
SS-05250,5161,76,1,7,0,0
SS-05251,11812,19,1,9,1,0
SS-05252,10605,8,0,9,0,1
SS-05253,10158,9,0,0,1,0
SS-05254,9178,49,0,18,1,0
SS-05255,3377,1,0,2,1,0
SS-05256,4565,46,0,2,1,0
SS-05257,6716,10,0,3,1,0
SS-05258,12811,1,1,1,1,0
SS-05259,5045,8,0,7,1,0
SS-05260,6463,32,1,41,0,1
SS-05261,7549,11,0,7,1,0
SS-05262,4527,27,0,16,1,0
SS-05263,17548,28,0,12,1,0
SS-05264,8094,6,0,0,0,0
SS-05265,5520,1,0,1,1,0
SS-05266,12485,1,1,6,1,0
SS-05267,5873,4,1,1,1,0
SS-05268,5805,146,1,2,1,0
SS-05269,13334,13,0,7,0,0
SS-05270,5558,70,0,16,1,0
SS-05271,9078,17,0,1,1,0
SS-05272,2704,29,0,17,0,0
SS-05273,4701,4,0,21,0,0
SS-05274,8340,179,0,3,1,0
SS-05275,10807,73,0,2,0,0
SS-05276,8249,13,0,1,1,0
SS-05277,10681,1,0,15,1,0
SS-05278,3734,9,1,1,0,0
SS-05279,21663,11,0,12,1,0
SS-05280,2659,13,0,16,1,0
SS-05281,3538,43,0,10,1,0
SS-05282,3660,45,0,8,0,0
SS-05283,20383,116,0,2,0,0
SS-05284,4250,23,0,13,1,0
SS-05285,8161,30,0,9,0,0
SS-05286,8896,100,0,4,1,0
SS-05287,1671,50,0,9,1,0
SS-05288,20517,1,1,4,1,1
SS-05289,15038,78,0,12,1,0
SS-05290,28591,95,0,9,1,0
SS-05291,4237,8,0,3,1,0
SS-05292,4816,83,0,5,1,0
SS-05293,3787,10,0,11,1,0
SS-05294,2724,1,0,9,1,0
SS-05295,3198,47,1,2,1,0
SS-05296,5250,69,0,1,1,0
SS-05297,3805,87,0,0,1,0
SS-05298,11699,20,0,0,1,0
SS-05299,9717,15,0,1,1,0
SS-05300,5107,102,1,5,1,0
SS-05301,28933,13,0,12,0,1
SS-05302,4232,72,1,3,1,0
SS-05303,9707,51,1,2,1,0
SS-05304,4366,92,0,7,1,0
SS-05305,3074,16,0,1,1,0
SS-05306,1556,37,0,0,0,0
SS-05307,18658,77,2,2,1,0
SS-05308,11488,116,0,0,1,0
SS-05309,15052,22,0,5,1,0
SS-05310,10590,36,0,9,1,0
SS-05311,2669,240,0,45,1,0
SS-05312,8735,49,0,7,0,0
SS-05313,16469,48,0,2,0,0
SS-05314,4731,48,0,9,1,0
SS-05315,2655,6,0,1,1,0
SS-05316,17114,64,0,8,0,0
SS-05317,6856,5,1,13,1,0
SS-05318,7210,17,0,23,1,0
SS-05319,5702,63,0,4,1,0
SS-05320,7742,21,0,1,1,0
SS-05321,26404,6,0,0,1,0
SS-05322,10959,63,0,0,1,0
SS-05323,4988,135,0,3,1,0
SS-05324,6809,26,0,14,1,0
SS-05325,16966,2,1,17,1,1
SS-05326,19599,55,0,19,0,0
SS-05327,1949,2,0,0,1,0
SS-05328,15861,15,0,4,1,0
SS-05329,7086,16,0,7,1,0
SS-05330,5742,11,1,4,0,0
SS-05331,4514,22,0,4,1,0
SS-05332,9465,42,0,1,1,0
SS-05333,3813,46,0,5,1,0
SS-05334,19484,4,2,22,0,1
SS-05335,26648,142,0,0,0,0
SS-05336,16219,102,1,4,1,0
SS-05337,16349,71,0,2,0,0
SS-05338,3534,126,0,3,0,0
SS-05339,12165,99,1,22,1,0
SS-05340,49007,240,0,1,1,0
SS-05341,12536,2,0,4,0,0
SS-05342,3739,18,1,7,1,0
SS-05343,5629,43,0,60,1,1
SS-05344,13248,55,1,7,1,0
SS-05345,6825,156,0,11,1,0
SS-05346,10130,119,0,8,0,0
SS-05347,3973,13,0,11,1,0
SS-05348,11999,1,1,15,1,0
SS-05349,10279,35,0,9,1,0
SS-05350,15617,27,0,5,1,0
SS-05351,6626,46,2,10,1,0
SS-05352,2625,39,1,15,1,0
SS-05353,15515,95,0,0,1,0
SS-05354,13753,12,0,26,0,0
SS-05355,22089,14,0,8,1,0
SS-05356,7557,7,0,4,1,0
SS-05357,1981,93,1,14,1,0
SS-05358,8615,73,0,16,0,0
SS-05359,2315,19,0,9,1,0
SS-05360,23786,18,0,12,0,0
SS-05361,10035,36,0,13,1,0
SS-05362,6474,27,0,6,0,0
SS-05363,4174,8,0,3,1,0
SS-05364,7864,19,0,12,1,0
SS-05365,14935,24,0,2,1,0
SS-05366,25496,15,0,1,1,0
SS-05367,6860,87,1,6,0,0
SS-05368,3116,86,0,4,1,0
SS-05369,16444,126,1,5,0,0
SS-05370,2392,44,1,0,0,0
SS-05371,15252,56,1,7,1,0
SS-05372,4475,36,0,3,0,0
SS-05373,3860,6,0,3,1,0
SS-05374,56038,6,0,15,1,0
SS-05375,4783,19,0,4,0,0
SS-05376,23018,25,1,18,1,0
SS-05377,4638,31,0,40,0,1
SS-05378,8637,2,0,3,1,0
SS-05379,4196,19,0,2,1,0
SS-05380,10368,7,0,0,1,0
SS-05381,1997,20,1,3,1,0
SS-05382,2664,76,0,16,1,0
SS-05383,19412,9,0,4,0,0
SS-05384,11015,12,0,5,1,0
SS-05385,7437,34,0,9,1,0
SS-05386,12610,60,1,14,1,0
SS-05387,9935,105,1,3,1,0
SS-05388,11956,18,0,2,0,0
SS-05389,31693,4,1,0,0,1
SS-05390,16498,31,0,0,1,0
SS-05391,4266,12,1,20,1,0
SS-05392,4486,30,0,5,1,0
SS-05393,17003,68,0,2,1,0
SS-05394,4904,5,0,0,1,0
SS-05395,4822,3,0,1,1,0
SS-05396,1879,2,1,3,1,0
SS-05397,21381,37,0,1,0,0
SS-05398,6154,136,0,11,1,0
SS-05399,27676,173,0,17,0,0
SS-05400,16416,32,0,8,0,0
SS-05401,5698,3,1,12,1,0
SS-05402,13173,21,1,12,0,0
SS-05403,6491,85,0,0,0,0
SS-05404,3430,22,1,4,1,0
SS-05405,3554,32,0,15,0,0
SS-05406,8811,69,0,11,0,0
SS-05407,4344,16,2,2,1,0
SS-05408,5528,7,0,6,0,0
SS-05409,8729,10,0,0,1,0
SS-05410,3790,85,1,2,0,0
SS-05411,31781,8,2,27,0,1
SS-05412,4830,13,0,2,1,0
SS-05413,4707,1,1,60,0,1
SS-05414,4523,33,0,7,1,0
SS-05415,6309,37,1,1,1,0
SS-05416,29789,6,0,14,1,1
SS-05417,15973,31,2,31,1,0
SS-05418,16959,52,0,26,0,0
SS-05419,13610,17,1,8,1,0
SS-05420,3658,48,0,9,1,0
SS-05421,4504,139,0,12,1,0
SS-05422,8808,47,0,2,0,0
SS-05423,2924,65,0,8,1,0
SS-05424,17998,79,1,0,0,0
SS-05425,12092,36,0,1,1,0
SS-05426,12895,35,1,17,1,0
SS-05427,36378,99,1,3,1,0
SS-05428,12589,7,1,11,1,0
SS-05429,5358,111,1,16,1,0
SS-05430,2573,33,1,0,1,0
SS-05431,3051,29,1,9,1,0
SS-05432,4698,132,0,3,1,0
SS-05433,2781,141,2,3,1,0
SS-05434,4094,42,1,8,0,0
SS-05435,3932,28,0,5,1,0
SS-05436,2710,8,0,7,0,0
SS-05437,5612,87,0,4,0,0
SS-05438,3871,19,1,2,1,0
SS-05439,18878,8,0,9,1,0
SS-05440,3664,32,0,1,0,0
SS-05441,4408,100,0,9,1,0
SS-05442,3437,211,0,7,1,0
SS-05443,3033,3,0,7,1,0
SS-05444,27125,16,1,2,1,0
SS-05445,14384,78,0,0,1,0
SS-05446,9391,45,0,3,1,0
SS-05447,2545,30,0,0,0,0
SS-05448,9314,12,1,5,1,0
SS-05449,28183,25,0,2,1,0
SS-05450,3991,46,0,1,0,0
SS-05451,7575,28,0,4,1,0
SS-05452,8304,61,0,2,1,0
SS-05453,13484,2,1,1,0,0
SS-05454,14498,10,0,16,1,0
SS-05455,18395,25,1,1,1,0
SS-05456,4550,25,0,0,1,0
SS-05457,4759,6,0,2,1,0
SS-05458,5316,22,1,3,1,0
SS-05459,24872,17,1,18,1,0
SS-05460,2458,38,0,7,1,0
SS-05461,3512,16,0,4,0,0
SS-05462,26754,19,0,2,1,0
SS-05463,5429,49,0,25,1,0
SS-05464,37248,115,0,1,1,0
SS-05465,3052,15,0,13,1,0
SS-05466,16499,121,1,13,0,0
SS-05467,25534,2,0,2,1,0
SS-05468,10656,53,1,31,1,0
SS-05469,1779,48,0,21,0,0
SS-05470,7861,57,0,4,1,0
SS-05471,14398,14,2,39,1,1
SS-05472,15248,132,0,15,1,0
SS-05473,14446,55,0,1,1,0
SS-05474,24740,6,0,2,1,0
SS-05475,7524,26,0,2,1,0
SS-05476,5707,10,1,22,1,0
SS-05477,30068,132,0,3,0,0
SS-05478,10379,180,1,7,1,0
SS-05479,15768,10,0,19,0,0
SS-05480,2059,18,0,10,1,0
SS-05481,13612,32,0,10,0,0
SS-05482,9718,27,0,2,1,0
SS-05483,3387,61,0,3,1,0
SS-05484,5470,18,0,0,1,0
SS-05485,4693,86,1,5,0,0
SS-05486,2636,4,0,21,0,0
SS-05487,7203,60,0,3,1,0
SS-05488,4363,20,0,2,1,0
SS-05489,10104,3,1,10,0,1
SS-05490,3346,36,0,8,0,0
SS-05491,11865,107,1,6,1,0
SS-05492,2186,6,0,3,0,0
SS-05493,36707,13,0,14,0,0
SS-05494,7587,40,0,7,1,0
SS-05495,17882,153,0,3,0,0
SS-05496,6402,17,0,2,1,0
SS-05497,9662,14,1,3,0,0
SS-05498,4139,14,1,7,0,0
SS-05499,25731,171,0,2,1,0
SS-05500,7653,174,1,1,1,0
SS-05501,28201,24,1,0,1,0
SS-05502,3926,28,0,10,0,0
SS-05503,11524,5,0,10,1,0
SS-05504,3707,12,1,18,1,0
SS-05505,4359,164,0,0,1,0
SS-05506,14289,15,0,1,1,0
SS-05507,7397,68,0,6,1,0
SS-05508,13425,22,1,3,1,0
SS-05509,10761,13,0,2,1,0
SS-05510,10627,11,0,3,0,0
SS-05511,8103,30,0,22,0,0
SS-05512,12284,62,0,1,1,0
SS-05513,3993,10,0,0,1,0
SS-05514,11071,63,1,0,1,0
SS-05515,12276,180,0,14,1,0
SS-05516,17068,18,0,2,0,0
SS-05517,19280,50,0,1,1,0
SS-05518,7354,2,0,16,1,0
SS-05519,19743,4,0,20,1,1
SS-05520,3218,15,0,9,1,0
SS-05521,6693,45,0,1,1,0
SS-05522,22291,60,1,5,0,0
SS-05523,4315,57,0,15,1,0
SS-05524,12716,51,0,11,1,0
SS-05525,6727,68,1,3,1,0
SS-05526,18652,13,0,22,0,0
SS-05527,7824,60,2,8,0,0
SS-05528,30667,27,0,10,1,0
SS-05529,8231,2,0,4,1,0
SS-05530,6569,102,0,13,1,0
SS-05531,7164,94,1,0,0,0
SS-05532,4310,5,0,1,1,0
SS-05533,5685,168,0,17,0,0
SS-05534,6405,23,0,2,0,0
SS-05535,3013,56,0,10,1,0
SS-05536,7027,1,0,0,1,0
SS-05537,10119,61,0,5,1,0
SS-05538,6837,12,0,11,1,0
SS-05539,11395,33,0,2,0,0
SS-05540,6885,240,0,5,1,0
SS-05541,5042,90,0,11,0,0
SS-05542,19524,24,0,1,1,0
SS-05543,12098,135,3,3,0,0
SS-05544,10602,9,0,1,1,0
SS-05545,30235,97,0,5,0,0
SS-05546,21498,8,0,12,0,0
SS-05547,25885,55,0,0,0,0
SS-05548,1562,85,1,2,0,0
SS-05549,26728,21,0,0,0,0
SS-05550,16757,8,0,17,0,0
SS-05551,13179,120,0,1,0,0
SS-05552,4775,26,0,8,0,0
SS-05553,15908,40,1,7,1,0
SS-05554,24178,46,0,3,0,0
SS-05555,6713,87,1,15,1,0
SS-05556,4456,8,1,5,1,0
SS-05557,22157,35,0,11,0,0
SS-05558,2742,2,1,4,1,0
SS-05559,5243,5,0,5,1,0
SS-05560,5052,4,0,2,0,0
SS-05561,23463,17,0,14,1,0
SS-05562,2829,19,1,3,1,0
SS-05563,29611,21,0,3,1,0
SS-05564,4391,76,1,3,1,0
SS-05565,5685,27,0,7,0,0
SS-05566,9009,80,0,0,1,0
SS-05567,4626,5,0,3,1,0
SS-05568,4636,18,0,0,1,0
SS-05569,30166,36,0,27,1,0
SS-05570,7171,110,0,0,0,0
SS-05571,2734,33,1,1,0,0
SS-05572,13371,1,0,1,1,0
SS-05573,31225,24,0,8,1,0
SS-05574,8708,15,0,5,1,0
SS-05575,88573,98,1,11,1,0
SS-05576,5241,93,0,6,0,0
SS-05577,23205,10,2,6,0,1
SS-05578,4105,9,0,7,1,0
SS-05579,29795,55,1,1,1,0
SS-05580,7004,97,0,0,1,0
SS-05581,22638,28,1,14,1,0
SS-05582,8757,75,0,1,1,0
SS-05583,14626,136,0,20,1,0
SS-05584,16857,5,0,15,1,0
SS-05585,6944,6,1,2,1,0
SS-05586,24832,3,0,1,0,0
SS-05587,5264,43,1,4,1,0
SS-05588,5512,34,0,1,0,0
SS-05589,6233,22,0,24,1,0
SS-05590,46179,41,0,20,1,0
SS-05591,22221,13,0,1,1,0
SS-05592,3496,65,0,4,0,0
SS-05593,3852,85,0,17,1,0
SS-05594,11273,7,1,8,1,0
SS-05595,7161,90,0,3,1,0
SS-05596,11897,64,0,7,1,0
SS-05597,8099,4,1,1,1,0
SS-05598,6941,24,0,8,0,0
SS-05599,3544,165,0,0,0,0
SS-05600,7843,76,1,3,1,0
