transaction_id,customer_id,store_id,transaction_date,items_purchased,subtotal,discount,total
1,1237,11,2024-07-01,5,116.52,2.33,114.19
2,1321,6,2024-07-01,13,120.26,12.03,108.23
3,1058,12,2024-07-01,7,282.11,28.21,253.9
4,1158,1,2024-07-01,31,121.72,6.09,115.63
5,1364,10,2024-07-01,33,176.85,8.84,168.01
6,1459,4,2024-07-01,26,160.25,16.03,144.22
7,1486,7,2024-07-01,13,264.1,13.21,250.89000000000001
8,1398,8,2024-07-01,7,94.31,1.89,92.42
9,1021,11,2024-07-01,20,99.44,4.97,94.47
10,1360,11,2024-07-01,25,26.02,3.9,22.12
11,1421,12,2024-07-01,13,224.35,4.49,219.85999999999999
12,1167,11,2024-07-01,34,96.09,1.92,94.17
13,1025,12,2024-07-01,8,222.57,22.26,200.31
14,1262,6,2024-07-01,13,82.89,12.43,70.46000000000001
15,1182,1,2024-07-01,5,159.04,3.18,155.85999999999999
16,1175,1,2024-07-01,33,58.62,2.93,55.69
17,1266,5,2024-07-01,30,208.48,4.17,204.31
18,1180,4,2024-07-02,7,111.41,2.23,109.17999999999999
19,1292,1,2024-07-02,6,271.7,40.75,230.95
20,1356,2,2024-07-02,3,25.21,2.52,22.69
21,1070,8,2024-07-02,7,143.21,7.16,136.05
22,1156,3,2024-07-02,15,22.0,0.44,21.56
23,1441,8,2024-07-02,26,55.82,1.12,54.7
24,1350,10,2024-07-02,14,106.47,2.13,104.34
25,1304,3,2024-07-02,19,156.54,23.48,133.06
26,1407,2,2024-07-02,28,166.79,16.68,150.10999999999999
27,1361,11,2024-07-02,34,136.74,20.51,116.23
28,1243,12,2024-07-02,21,47.61,0.95,46.66
29,1356,8,2024-07-02,16,242.33,24.23,218.10000000000002
30,1250,10,2024-07-02,16,142.73,21.41,121.32
31,1489,4,2024-07-02,17,319.6,47.94,271.66
32,1485,10,2024-07-02,34,210.58,4.21,206.37
33,1308,12,2024-07-02,10,132.02,2.64,129.38000000000002
34,1155,11,2024-07-03,19,98.63,1.97,96.66
35,1370,1,2024-07-03,31,276.55,13.83,262.72
36,1007,6,2024-07-03,13,223.35,11.17,212.18
37,1073,3,2024-07-03,21,84.34,4.22,80.12
38,1311,2,2024-07-03,22,74.74,1.49,73.25
39,1040,2,2024-07-03,14,264.94,26.49,238.45
40,1494,3,2024-07-03,4,145.0,7.25,137.75
41,1393,6,2024-07-03,31,177.83,3.56,174.27
42,1402,10,2024-07-03,28,171.07,3.42,167.65
43,1160,1,2024-07-03,30,81.27,4.06,77.21
44,1181,4,2024-07-03,22,190.66,28.6,162.06
45,1048,4,2024-07-03,28,108.97,2.18,106.78999999999999
46,1147,5,2024-07-03,13,81.88,4.09,77.78999999999999
47,1221,5,2024-07-03,9,241.42,4.83,236.58999999999997
48,1040,4,2024-07-03,30,33.57,3.36,30.21
49,1299,10,2024-07-03,8,247.07,4.94,242.13
50,1332,8,2024-07-03,14,57.85,5.79,52.06
51,1130,12,2024-07-04,5,39.05,3.9,35.15
52,1238,8,2024-07-04,24,126.52,2.53,123.99
53,1085,2,2024-07-04,14,147.82,7.39,140.43
54,1087,3,2024-07-04,22,153.99,15.4,138.59
55,1100,6,2024-07-04,33,89.99,4.5,85.49
56,1063,3,2024-07-04,8,68.45,3.42,65.03
57,1362,12,2024-07-04,6,292.96,29.3,263.65999999999997
58,1497,9,2024-07-04,16,22.57,0.45,22.12
59,1307,11,2024-07-04,27,18.35,0.37,17.98
60,1428,5,2024-07-04,16,191.08,3.82,187.26000000000002
61,1071,10,2024-07-04,12,170.71,8.54,162.17000000000002
62,1111,2,2024-07-04,23,139.26,13.93,125.32999999999998
63,1237,9,2024-07-04,29,115.86,2.32,113.54
64,1276,2,2024-07-04,23,98.06,4.9,93.16
65,1042,4,2024-07-04,28,127.71,6.39,121.32
66,1037,6,2024-07-04,10,48.22,0.96,47.26
67,1419,11,2024-07-05,24,160.22,3.2,157.02
68,1459,6,2024-07-05,28,129.78,12.98,116.8
69,1198,8,2024-07-05,23,236.99,23.7,213.29000000000002
70,1057,4,2024-07-05,12,121.41,6.07,115.34
71,1417,8,2024-07-05,24,118.27,11.83,106.44
72,1049,2,2024-07-05,20,180.69,3.61,177.07999999999998
73,1091,5,2024-07-05,5,55.61,1.11,54.5
74,1438,1,2024-07-05,26,200.71,4.01,196.70000000000002
75,1450,9,2024-07-05,26,283.31,14.17,269.14
76,1314,9,2024-07-05,21,197.79,9.89,187.89999999999998
77,1258,8,2024-07-05,25,147.89,7.39,140.5
78,1453,8,2024-07-05,15,105.4,15.81,89.59
79,1463,1,2024-07-05,17,83.06,12.46,70.6
80,1186,11,2024-07-05,5,100.53,15.08,85.45
81,1348,12,2024-07-05,15,198.27,3.97,194.3
82,1273,9,2024-07-05,30,84.5,4.23,80.27
83,1099,11,2024-07-06,32,98.97,4.95,94.02
84,1107,4,2024-07-06,14,234.75,11.74,223.01
85,1004,9,2024-07-06,23,215.22,21.52,193.7
86,1109,3,2024-07-06,11,135.66,2.71,132.95
87,1435,2,2024-07-06,19,130.09,6.5,123.59
88,1126,6,2024-07-06,6,158.18,7.91,150.27
89,1482,8,2024-07-06,18,297.66,29.77,267.89000000000004
90,1392,7,2024-07-06,34,94.17,1.88,92.29
91,1470,9,2024-07-06,5,67.27,3.36,63.91
92,1424,10,2024-07-06,18,97.05,1.94,95.11
93,1259,10,2024-07-06,4,281.06,42.16,238.9
94,1194,9,2024-07-06,7,281.14,14.06,267.08
95,1170,11,2024-07-06,30,357.57,53.64,303.93
96,1273,12,2024-07-06,33,243.89,12.19,231.7
97,1128,11,2024-07-06,32,44.77,0.9,43.870000000000005
98,1050,2,2024-07-06,32,79.65,7.97,71.68
99,1400,8,2024-07-06,17,201.23,4.02,197.20999999999998
100,1252,6,2024-07-07,20,233.74,4.67,229.07000000000002
101,1278,2,2024-07-07,4,119.9,11.99,107.91000000000001
102,1404,10,2024-07-07,28,164.5,3.29,161.21
103,1351,5,2024-07-07,19,27.69,0.55,27.14
104,1039,12,2024-07-07,16,30.69,1.53,29.16
105,1024,7,2024-07-07,3,233.98,11.7,222.28
106,1087,2,2024-07-07,24,66.04,6.6,59.440000000000005
107,1056,10,2024-07-07,15,222.19,4.44,217.75
108,1254,12,2024-07-07,25,189.64,3.79,185.85
109,1034,6,2024-07-07,34,75.18,3.76,71.42
110,1214,10,2024-07-07,20,187.31,3.75,183.56
111,1222,7,2024-07-07,33,146.71,2.93,143.78
112,1106,12,2024-07-07,26,214.28,10.71,203.57
113,1080,1,2024-07-07,18,153.12,7.66,145.46
114,1017,4,2024-07-07,31,53.03,1.06,51.97
115,1337,8,2024-07-07,10,45.25,0.91,44.34
116,1461,4,2024-07-08,10,65.62,3.28,62.34
117,1126,2,2024-07-08,7,38.74,1.94,36.800000000000004
118,1298,12,2024-07-08,17,267.78,13.39,254.39
119,1189,8,2024-07-08,21,130.01,6.5,123.50999999999999
120,1363,11,2024-07-08,21,371.08,55.66,315.41999999999996
121,1336,7,2024-07-08,27,74.01,3.7,70.31
122,1360,9,2024-07-08,14,182.37,27.36,155.01
123,1358,10,2024-07-08,14,90.64,1.81,88.83
124,1073,10,2024-07-08,8,125.04,6.25,118.79
125,1107,10,2024-07-08,5,203.34,10.17,193.17000000000002
126,1273,4,2024-07-08,24,177.41,8.87,168.54
127,1225,8,2024-07-08,29,174.54,3.49,171.04999999999998
128,1055,3,2024-07-08,31,132.62,2.65,129.97
129,1337,11,2024-07-08,17,169.66,3.39,166.27
130,1124,3,2024-07-08,27,88.49,1.77,86.72
131,1410,8,2024-07-08,29,46.39,0.93,45.46
132,1235,1,2024-07-08,23,39.13,0.78,38.35
133,1133,6,2024-07-09,23,127.88,6.39,121.49
134,1488,10,2024-07-09,18,193.78,3.88,189.9
135,1179,3,2024-07-09,10,184.66,9.23,175.43
136,1219,3,2024-07-09,30,71.71,1.43,70.27999999999999
137,1184,5,2024-07-09,29,212.5,10.62,201.88
138,1326,11,2024-07-09,30,120.62,2.41,118.21000000000001
139,1150,1,2024-07-09,34,66.08,1.32,64.76
140,1434,12,2024-07-09,25,22.55,1.13,21.42
141,1232,8,2024-07-09,28,157.1,7.86,149.23999999999998
142,1186,3,2024-07-09,17,303.78,45.57,258.21
143,1019,8,2024-07-09,33,49.45,4.95,44.5
144,1020,11,2024-07-09,16,238.1,4.76,233.34
145,1303,7,2024-07-09,27,37.19,1.86,35.33
146,1279,2,2024-07-09,15,134.41,2.69,131.72
147,1453,7,2024-07-09,11,355.05,53.26,301.79
148,1158,1,2024-07-09,25,91.66,4.58,87.08
149,1275,4,2024-07-10,9,95.89,1.92,93.97
150,1235,10,2024-07-10,7,228.1,4.56,223.54
151,1468,7,2024-07-10,34,270.04,13.5,256.54
152,1334,9,2024-07-10,11,17.03,0.34,16.69
153,1454,6,2024-07-10,4,26.46,2.65,23.810000000000002
154,1273,7,2024-07-10,23,274.0,13.7,260.3
155,1181,5,2024-07-10,12,248.42,37.26,211.16
156,1298,9,2024-07-10,6,102.94,5.15,97.78999999999999
157,1086,9,2024-07-10,11,214.09,32.11,181.98000000000002
158,1168,5,2024-07-10,16,44.79,6.72,38.07
159,1369,11,2024-07-10,10,261.53,13.08,248.44999999999996
160,1495,9,2024-07-10,33,42.38,6.36,36.02
161,1438,3,2024-07-10,25,243.45,4.87,238.57999999999998
162,1272,11,2024-07-10,15,345.86,51.88,293.98
163,1114,1,2024-07-10,14,51.98,1.04,50.94
164,1309,7,2024-07-10,7,278.02,27.8,250.21999999999997
165,1283,5,2024-07-11,26,188.74,3.77,184.97
166,1361,4,2024-07-11,26,126.65,19.0,107.65
167,1228,9,2024-07-11,5,173.78,8.69,165.09
168,1364,6,2024-07-11,14,105.58,5.28,100.3
169,1336,3,2024-07-11,34,133.83,6.69,127.14000000000001
170,1139,11,2024-07-11,27,102.34,2.05,100.29
171,1059,12,2024-07-11,12,197.78,19.78,178.0
172,1180,7,2024-07-11,14,74.02,1.48,72.53999999999999
173,1293,6,2024-07-11,3,33.28,0.67,32.61
174,1100,3,2024-07-11,17,139.91,7.0,132.91
175,1310,10,2024-07-11,6,192.83,19.28,173.55
176,1141,11,2024-07-11,28,250.25,25.03,225.22
177,1499,2,2024-07-11,32,142.62,2.85,139.77
178,1299,4,2024-07-11,17,206.07,4.12,201.95
179,1463,3,2024-07-11,14,343.98,51.6,292.38
180,1040,8,2024-07-11,26,74.24,7.42,66.82
181,1327,2,2024-07-11,23,96.39,4.82,91.57
182,1014,7,2024-07-12,25,83.61,12.54,71.07
183,1409,8,2024-07-12,14,49.63,2.48,47.150000000000006
184,1126,7,2024-07-12,27,75.26,3.76,71.5
185,1060,6,2024-07-12,10,147.09,22.06,125.03
186,1433,10,2024-07-12,9,162.02,3.24,158.78
187,1314,8,2024-07-12,14,240.28,12.01,228.27
188,1342,1,2024-07-12,9,178.45,3.57,174.88
189,1197,9,2024-07-12,11,29.72,0.59,29.13
190,1301,2,2024-07-12,9,159.48,7.97,151.51
191,1420,3,2024-07-12,22,204.85,10.24,194.60999999999999
192,1130,10,2024-07-12,32,285.26,28.53,256.73
193,1473,9,2024-07-12,30,92.13,1.84,90.28999999999999
194,1271,5,2024-07-12,25,198.47,3.97,194.5
195,1081,11,2024-07-12,18,244.47,4.89,239.58
196,1068,3,2024-07-12,9,138.12,13.81,124.31
197,1213,2,2024-07-12,23,198.09,9.9,188.19
198,1395,8,2024-07-13,7,23.85,1.19,22.66
199,1067,4,2024-07-13,5,26.59,1.33,25.259999999999998
200,1265,6,2024-07-13,25,176.84,3.54,173.3
201,1053,11,2024-07-13,27,83.23,8.32,74.91
202,1063,1,2024-07-13,32,226.33,11.32,215.01000000000002
203,1272,12,2024-07-13,19,301.62,45.24,256.38
204,1337,7,2024-07-13,20,87.42,1.75,85.67
205,1340,1,2024-07-13,15,259.92,25.99,233.93
206,1177,3,2024-07-13,14,70.57,1.41,69.16
207,1135,7,2024-07-13,28,23.01,2.3,20.71
208,1390,9,2024-07-13,5,81.15,1.62,79.53
209,1401,11,2024-07-13,20,80.72,1.61,79.11
210,1237,3,2024-07-13,17,98.88,1.98,96.89999999999999
211,1459,11,2024-07-13,4,101.85,10.19,91.66
212,1068,8,2024-07-13,32,297.74,29.77,267.97
213,1489,2,2024-07-13,27,242.8,36.42,206.38
214,1093,9,2024-07-13,5,202.73,10.14,192.58999999999997
215,1414,12,2024-07-14,4,99.76,4.99,94.77000000000001
216,1481,12,2024-07-14,5,154.84,3.1,151.74
217,1350,3,2024-07-14,7,245.04,4.9,240.14
218,1029,11,2024-07-14,12,277.79,13.89,263.90000000000003
219,1309,4,2024-07-14,31,277.39,27.74,249.64999999999998
220,1406,5,2024-07-14,9,147.6,2.95,144.65
221,1018,6,2024-07-14,11,85.93,1.72,84.21000000000001
222,1042,12,2024-07-14,20,203.91,10.2,193.71
223,1115,12,2024-07-14,29,144.96,2.9,142.06
224,1151,12,2024-07-14,15,165.88,8.29,157.59
225,1318,8,2024-07-14,9,124.49,2.49,122.0
226,1403,9,2024-07-14,29,124.83,2.5,122.33
227,1228,6,2024-07-14,18,181.91,9.1,172.81
228,1400,12,2024-07-14,22,57.0,1.14,55.86
229,1176,12,2024-07-14,23,186.9,3.74,183.16
230,1444,6,2024-07-14,30,176.0,8.8,167.2
231,1062,9,2024-07-15,10,163.85,3.28,160.57
232,1456,10,2024-07-15,5,20.36,2.04,18.32
233,1249,7,2024-07-15,13,223.84,4.48,219.36
234,1258,10,2024-07-15,20,127.95,6.4,121.55
235,1291,2,2024-07-15,25,246.67,4.93,241.73999999999998
236,1289,6,2024-07-15,8,39.62,0.79,38.83
237,1217,10,2024-07-15,15,26.19,1.31,24.880000000000003
238,1299,4,2024-07-15,9,144.03,2.88,141.15
239,1104,4,2024-07-15,31,119.85,5.99,113.86
240,1067,5,2024-07-15,15,222.9,11.15,211.75
241,1114,6,2024-07-15,17,158.56,3.17,155.39000000000001
242,1106,3,2024-07-15,20,121.59,6.08,115.51
243,1009,11,2024-07-15,10,249.77,24.98,224.79000000000002
244,1210,3,2024-07-15,17,305.82,30.58,275.24
245,1024,9,2024-07-15,14,75.27,3.76,71.50999999999999
246,1107,6,2024-07-15,5,206.02,10.3,195.72
247,1399,8,2024-07-16,20,125.56,6.28,119.28
248,1004,8,2024-07-16,5,58.77,5.88,52.89
249,1392,1,2024-07-16,28,170.49,3.41,167.08
250,1492,10,2024-07-16,5,231.23,4.62,226.60999999999999
251,1295,1,2024-07-16,17,140.84,2.82,138.02
252,1439,9,2024-07-16,5,116.7,2.33,114.37
253,1233,3,2024-07-16,5,170.16,17.02,153.14
254,1179,10,2024-07-16,8,229.56,11.48,218.08
255,1406,5,2024-07-16,8,114.11,2.28,111.83
256,1246,2,2024-07-16,22,288.05,28.81,259.24
257,1217,12,2024-07-16,18,177.02,8.85,168.17000000000002
258,1292,7,2024-07-16,18,237.32,35.6,201.72
259,1034,9,2024-07-16,10,171.91,8.6,163.31
260,1130,12,2024-07-16,10,159.16,15.92,143.24
261,1292,8,2024-07-16,29,119.22,17.88,101.34
262,1067,2,2024-07-16,17,68.23,3.41,64.82000000000001
263,1361,10,2024-07-16,18,61.78,9.27,52.510000000000005
264,1425,5,2024-07-17,32,178.11,8.91,169.20000000000002
265,1321,2,2024-07-17,17,144.18,14.42,129.76000000000002
266,1013,5,2024-07-17,15,236.23,11.81,224.42
267,1242,10,2024-07-17,24,110.68,2.21,108.47000000000001
268,1048,12,2024-07-17,27,219.78,4.4,215.38
269,1336,9,2024-07-17,7,108.55,5.43,103.12
270,1022,11,2024-07-17,30,22.2,2.22,19.98
271,1119,6,2024-07-17,16,46.14,6.92,39.22
272,1025,1,2024-07-17,32,287.74,28.77,258.97
273,1090,7,2024-07-17,20,168.13,8.41,159.72
274,1300,4,2024-07-17,6,112.85,2.26,110.58999999999999
275,1295,12,2024-07-17,34,245.51,4.91,240.6
276,1412,7,2024-07-17,18,145.82,7.29,138.53
277,1209,11,2024-07-17,15,245.66,12.28,233.38
278,1422,8,2024-07-17,11,184.32,3.69,180.63
279,1248,3,2024-07-17,31,220.07,4.4,215.67
280,1495,1,2024-07-18,15,29.3,4.39,24.91
281,1240,12,2024-07-18,15,236.59,11.83,224.76
282,1265,9,2024-07-18,28,86.1,1.72,84.38
283,1391,5,2024-07-18,7,282.7,14.13,268.57
284,1426,8,2024-07-18,3,24.66,2.47,22.19
285,1331,11,2024-07-18,4,113.71,2.27,111.44
286,1423,4,2024-07-18,26,272.87,13.64,259.23
287,1266,5,2024-07-18,14,118.9,2.38,116.52000000000001
288,1271,8,2024-07-18,10,137.29,2.75,134.54
289,1230,1,2024-07-18,9,214.54,10.73,203.81
290,1154,10,2024-07-18,33,85.75,1.72,84.03
291,1309,6,2024-07-18,34,150.81,15.08,135.73
292,1436,5,2024-07-18,32,168.04,3.36,164.67999999999998
293,1477,11,2024-07-18,11,220.07,4.4,215.67
294,1032,4,2024-07-18,13,252.72,25.27,227.45
295,1492,3,2024-07-18,8,190.23,3.8,186.42999999999998
296,1225,10,2024-07-19,7,100.01,2.0,98.01
297,1014,12,2024-07-19,20,242.13,36.32,205.81
298,1092,2,2024-07-19,23,195.86,3.92,191.94000000000003
299,1032,3,2024-07-19,14,257.82,25.78,232.04
300,1219,12,2024-07-19,16,146.04,2.92,143.12
301,1164,6,2024-07-19,4,210.24,4.2,206.04000000000002
302,1236,3,2024-07-19,29,272.0,40.8,231.2
303,1268,11,2024-07-19,20,254.05,12.7,241.35000000000002
304,1016,4,2024-07-19,11,60.02,1.2,58.82
305,1090,8,2024-07-19,20,124.75,6.24,118.51
306,1463,6,2024-07-19,34,286.33,42.95,243.38
307,1035,5,2024-07-19,22,228.4,11.42,216.98000000000002
308,1416,9,2024-07-19,21,41.0,2.05,38.95
309,1130,1,2024-07-19,18,54.33,5.43,48.9
310,1095,3,2024-07-19,32,319.42,31.94,287.48
311,1298,6,2024-07-19,29,71.6,3.58,68.02
312,1371,11,2024-07-19,18,221.98,33.3,188.68
313,1309,9,2024-07-20,18,42.3,4.23,38.06999999999999
314,1206,4,2024-07-20,16,196.96,3.94,193.02
315,1436,8,2024-07-20,17,51.55,1.03,50.519999999999996
316,1355,11,2024-07-20,26,79.16,1.58,77.58
317,1153,2,2024-07-20,20,177.44,3.55,173.89
318,1199,9,2024-07-20,21,108.81,10.88,97.93
319,1402,12,2024-07-20,31,144.12,2.88,141.24
320,1181,6,2024-07-20,26,40.06,6.01,34.050000000000004
321,1039,10,2024-07-20,13,268.27,13.41,254.85999999999999
322,1066,8,2024-07-20,20,243.26,4.87,238.39
323,1246,12,2024-07-20,21,36.13,3.61,32.52
324,1058,2,2024-07-20,15,238.51,23.85,214.66
325,1369,3,2024-07-20,11,281.39,14.07,267.32
326,1198,12,2024-07-20,28,37.08,3.71,33.37
327,1453,10,2024-07-20,24,222.24,33.34,188.9
328,1236,2,2024-07-20,27,358.82,53.82,305.0
329,1394,9,2024-07-21,33,229.59,4.59,225.0
330,1244,5,2024-07-21,32,60.73,1.21,59.519999999999996
331,1242,8,2024-07-21,29,142.9,2.86,140.04
332,1041,10,2024-07-21,10,127.5,2.55,124.95
333,1349,5,2024-07-21,23,301.65,30.16,271.48999999999995
334,1319,11,2024-07-21,22,27.72,1.39,26.33
335,1436,10,2024-07-21,25,126.21,2.52,123.69
336,1234,9,2024-07-21,5,230.77,11.54,219.23000000000002
337,1272,11,2024-07-21,18,296.33,44.45,251.88
338,1086,1,2024-07-21,18,158.84,23.83,135.01
339,1188,7,2024-07-21,23,19.2,0.96,18.24
340,1162,5,2024-07-21,8,71.6,1.43,70.16999999999999
341,1416,1,2024-07-21,3,57.97,2.9,55.07
342,1457,3,2024-07-21,4,131.84,2.64,129.20000000000002
343,1014,7,2024-07-21,5,233.97,35.1,198.87
344,1220,4,2024-07-21,10,267.43,13.37,254.06
345,1395,1,2024-07-21,9,31.2,1.56,29.64
346,1189,8,2024-07-22,3,239.37,11.97,227.4
347,1154,5,2024-07-22,13,199.28,3.99,195.29
348,1104,2,2024-07-22,10,261.43,13.07,248.36
349,1474,9,2024-07-22,10,154.5,3.09,151.41
350,1168,12,2024-07-22,21,34.08,5.11,28.97
351,1186,9,2024-07-22,27,86.84,13.03,73.81
352,1045,11,2024-07-22,21,39.04,0.78,38.26
353,1359,3,2024-07-22,23,131.34,2.63,128.71
354,1249,6,2024-07-22,22,75.43,1.51,73.92
355,1126,7,2024-07-22,16,161.14,8.06,153.07999999999998
356,1216,12,2024-07-22,12,24.8,0.5,24.3
357,1425,2,2024-07-22,25,117.28,5.86,111.42
358,1265,9,2024-07-22,9,68.89,1.38,67.51
359,1304,9,2024-07-22,3,209.52,31.43,178.09
360,1305,11,2024-07-22,20,188.24,28.24,160.0
361,1055,6,2024-07-22,11,219.34,4.39,214.95000000000002
362,1363,8,2024-07-23,26,151.76,22.76,129.0
363,1492,1,2024-07-23,30,165.48,3.31,162.17
364,1024,5,2024-07-23,31,250.84,12.54,238.3
365,1049,9,2024-07-23,4,139.62,2.79,136.83
366,1387,1,2024-07-23,33,299.83,44.97,254.85999999999999
367,1116,8,2024-07-23,18,128.34,2.57,125.77000000000001
368,1466,10,2024-07-23,30,223.31,4.47,218.84
369,1054,6,2024-07-23,3,88.37,1.77,86.60000000000001
370,1042,8,2024-07-23,5,266.33,13.32,253.01
371,1470,4,2024-07-23,23,140.9,7.05,133.85
372,1423,10,2024-07-23,13,235.03,11.75,223.28
373,1436,9,2024-07-23,14,197.81,3.96,193.85
374,1482,10,2024-07-23,34,324.22,32.42,291.8
375,1277,6,2024-07-23,18,165.53,8.28,157.25
376,1074,7,2024-07-23,29,19.68,0.39,19.29
377,1294,11,2024-07-23,21,139.84,13.98,125.86
378,1321,8,2024-07-24,31,106.22,10.62,95.6
379,1447,12,2024-07-24,18,115.98,2.32,113.66000000000001
380,1098,1,2024-07-24,11,141.34,14.13,127.21000000000001
381,1003,1,2024-07-24,18,71.96,1.44,70.52
382,1498,3,2024-07-24,9,240.19,4.8,235.39
383,1196,12,2024-07-24,23,146.53,2.93,143.6
384,1181,7,2024-07-24,14,125.38,18.81,106.57
385,1309,9,2024-07-24,12,242.23,24.22,218.01
386,1321,2,2024-07-24,33,249.96,25.0,224.96
387,1432,9,2024-07-24,28,106.99,10.7,96.28999999999999
388,1494,11,2024-07-24,32,260.66,13.03,247.63000000000002
389,1376,5,2024-07-24,30,166.92,3.34,163.57999999999998
390,1167,5,2024-07-24,17,195.13,3.9,191.23
391,1008,10,2024-07-24,18,35.64,1.78,33.86
392,1493,11,2024-07-24,19,255.87,12.79,243.08
393,1122,11,2024-07-24,14,185.1,3.7,181.4
394,1365,9,2024-07-24,4,283.53,28.35,255.17999999999998
395,1158,1,2024-07-25,34,87.02,4.35,82.67
396,1309,1,2024-07-25,7,163.92,16.39,147.52999999999997
397,1261,5,2024-07-25,4,135.64,2.71,132.92999999999998
398,1377,7,2024-07-25,11,69.18,3.46,65.72000000000001
399,1305,9,2024-07-25,31,55.9,8.38,47.519999999999996
400,1224,7,2024-07-25,34,34.1,0.68,33.42
401,1205,6,2024-07-25,33,249.34,4.99,244.35
402,1185,8,2024-07-25,33,55.06,2.75,52.31
403,1004,7,2024-07-25,34,242.97,24.3,218.67
404,1334,1,2024-07-25,19,75.38,1.51,73.86999999999999
405,1292,7,2024-07-25,27,232.89,34.93,197.95999999999998
406,1181,10,2024-07-25,28,187.22,28.08,159.14
407,1274,9,2024-07-25,34,17.3,0.35,16.95
408,1458,3,2024-07-25,19,175.44,8.77,166.67
409,1006,11,2024-07-25,9,53.84,1.08,52.760000000000005
410,1254,5,2024-07-25,20,148.58,2.97,145.61
411,1430,8,2024-07-26,18,193.22,9.66,183.56
412,1115,1,2024-07-26,34,227.16,4.54,222.62
413,1454,9,2024-07-26,10,274.96,27.5,247.45999999999998
414,1057,2,2024-07-26,23,234.63,11.73,222.9
415,1441,2,2024-07-26,21,111.12,2.22,108.9
416,1086,8,2024-07-26,6,232.86,34.93,197.93
417,1168,8,2024-07-26,29,300.0,45.0,255.0
418,1278,3,2024-07-26,14,38.95,3.9,35.050000000000004
419,1048,12,2024-07-26,31,83.83,1.68,82.14999999999999
420,1097,9,2024-07-26,34,106.69,5.33,101.36
421,1302,3,2024-07-26,8,58.88,2.94,55.940000000000005
422,1203,1,2024-07-26,5,54.61,1.09,53.519999999999996
423,1216,4,2024-07-26,18,162.41,3.25,159.16
424,1264,7,2024-07-26,11,287.01,43.05,243.95999999999998
425,1119,3,2024-07-26,9,369.88,55.48,314.4
426,1464,1,2024-07-26,28,24.01,0.48,23.53
427,1071,12,2024-07-26,9,139.55,6.98,132.57000000000002
428,1363,9,2024-07-27,22,239.4,35.91,203.49
429,1155,11,2024-07-27,17,209.12,4.18,204.94
430,1424,5,2024-07-27,24,91.17,1.82,89.35000000000001
431,1416,1,2024-07-27,34,81.25,4.06,77.19
432,1380,6,2024-07-27,22,183.68,3.67,180.01000000000002
433,1442,8,2024-07-27,7,29.31,1.47,27.84
434,1442,12,2024-07-27,25,154.53,7.73,146.8
435,1202,5,2024-07-27,28,178.09,8.9,169.19
436,1401,9,2024-07-27,12,128.37,2.57,125.80000000000001
437,1186,9,2024-07-27,17,228.96,34.34,194.62
438,1230,5,2024-07-27,34,120.12,6.01,114.11
439,1174,1,2024-07-27,5,244.01,12.2,231.81
440,1125,4,2024-07-27,32,178.12,3.56,174.56
441,1473,10,2024-07-27,13,246.38,4.93,241.45
442,1187,12,2024-07-27,30,185.4,9.27,176.13
443,1310,8,2024-07-27,7,292.4,29.24,263.15999999999997
444,1322,9,2024-07-28,31,268.07,26.81,241.26
445,1114,4,2024-07-28,25,51.91,1.04,50.87
446,1447,7,2024-07-28,4,217.76,4.36,213.39999999999998
447,1145,3,2024-07-28,23,172.98,8.65,164.32999999999998
448,1464,3,2024-07-28,28,127.84,2.56,125.28
449,1141,8,2024-07-28,25,26.9,2.69,24.209999999999997
450,1444,10,2024-07-28,29,147.22,7.36,139.85999999999999
451,1467,11,2024-07-28,19,158.46,3.17,155.29000000000002
452,1304,5,2024-07-28,5,45.88,6.88,39.0
453,1429,9,2024-07-28,8,155.61,15.56,140.05
454,1296,2,2024-07-28,11,221.77,4.44,217.33
455,1219,7,2024-07-28,5,183.73,3.67,180.06
456,1439,2,2024-07-28,27,137.04,2.74,134.29999999999998
457,1441,6,2024-07-28,14,39.17,0.78,38.39
458,1037,4,2024-07-28,24,155.56,3.11,152.45
459,1454,10,2024-07-28,4,264.21,26.42,237.78999999999996
460,1492,8,2024-07-29,4,79.73,1.59,78.14
461,1257,11,2024-07-29,14,92.09,4.6,87.49000000000001
462,1106,7,2024-07-29,31,164.0,8.2,155.8
463,1266,2,2024-07-29,9,73.04,1.46,71.58000000000001
464,1493,10,2024-07-29,8,111.42,5.57,105.85
465,1140,7,2024-07-29,9,36.52,3.65,32.870000000000005
466,1055,2,2024-07-29,24,104.46,2.09,102.36999999999999
467,1162,3,2024-07-29,23,67.81,1.36,66.45
468,1368,2,2024-07-29,22,70.24,1.4,68.83999999999999
469,1290,3,2024-07-29,16,225.26,11.26,214.0
470,1332,5,2024-07-29,26,278.45,27.84,250.60999999999999
471,1118,11,2024-07-29,27,244.06,24.41,219.65
472,1304,4,2024-07-29,5,77.61,11.64,65.97
473,1093,8,2024-07-29,6,203.03,10.15,192.88
474,1014,8,2024-07-29,15,269.24,40.39,228.85000000000002
475,1038,5,2024-07-29,31,20.85,0.42,20.43
476,1215,1,2024-07-29,23,150.06,7.5,142.56
477,1253,6,2024-07-30,16,37.26,0.75,36.51
478,1280,6,2024-07-30,26,243.47,4.87,238.6
479,1206,5,2024-07-30,34,244.72,4.89,239.83
480,1383,6,2024-07-30,19,94.6,1.89,92.71
481,1376,10,2024-07-30,16,195.77,3.92,191.85000000000002
482,1426,6,2024-07-30,9,126.26,12.63,113.63000000000001
483,1126,8,2024-07-30,4,162.72,8.14,154.57999999999998
484,1349,8,2024-07-30,22,113.5,11.35,102.15
485,1038,7,2024-07-30,33,178.66,3.57,175.09
486,1237,12,2024-07-30,9,30.34,0.61,29.73
487,1204,2,2024-07-30,16,217.98,4.36,213.61999999999998
488,1275,6,2024-07-30,21,162.33,3.25,159.08
489,1438,6,2024-07-30,6,160.95,3.22,157.73
490,1247,6,2024-07-30,31,230.04,4.6,225.44
491,1293,9,2024-07-30,7,249.89,5.0,244.89
492,1368,1,2024-07-30,13,155.71,3.11,152.6
493,1464,11,2024-07-31,5,112.08,2.24,109.84
494,1102,11,2024-07-31,16,62.79,1.26,61.53
495,1421,9,2024-07-31,14,107.23,2.14,105.09
496,1333,9,2024-07-31,5,157.05,3.14,153.91000000000003
497,1254,5,2024-07-31,28,121.09,2.42,118.67
498,1380,4,2024-07-31,18,114.34,2.29,112.05
499,1046,6,2024-07-31,9,174.21,3.48,170.73000000000002
500,1354,2,2024-07-31,5,142.73,21.41,121.32
501,1146,6,2024-07-31,8,109.79,2.2,107.59
502,1420,2,2024-07-31,24,274.6,13.73,260.87
503,1151,1,2024-07-31,13,202.79,10.14,192.64999999999998
504,1477,8,2024-07-31,14,57.69,1.15,56.54
505,1113,6,2024-07-31,25,249.02,4.98,244.04000000000002
506,1127,1,2024-07-31,25,20.87,0.42,20.45
507,1161,4,2024-07-31,26,235.26,4.71,230.54999999999998
508,1059,12,2024-07-31,13,156.13,15.61,140.51999999999998
509,1236,5,2024-07-31,27,199.5,29.92,169.57999999999998
510,1360,12,2024-08-01,18,190.82,28.62,162.2
511,1235,4,2024-08-01,21,230.29,4.61,225.67999999999998
512,1288,12,2024-08-01,16,98.29,4.91,93.38000000000001
513,1470,6,2024-08-01,14,124.66,6.23,118.42999999999999
514,1051,2,2024-08-01,22,63.73,1.27,62.459999999999994
515,1443,11,2024-08-01,32,89.46,4.47,84.99
516,1086,4,2024-08-01,21,271.98,40.8,231.18
517,1367,5,2024-08-01,22,186.56,9.33,177.23
518,1281,2,2024-08-01,7,191.49,3.83,187.66
519,1035,3,2024-08-01,23,92.75,4.64,88.11
520,1034,5,2024-08-01,11,122.76,6.14,116.62
521,1251,4,2024-08-01,26,291.49,29.15,262.34000000000003
522,1485,1,2024-08-01,13,198.93,3.98,194.95000000000002
523,1304,4,2024-08-01,17,281.04,42.16,238.88000000000002
524,1075,3,2024-08-01,10,204.99,10.25,194.74
525,1495,1,2024-08-01,21,95.48,14.32,81.16
526,1426,1,2024-08-02,14,135.37,13.54,121.83000000000001
527,1263,7,2024-08-02,28,109.99,5.5,104.49
528,1004,1,2024-08-02,26,68.46,6.85,61.60999999999999
529,1180,10,2024-08-02,11,61.95,1.24,60.71
530,1039,8,2024-08-02,13,124.25,6.21,118.04
531,1310,1,2024-08-02,34,161.51,16.15,145.35999999999999
532,1324,5,2024-08-02,13,238.22,23.82,214.4
533,1357,8,2024-08-02,30,143.97,7.2,136.77
534,1365,5,2024-08-02,10,264.04,26.4,237.64000000000001
535,1496,4,2024-08-02,22,53.09,5.31,47.78
536,1234,5,2024-08-02,3,276.68,13.83,262.85
537,1196,2,2024-08-02,22,74.53,1.49,73.04
538,1170,5,2024-08-02,24,88.05,13.21,74.84
539,1088,2,2024-08-02,24,127.45,6.37,121.08
540,1059,4,2024-08-02,3,35.2,3.52,31.680000000000003
541,1330,3,2024-08-02,32,49.49,0.99,48.5
542,1158,12,2024-08-03,22,212.6,10.63,201.97
543,1340,5,2024-08-03,19,173.65,17.37,156.28
544,1262,10,2024-08-03,33,27.42,4.11,23.310000000000002
545,1359,8,2024-08-03,27,37.53,0.75,36.78
546,1246,1,2024-08-03,30,175.28,17.53,157.75
547,1131,10,2024-08-03,32,180.01,3.6,176.41
548,1097,8,2024-08-03,9,160.71,8.04,152.67000000000002
549,1470,7,2024-08-03,33,62.02,3.1,58.92
550,1050,9,2024-08-03,6,106.78,10.68,96.1
551,1068,11,2024-08-03,30,293.24,29.32,263.92
552,1012,10,2024-08-03,34,130.62,2.61,128.01
553,1385,9,2024-08-03,27,128.05,2.56,125.49000000000001
554,1136,7,2024-08-03,3,134.95,6.75,128.2
555,1262,3,2024-08-03,31,267.94,40.19,227.75
556,1287,3,2024-08-03,17,99.24,9.92,89.32
557,1282,7,2024-08-03,4,16.93,0.34,16.59
558,1114,2,2024-08-03,13,223.09,4.46,218.63
559,1210,8,2024-08-04,3,62.0,6.2,55.8
560,1185,4,2024-08-04,15,267.9,13.39,254.51
561,1278,1,2024-08-04,24,257.5,25.75,231.75
562,1460,3,2024-08-04,8,121.43,12.14,109.29
563,1393,4,2024-08-04,5,200.68,4.01,196.67000000000002
564,1076,2,2024-08-04,9,156.32,3.13,153.19
565,1391,5,2024-08-04,11,27.11,1.36,25.75
566,1403,3,2024-08-04,22,50.89,1.02,49.87
567,1238,9,2024-08-04,3,178.32,3.57,174.75
568,1281,6,2024-08-04,6,103.4,2.07,101.33000000000001
569,1098,11,2024-08-04,27,139.74,13.97,125.77000000000001
570,1238,8,2024-08-04,19,147.15,2.94,144.21
571,1158,12,2024-08-04,5,48.76,2.44,46.32
572,1434,10,2024-08-04,7,122.62,6.13,116.49000000000001
573,1265,1,2024-08-04,24,164.96,3.3,161.66
574,1181,8,2024-08-04,21,186.92,28.04,158.88
575,1404,2,2024-08-05,5,145.08,2.9,142.18
576,1489,4,2024-08-05,9,122.38,18.36,104.02
577,1284,2,2024-08-05,7,238.8,11.94,226.86
578,1220,6,2024-08-05,21,275.95,13.8,262.15
579,1014,12,2024-08-05,20,95.04,14.26,80.78
580,1014,11,2024-08-05,26,222.21,33.33,188.88
581,1125,10,2024-08-05,12,121.36,2.43,118.92999999999999
582,1324,7,2024-08-05,21,236.38,23.64,212.74
583,1004,10,2024-08-05,34,134.33,13.43,120.9
584,1199,9,2024-08-05,13,192.19,19.22,172.97
585,1288,9,2024-08-05,5,284.35,14.22,270.13
586,1341,12,2024-08-05,31,179.79,3.6,176.19
587,1103,12,2024-08-05,32,110.97,2.22,108.75
588,1092,6,2024-08-05,12,245.34,4.91,240.43
589,1100,6,2024-08-05,30,61.87,3.09,58.78
590,1384,10,2024-08-05,12,205.56,10.28,195.28
591,1126,3,2024-08-06,21,120.88,6.04,114.83999999999999
592,1477,4,2024-08-06,10,108.64,2.17,106.47
593,1071,9,2024-08-06,32,181.64,9.08,172.55999999999997
594,1159,6,2024-08-06,30,227.91,11.4,216.51
595,1288,9,2024-08-06,28,191.44,9.57,181.87
596,1363,2,2024-08-06,3,336.5,50.48,286.02
597,1203,1,2024-08-06,13,149.25,2.98,146.27
598,1221,8,2024-08-06,26,107.53,2.15,105.38
599,1431,11,2024-08-06,28,120.84,2.42,118.42
600,1279,9,2024-08-06,33,226.44,4.53,221.91
601,1259,9,2024-08-06,31,162.03,24.3,137.73
602,1063,2,2024-08-06,29,282.97,14.15,268.82000000000005
603,1370,9,2024-08-06,31,149.76,7.49,142.26999999999998
604,1053,5,2024-08-06,10,244.5,24.45,220.05
605,1152,4,2024-08-06,19,88.22,4.41,83.81
606,1323,2,2024-08-06,28,115.86,2.32,113.54
607,1213,2,2024-08-06,23,175.66,8.78,166.88
608,1386,6,2024-08-07,23,211.82,10.59,201.23
609,1235,4,2024-08-07,25,50.38,1.01,49.370000000000005
610,1228,10,2024-08-07,7,277.46,13.87,263.59
611,1363,3,2024-08-07,9,334.24,50.14,284.1
612,1461,2,2024-08-07,5,180.76,9.04,171.72
613,1261,11,2024-08-07,24,35.82,0.72,35.1
614,1304,11,2024-08-07,33,313.62,47.04,266.58
615,1495,10,2024-08-07,15,62.54,9.38,53.16
616,1498,5,2024-08-07,8,192.69,3.85,188.84
617,1068,5,2024-08-07,6,27.36,2.74,24.619999999999997
618,1340,5,2024-08-07,11,301.0,30.1,270.9
619,1488,4,2024-08-07,30,59.92,1.2,58.72
620,1320,4,2024-08-07,10,297.86,29.79,268.07
621,1266,11,2024-08-07,28,225.31,4.51,220.8
622,1257,8,2024-08-07,25,275.6,13.78,261.82000000000005
623,1354,6,2024-08-07,21,216.72,32.51,184.21
624,1349,5,2024-08-08,6,286.91,28.69,258.22
625,1201,1,2024-08-08,26,211.55,4.23,207.32000000000002
626,1405,5,2024-08-08,34,247.98,4.96,243.01999999999998
627,1065,10,2024-08-08,22,159.07,7.95,151.12
628,1056,6,2024-08-08,14,201.73,4.03,197.7
629,1166,9,2024-08-08,27,203.86,10.19,193.67000000000002
630,1464,10,2024-08-08,29,218.06,4.36,213.7
631,1435,8,2024-08-08,28,258.77,12.94,245.82999999999998
632,1133,7,2024-08-08,32,31.69,1.58,30.11
633,1101,4,2024-08-08,31,197.01,9.85,187.16
634,1463,11,2024-08-08,10,372.8,55.92,316.88
635,1264,2,2024-08-08,4,129.27,19.39,109.88000000000001
636,1396,6,2024-08-08,10,228.04,11.4,216.64
637,1107,7,2024-08-08,25,148.59,7.43,141.16
638,1259,4,2024-08-08,12,102.94,15.44,87.5
639,1053,10,2024-08-08,3,299.29,29.93,269.36
640,1370,3,2024-08-08,16,282.01,14.1,267.90999999999997
641,1340,9,2024-08-09,3,135.41,13.54,121.87
642,1056,10,2024-08-09,28,25.36,0.51,24.849999999999998
643,1387,3,2024-08-09,7,133.47,20.02,113.45
644,1329,3,2024-08-09,29,209.38,10.47,198.91
645,1500,10,2024-08-09,29,111.54,5.58,105.96000000000001
646,1371,12,2024-08-09,14,303.96,45.59,258.37
647,1286,6,2024-08-09,20,90.74,1.81,88.92999999999999
648,1032,8,2024-08-09,21,286.9,28.69,258.21
649,1222,5,2024-08-09,27,68.23,1.36,66.87
650,1430,6,2024-08-09,26,24.75,1.24,23.51
651,1358,2,2024-08-09,29,212.15,4.24,207.91
652,1075,1,2024-08-09,14,95.84,4.79,91.05
653,1161,5,2024-08-09,32,84.17,1.68,82.49
654,1207,7,2024-08-09,32,161.54,8.08,153.45999999999998
655,1095,10,2024-08-09,28,278.62,27.86,250.76
656,1370,3,2024-08-09,30,253.9,12.7,241.20000000000002
657,1399,6,2024-08-10,23,141.78,7.09,134.69
658,1273,9,2024-08-10,3,252.01,12.6,239.41
659,1267,5,2024-08-10,21,91.69,1.83,89.86
660,1460,1,2024-08-10,22,45.04,4.5,40.54
661,1133,2,2024-08-10,25,147.3,7.37,139.93
662,1401,8,2024-08-10,23,101.4,2.03,99.37
663,1268,12,2024-08-10,11,104.32,5.22,99.1
664,1204,3,2024-08-10,10,235.15,4.7,230.45000000000002
665,1108,6,2024-08-10,14,181.91,9.1,172.81
666,1429,7,2024-08-10,17,252.2,25.22,226.98
667,1481,1,2024-08-10,34,247.01,4.94,242.07
668,1400,6,2024-08-10,24,147.9,2.96,144.94
669,1247,8,2024-08-10,3,165.22,3.3,161.92
670,1182,5,2024-08-10,11,172.35,3.45,168.9
671,1299,3,2024-08-10,20,51.82,1.04,50.78
672,1316,5,2024-08-10,27,85.69,1.71,83.98
673,1287,2,2024-08-11,5,155.44,15.54,139.9
674,1107,6,2024-08-11,21,120.24,6.01,114.22999999999999
675,1215,12,2024-08-11,31,246.43,12.32,234.11
676,1035,8,2024-08-11,8,74.84,3.74,71.10000000000001
677,1300,4,2024-08-11,32,95.8,1.92,93.88
678,1369,7,2024-08-11,17,240.63,12.03,228.6
679,1233,5,2024-08-11,9,244.88,24.49,220.39
680,1204,12,2024-08-11,33,58.74,1.17,57.57
681,1035,5,2024-08-11,11,273.08,13.65,259.43
682,1416,11,2024-08-11,26,34.18,1.71,32.47
683,1449,1,2024-08-11,32,230.84,4.62,226.22
684,1126,1,2024-08-11,30,119.54,5.98,113.56
685,1181,5,2024-08-11,11,56.14,8.42,47.72
686,1132,10,2024-08-11,21,151.67,7.58,144.08999999999997
687,1238,12,2024-08-11,33,90.64,1.81,88.83
688,1360,8,2024-08-11,5,26.02,3.9,22.12
689,1215,5,2024-08-11,29,93.01,4.65,88.36
690,1316,2,2024-08-12,32,112.28,2.25,110.03
691,1488,5,2024-08-12,14,218.39,4.37,214.01999999999998
692,1499,9,2024-08-12,32,175.29,3.51,171.78
693,1108,6,2024-08-12,26,215.84,10.79,205.05
694,1405,12,2024-08-12,29,231.31,4.63,226.68
695,1211,5,2024-08-12,10,49.32,0.99,48.33
696,1209,9,2024-08-12,16,157.61,7.88,149.73000000000002
697,1181,2,2024-08-12,15,236.07,35.41,200.66
698,1389,11,2024-08-12,26,214.6,10.73,203.87
699,1141,2,2024-08-12,24,48.39,4.84,43.55
700,1041,3,2024-08-12,22,227.91,4.56,223.35
701,1016,12,2024-08-12,19,128.35,2.57,125.78
702,1063,6,2024-08-12,5,129.79,6.49,123.3
703,1461,2,2024-08-12,18,42.9,2.15,40.75
704,1144,12,2024-08-12,26,94.82,1.9,92.91999999999999
705,1147,1,2024-08-12,29,250.52,12.53,237.99
706,1223,3,2024-08-13,4,151.0,3.02,147.98
707,1217,1,2024-08-13,13,21.61,1.08,20.53
708,1276,12,2024-08-13,31,135.56,6.78,128.78
709,1069,8,2024-08-13,33,260.62,13.03,247.59
710,1061,1,2024-08-13,15,200.94,10.05,190.89
711,1484,9,2024-08-13,18,176.22,17.62,158.6
712,1440,4,2024-08-13,26,165.18,3.3,161.88
713,1042,12,2024-08-13,27,280.01,14.0,266.01
714,1004,4,2024-08-13,17,68.65,6.87,61.78000000000001
715,1239,3,2024-08-13,3,127.49,6.37,121.11999999999999
716,1232,3,2024-08-13,17,187.69,9.38,178.31
717,1057,7,2024-08-13,19,165.51,8.28,157.23
718,1264,10,2024-08-13,33,36.75,5.51,31.240000000000002
719,1114,3,2024-08-13,14,139.15,2.78,136.37
720,1344,12,2024-08-13,34,90.48,9.05,81.43
721,1138,4,2024-08-13,13,28.35,0.57,27.78
722,1250,12,2024-08-13,4,237.02,35.55,201.47000000000003
723,1431,1,2024-08-14,4,122.74,2.45,120.28999999999999
724,1376,7,2024-08-14,19,116.23,2.32,113.91000000000001
725,1147,11,2024-08-14,3,266.91,13.35,253.56000000000003
726,1232,10,2024-08-14,11,216.61,10.83,205.78
727,1176,4,2024-08-14,12,233.57,4.67,228.9
728,1457,9,2024-08-14,16,155.29,3.11,152.17999999999998
729,1461,2,2024-08-14,8,247.97,12.4,235.57
730,1061,3,2024-08-14,24,251.47,12.57,238.9
731,1318,7,2024-08-14,32,204.9,4.1,200.8
732,1118,3,2024-08-14,3,218.82,21.88,196.94
733,1432,1,2024-08-14,27,69.03,6.9,62.13
734,1095,12,2024-08-14,19,292.1,29.21,262.89000000000004
735,1021,10,2024-08-14,24,226.57,11.33,215.23999999999998
736,1045,6,2024-08-14,30,88.9,1.78,87.12
737,1276,5,2024-08-14,6,137.67,6.88,130.79
738,1387,5,2024-08-14,28,291.03,43.65,247.37999999999997
739,1389,11,2024-08-15,20,84.38,4.22,80.16
740,1292,9,2024-08-15,30,310.58,46.59,263.99
741,1318,7,2024-08-15,7,115.38,2.31,113.07
742,1451,8,2024-08-15,29,69.76,3.49,66.27000000000001
743,1460,8,2024-08-15,4,268.58,26.86,241.71999999999997
744,1055,9,2024-08-15,13,94.74,1.89,92.85
745,1491,12,2024-08-15,12,57.7,1.15,56.550000000000004
746,1415,10,2024-08-15,29,279.67,13.98,265.69
747,1141,9,2024-08-15,17,143.49,14.35,129.14000000000001
748,1056,10,2024-08-15,26,150.05,3.0,147.05
749,1304,10,2024-08-15,19,222.57,33.39,189.18
750,1364,12,2024-08-15,13,275.93,13.8,262.13
751,1097,12,2024-08-15,10,227.94,11.4,216.54
752,1263,8,2024-08-15,13,145.2,7.26,137.94
753,1366,5,2024-08-15,7,22.3,0.45,21.85
754,1303,3,2024-08-15,31,200.9,10.05,190.85
755,1291,8,2024-08-16,26,83.9,1.68,82.22
756,1317,11,2024-08-16,24,209.48,10.47,199.01
757,1253,10,2024-08-16,25,58.72,1.17,57.55
758,1425,12,2024-08-16,5,214.1,10.71,203.39
759,1033,7,2024-08-16,22,117.73,5.89,111.84
760,1089,7,2024-08-16,6,16.41,0.33,16.080000000000002
761,1262,6,2024-08-16,12,241.09,36.16,204.93
762,1352,2,2024-08-16,18,130.63,2.61,128.01999999999998
763,1287,3,2024-08-16,28,150.4,15.04,135.36
764,1423,10,2024-08-16,30,49.59,2.48,47.11000000000001
765,1273,10,2024-08-16,33,52.27,2.61,49.660000000000004
766,1489,9,2024-08-16,12,134.68,20.2,114.48
767,1482,3,2024-08-16,34,196.64,19.66,176.98
768,1332,8,2024-08-16,23,315.24,31.52,283.72
769,1179,10,2024-08-16,10,37.95,1.9,36.050000000000004
770,1052,11,2024-08-16,26,227.71,4.55,223.16
771,1456,1,2024-08-16,7,235.78,23.58,212.2
772,1042,9,2024-08-17,24,209.99,10.5,199.49
773,1357,7,2024-08-17,20,66.91,3.35,63.559999999999995
774,1241,8,2024-08-17,10,112.43,2.25,110.18
775,1120,1,2024-08-17,25,231.37,4.63,226.74
776,1229,6,2024-08-17,18,96.63,1.93,94.69999999999999
777,1439,11,2024-08-17,20,147.19,2.94,144.25
778,1429,5,2024-08-17,20,294.38,29.44,264.94
779,1226,11,2024-08-17,7,216.82,4.34,212.48
780,1048,5,2024-08-17,3,177.78,3.56,174.22
781,1059,9,2024-08-17,9,275.98,27.6,248.38000000000002
782,1353,12,2024-08-17,7,66.17,1.32,64.85000000000001
783,1175,6,2024-08-17,23,210.66,10.53,200.13
784,1168,12,2024-08-17,32,328.83,49.32,279.51
785,1186,7,2024-08-17,17,137.1,20.56,116.53999999999999
786,1286,5,2024-08-17,12,235.06,4.7,230.36
787,1481,1,2024-08-17,28,240.22,4.8,235.42
788,1225,3,2024-08-18,34,162.68,3.25,159.43
789,1324,8,2024-08-18,23,206.34,20.63,185.71
790,1206,7,2024-08-18,8,69.73,1.39,68.34
791,1098,2,2024-08-18,34,211.25,21.12,190.13
792,1041,5,2024-08-18,10,222.76,4.46,218.29999999999998
793,1218,8,2024-08-18,12,175.97,8.8,167.17
794,1032,6,2024-08-18,26,197.2,19.72,177.48
795,1008,5,2024-08-18,11,119.8,5.99,113.81
796,1043,9,2024-08-18,27,208.78,10.44,198.34
797,1357,8,2024-08-18,18,230.51,11.53,218.98
798,1468,2,2024-08-18,23,229.56,11.48,218.08
799,1422,1,2024-08-18,8,211.67,4.23,207.44
800,1032,3,2024-08-18,7,199.19,19.92,179.26999999999998
801,1444,12,2024-08-18,27,84.87,4.24,80.63000000000001
802,1005,11,2024-08-18,6,239.4,4.79,234.61
803,1349,2,2024-08-18,10,187.1,18.71,168.39
804,1302,11,2024-08-18,28,43.57,2.18,41.39
805,1347,5,2024-08-19,8,209.39,4.19,205.2
806,1496,1,2024-08-19,12,290.71,29.07,261.64
807,1056,5,2024-08-19,5,170.63,3.41,167.22
808,1164,4,2024-08-19,32,27.08,0.54,26.54
809,1213,1,2024-08-19,24,260.61,13.03,247.58
810,1286,12,2024-08-19,11,58.07,1.16,56.910000000000004
811,1330,10,2024-08-19,7,213.95,4.28,209.67
812,1090,1,2024-08-19,30,247.18,12.36,234.82
813,1414,9,2024-08-19,28,119.55,5.98,113.57
814,1375,4,2024-08-19,25,50.07,2.5,47.57
815,1353,12,2024-08-19,28,112.93,2.26,110.67
816,1304,11,2024-08-19,3,275.9,41.38,234.51999999999998
817,1083,5,2024-08-19,15,130.3,2.61,127.69000000000001
818,1024,8,2024-08-19,24,55.6,2.78,52.82
819,1341,3,2024-08-19,9,237.68,4.75,232.93
820,1056,9,2024-08-19,16,160.08,3.2,156.88000000000002
821,1289,4,2024-08-20,19,135.19,2.7,132.49
822,1203,7,2024-08-20,6,240.6,4.81,235.79
823,1278,12,2024-08-20,10,64.99,6.5,58.489999999999995
824,1086,6,2024-08-20,21,329.68,49.45,280.23
825,1360,11,2024-08-20,18,28.26,4.24,24.020000000000003
826,1354,1,2024-08-20,13,53.37,8.01,45.36
827,1472,9,2024-08-20,6,164.84,8.24,156.6
828,1102,5,2024-08-20,22,91.38,1.83,89.55
829,1454,3,2024-08-20,12,271.84,27.18,244.65999999999997
830,1264,11,2024-08-20,4,52.05,7.81,44.239999999999995
831,1340,9,2024-08-20,27,85.98,8.6,77.38000000000001
832,1073,8,2024-08-20,15,229.9,11.5,218.4
833,1322,5,2024-08-20,10,312.92,31.29,281.63
834,1446,2,2024-08-20,14,39.68,0.79,38.89
835,1346,4,2024-08-20,29,40.69,0.81,39.879999999999995
836,1276,2,2024-08-20,23,206.63,10.33,196.29999999999998
837,1240,9,2024-08-21,6,268.47,13.42,255.05000000000004
838,1181,2,2024-08-21,27,174.45,26.17,148.27999999999997
839,1341,10,2024-08-21,22,81.07,1.62,79.44999999999999
840,1464,5,2024-08-21,10,225.98,4.52,221.45999999999998
841,1214,7,2024-08-21,23,141.04,2.82,138.22
842,1405,6,2024-08-21,17,170.31,3.41,166.9
843,1233,3,2024-08-21,21,179.09,17.91,161.18
844,1256,10,2024-08-21,14,97.17,1.94,95.23
845,1242,9,2024-08-21,7,65.62,1.31,64.31
846,1407,12,2024-08-21,32,55.87,5.59,50.28
847,1433,1,2024-08-21,6,197.17,3.94,193.23
848,1477,4,2024-08-21,28,178.87,3.58,175.29
849,1059,7,2024-08-21,34,21.8,2.18,19.62
850,1269,1,2024-08-21,3,249.11,4.98,244.13000000000002
851,1021,1,2024-08-21,25,150.51,7.53,142.98
852,1441,3,2024-08-21,9,158.61,3.17,155.44000000000003
853,1175,10,2024-08-21,10,218.52,10.93,207.59
854,1408,7,2024-08-22,13,126.57,6.33,120.24
855,1228,3,2024-08-22,33,286.88,14.34,272.54
856,1427,9,2024-08-22,28,176.89,3.54,173.35
857,1019,6,2024-08-22,30,145.15,14.52,130.63
858,1087,5,2024-08-22,3,271.6,27.16,244.44000000000003
859,1063,2,2024-08-22,23,210.67,10.53,200.14
860,1106,7,2024-08-22,5,28.92,1.45,27.470000000000002
861,1295,11,2024-08-22,12,28.47,0.57,27.9
862,1414,11,2024-08-22,31,284.3,14.22,270.08
863,1489,1,2024-08-22,34,191.1,28.66,162.44
864,1284,3,2024-08-22,17,171.97,8.6,163.37
865,1276,8,2024-08-22,9,95.31,4.77,90.54
866,1429,2,2024-08-22,11,83.2,8.32,74.88
867,1317,4,2024-08-22,27,134.15,6.71,127.44000000000001
868,1361,10,2024-08-22,16,240.93,36.14,204.79000000000002
869,1325,5,2024-08-22,27,116.06,2.32,113.74000000000001
870,1290,2,2024-08-23,9,88.11,4.41,83.7
871,1078,2,2024-08-23,20,143.1,2.86,140.23999999999998
872,1463,1,2024-08-23,22,163.56,24.53,139.03
873,1308,9,2024-08-23,31,148.82,2.98,145.84
874,1442,1,2024-08-23,3,88.38,4.42,83.96
875,1239,3,2024-08-23,34,262.27,13.11,249.15999999999997
876,1027,5,2024-08-23,10,183.44,3.67,179.77
877,1237,9,2024-08-23,4,216.39,4.33,212.05999999999997
878,1099,10,2024-08-23,31,149.87,7.49,142.38
879,1117,8,2024-08-23,22,223.37,4.47,218.9
880,1304,3,2024-08-23,8,65.79,9.87,55.92000000000001
881,1147,9,2024-08-23,9,177.64,8.88,168.76
882,1252,6,2024-08-23,27,19.23,0.38,18.85
883,1440,11,2024-08-23,3,209.93,4.2,205.73000000000002
884,1304,9,2024-08-23,27,168.36,25.25,143.11
885,1360,8,2024-08-23,20,143.54,21.53,122.00999999999999
886,1272,10,2024-08-24,8,195.26,29.29,165.97
887,1478,10,2024-08-24,20,24.51,0.49,24.020000000000003
888,1472,5,2024-08-24,20,175.67,8.78,166.89
889,1207,7,2024-08-24,32,224.45,11.22,213.23
890,1010,3,2024-08-24,17,63.57,1.27,62.3
891,1207,10,2024-08-24,21,52.76,2.64,50.12
892,1481,6,2024-08-24,30,171.13,3.42,167.71
893,1476,8,2024-08-24,24,249.82,5.0,244.82
894,1200,1,2024-08-24,25,59.46,1.19,58.27
895,1363,2,2024-08-24,14,76.18,11.43,64.75
896,1444,8,2024-08-24,4,195.36,9.77,185.59
897,1413,8,2024-08-24,5,65.34,6.53,58.81
898,1055,12,2024-08-24,29,100.27,2.01,98.25999999999999
899,1365,4,2024-08-24,32,223.99,22.4,201.59
900,1096,1,2024-08-24,7,209.54,10.48,199.06
901,1451,2,2024-08-24,14,60.42,3.02,57.4
902,1317,7,2024-08-24,24,197.09,9.85,187.24
903,1255,2,2024-08-25,16,101.16,2.02,99.14
904,1181,6,2024-08-25,20,251.73,37.76,213.97
905,1475,1,2024-08-25,28,198.99,3.98,195.01000000000002
906,1258,4,2024-08-25,24,267.09,13.35,253.73999999999998
907,1204,1,2024-08-25,4,121.36,2.43,118.92999999999999
908,1134,1,2024-08-25,29,50.58,2.53,48.05
909,1181,6,2024-08-25,9,43.5,6.52,36.980000000000004
910,1145,2,2024-08-25,19,119.37,5.97,113.4
911,1432,5,2024-08-25,30,183.26,18.33,164.93
912,1343,2,2024-08-25,11,223.2,4.46,218.73999999999998
913,1111,12,2024-08-25,21,38.6,3.86,34.74
914,1028,8,2024-08-25,34,60.67,3.03,57.64
915,1068,12,2024-08-25,29,52.29,5.23,47.06
916,1156,4,2024-08-25,18,223.66,4.47,219.19
917,1182,5,2024-08-25,4,127.41,2.55,124.86
918,1338,4,2024-08-25,17,207.52,10.38,197.14000000000001
919,1033,12,2024-08-26,24,133.45,6.67,126.77999999999999
920,1434,2,2024-08-26,21,216.34,10.82,205.52
921,1488,9,2024-08-26,19,129.76,2.6,127.16
922,1425,5,2024-08-26,32,276.31,13.82,262.49
923,1460,8,2024-08-26,27,253.8,25.38,228.42000000000002
924,1068,11,2024-08-26,21,67.82,6.78,61.03999999999999
925,1137,6,2024-08-26,14,76.54,3.83,72.71000000000001
926,1018,5,2024-08-26,3,183.87,3.68,180.19
927,1093,8,2024-08-26,10,280.46,14.02,266.44
928,1363,12,2024-08-26,30,34.24,5.14,29.1
929,1051,3,2024-08-26,5,88.66,1.77,86.89
930,1337,5,2024-08-26,27,245.58,4.91,240.67000000000002
931,1168,3,2024-08-26,24,257.68,38.65,219.03
932,1090,8,2024-08-26,34,171.12,8.56,162.56
933,1375,5,2024-08-26,27,52.97,2.65,50.32
934,1310,12,2024-08-26,7,89.45,8.95,80.5
935,1411,11,2024-08-26,31,215.39,4.31,211.07999999999998
936,1260,12,2024-08-27,3,42.49,0.85,41.64
937,1298,11,2024-08-27,13,71.81,3.59,68.22
938,1412,8,2024-08-27,16,115.54,5.78,109.76
939,1485,12,2024-08-27,33,183.91,3.68,180.23
940,1140,9,2024-08-27,12,224.09,22.41,201.68
941,1423,9,2024-08-27,27,55.37,2.77,52.599999999999994
942,1412,5,2024-08-27,29,287.02,14.35,272.66999999999996
943,1454,3,2024-08-27,3,236.51,23.65,212.85999999999999
944,1361,5,2024-08-27,32,148.88,22.33,126.55
945,1275,6,2024-08-27,12,81.06,1.62,79.44
946,1178,11,2024-08-27,30,116.35,2.33,114.02
947,1005,11,2024-08-27,16,124.22,2.48,121.74
948,1011,8,2024-08-27,32,226.96,4.54,222.42000000000002
949,1059,11,2024-08-27,31,174.93,17.49,157.44
950,1385,10,2024-08-27,27,112.08,2.24,109.84
951,1019,6,2024-08-27,30,32.45,3.25,29.200000000000003
952,1376,8,2024-08-28,5,240.04,4.8,235.23999999999998
953,1470,1,2024-08-28,19,213.66,10.68,202.98
954,1232,1,2024-08-28,20,87.46,4.37,83.08999999999999
955,1381,8,2024-08-28,30,147.32,22.1,125.22
956,1479,11,2024-08-28,8,202.03,4.04,197.99
957,1095,10,2024-08-28,33,77.38,7.74,69.64
958,1053,7,2024-08-28,4,46.18,4.62,41.56
959,1394,1,2024-08-28,11,167.62,3.35,164.27
960,1254,7,2024-08-28,24,124.18,2.48,121.7
961,1147,1,2024-08-28,29,23.7,1.19,22.509999999999998
962,1250,4,2024-08-28,19,345.87,51.88,293.99
963,1189,8,2024-08-28,10,222.55,11.13,211.42000000000002
964,1009,3,2024-08-28,13,53.89,5.39,48.5
965,1430,6,2024-08-28,16,102.18,5.11,97.07000000000001
966,1042,7,2024-08-28,3,199.33,9.97,189.36
967,1265,11,2024-08-28,18,177.31,3.55,173.76
968,1075,3,2024-08-29,13,54.65,2.73,51.92
969,1028,1,2024-08-29,20,63.35,3.17,60.18
970,1246,9,2024-08-29,10,297.74,29.77,267.97
971,1495,1,2024-08-29,22,367.56,55.13,312.43
972,1141,10,2024-08-29,6,21.12,2.11,19.01
973,1157,12,2024-08-29,21,147.44,7.37,140.07
974,1403,5,2024-08-29,25,149.55,2.99,146.56
975,1073,4,2024-08-29,6,124.1,6.21,117.89
976,1485,6,2024-08-29,31,87.56,1.75,85.81
977,1071,9,2024-08-29,34,230.72,11.54,219.18
978,1363,10,2024-08-29,23,123.9,18.59,105.31
979,1110,2,2024-08-29,23,148.91,2.98,145.93
980,1426,10,2024-08-29,23,60.64,6.06,54.58
981,1445,8,2024-08-29,6,248.51,4.97,243.54
982,1264,1,2024-08-29,7,287.53,43.13,244.39999999999998
983,1322,1,2024-08-29,31,132.24,13.22,119.02000000000001
984,1429,10,2024-08-29,28,318.76,31.88,286.88
985,1319,2,2024-08-30,3,254.4,12.72,241.68
986,1459,12,2024-08-30,15,112.55,11.26,101.28999999999999
987,1084,10,2024-08-30,20,94.31,4.72,89.59
988,1275,4,2024-08-30,11,159.43,3.19,156.24
989,1217,12,2024-08-30,17,148.89,7.44,141.45
990,1013,6,2024-08-30,13,43.0,2.15,40.85
991,1364,4,2024-08-30,32,246.27,12.31,233.96
992,1073,5,2024-08-30,29,51.18,2.56,48.62
993,1356,2,2024-08-30,33,248.26,24.83,223.43
994,1104,2,2024-08-30,33,280.93,14.05,266.88
995,1361,2,2024-08-30,28,185.96,27.89,158.07
996,1059,11,2024-08-30,3,237.55,23.76,213.79000000000002
997,1246,4,2024-08-30,28,67.5,6.75,60.75
998,1348,4,2024-08-30,10,146.63,2.93,143.7
999,1034,10,2024-08-30,10,200.18,10.01,190.17000000000002
1000,1292,1,2024-08-30,17,37.77,5.67,32.1
1001,1074,9,2024-08-31,17,32.86,0.66,32.2
1002,1032,10,2024-08-31,25,65.09,6.51,58.580000000000005
1003,1361,2,2024-08-31,30,137.2,20.58,116.61999999999999
1004,1415,11,2024-08-31,28,175.97,8.8,167.17
1005,1022,12,2024-08-31,26,202.37,20.24,182.13
1006,1303,11,2024-08-31,12,18.08,0.9,17.18
1007,1354,1,2024-08-31,19,62.16,9.32,52.839999999999996
1008,1216,3,2024-08-31,17,160.66,3.21,157.45
1009,1259,9,2024-08-31,18,216.54,32.48,184.06
1010,1010,9,2024-08-31,14,130.8,2.62,128.18
1011,1368,12,2024-08-31,6,231.34,4.63,226.71
1012,1049,9,2024-08-31,9,158.84,3.18,155.66
1013,1060,8,2024-08-31,32,313.56,47.03,266.53
1014,1181,12,2024-08-31,31,339.52,50.93,288.59
1015,1355,2,2024-08-31,3,228.35,4.57,223.78
1016,1019,6,2024-08-31,7,316.11,31.61,284.5
1017,1160,9,2024-08-31,4,185.64,9.28,176.35999999999999
1018,1400,7,2024-09-01,18,161.63,3.23,158.4
1019,1295,2,2024-09-01,15,111.57,2.23,109.33999999999999
1020,1130,12,2024-09-01,23,205.1,20.51,184.59
1021,1481,12,2024-09-01,6,49.94,1.0,48.94
1022,1021,5,2024-09-01,16,226.3,11.32,214.98000000000002
1023,1465,4,2024-09-01,34,145.78,2.92,142.86
1024,1035,4,2024-09-01,26,208.23,10.41,197.82
1025,1181,7,2024-09-01,7,101.68,15.25,86.43
1026,1484,12,2024-09-01,14,147.34,14.73,132.61
1027,1455,2,2024-09-01,4,127.38,2.55,124.83
1028,1499,11,2024-09-01,17,213.92,4.28,209.64
1029,1327,4,2024-09-01,20,192.76,9.64,183.12
1030,1346,7,2024-09-01,7,243.17,4.86,238.30999999999997
1031,1304,5,2024-09-01,23,26.08,3.91,22.169999999999998
1032,1262,8,2024-09-01,26,78.3,11.74,66.56
1033,1235,7,2024-09-01,16,164.4,3.29,161.11
1034,1057,6,2024-09-02,34,126.17,6.31,119.86
1035,1307,11,2024-09-02,7,58.58,1.17,57.41
1036,1259,10,2024-09-02,4,275.06,41.26,233.8
1037,1226,11,2024-09-02,14,195.58,3.91,191.67000000000002
1038,1088,9,2024-09-02,15,195.01,9.75,185.26
1039,1249,3,2024-09-02,13,156.18,3.12,153.06
1040,1361,9,2024-09-02,26,100.6,15.09,85.50999999999999
1041,1309,3,2024-09-02,33,227.25,22.73,204.52
1042,1188,2,2024-09-02,21,188.4,9.42,178.98000000000002
1043,1108,4,2024-09-02,20,43.03,2.15,40.88
1044,1034,4,2024-09-02,30,233.02,11.65,221.37
1045,1412,11,2024-09-02,11,277.92,13.9,264.02000000000004
1046,1499,4,2024-09-02,14,218.65,4.37,214.28
1047,1393,7,2024-09-02,29,164.23,3.28,160.95
1048,1245,8,2024-09-02,8,51.72,1.03,50.69
1049,1107,8,2024-09-02,34,177.33,8.87,168.46
1050,1263,11,2024-09-03,9,154.12,7.71,146.41
1051,1196,1,2024-09-03,8,24.59,0.49,24.1
1052,1107,12,2024-09-03,8,153.73,7.69,146.04
1053,1040,8,2024-09-03,13,68.21,6.82,61.38999999999999
1054,1110,1,2024-09-03,22,234.24,4.68,229.56
1055,1292,9,2024-09-03,16,161.77,24.27,137.5
1056,1473,11,2024-09-03,14,143.53,2.87,140.66
1057,1463,8,2024-09-03,29,200.26,30.04,170.22
1058,1047,9,2024-09-03,9,219.3,4.39,214.91000000000003
1059,1168,1,2024-09-03,6,355.42,53.31,302.11
1060,1399,4,2024-09-03,13,35.99,1.8,34.190000000000005
1061,1108,7,2024-09-03,3,251.27,12.56,238.71
1062,1352,1,2024-09-03,29,40.93,0.82,40.11
1063,1200,6,2024-09-03,29,138.79,2.78,136.01
1064,1223,5,2024-09-03,20,50.98,1.02,49.959999999999994
1065,1258,10,2024-09-03,31,85.77,4.29,81.47999999999999
1066,1276,7,2024-09-03,6,264.37,13.22,251.15
1067,1406,11,2024-09-04,7,122.97,2.46,120.51
1068,1014,3,2024-09-04,29,120.63,18.09,102.53999999999999
1069,1341,6,2024-09-04,7,100.47,2.01,98.46
1070,1442,3,2024-09-04,9,212.99,10.65,202.34
1071,1008,12,2024-09-04,32,284.95,14.25,270.7
1072,1398,9,2024-09-04,26,242.84,4.86,237.98
1073,1326,2,2024-09-04,4,204.68,4.09,200.59
1074,1295,10,2024-09-04,29,212.56,4.25,208.31
1075,1118,5,2024-09-04,32,138.29,13.83,124.46
1076,1158,7,2024-09-04,9,227.85,11.39,216.45999999999998
1077,1120,8,2024-09-04,33,20.86,0.42,20.439999999999998
1078,1149,11,2024-09-04,25,169.61,3.39,166.22000000000003
1079,1060,11,2024-09-04,29,28.74,4.31,24.43
1080,1058,1,2024-09-04,9,282.5,28.25,254.25
1081,1275,8,2024-09-04,26,51.6,1.03,50.57
1082,1078,5,2024-09-04,22,35.06,0.7,34.36
1083,1406,6,2024-09-05,26,226.21,4.52,221.69
1084,1090,1,2024-09-05,34,285.72,14.29,271.43
1085,1013,8,2024-09-05,17,237.73,11.89,225.83999999999997
1086,1344,12,2024-09-05,24,172.91,17.29,155.62
1087,1264,12,2024-09-05,19,157.06,23.56,133.5
1088,1176,6,2024-09-05,7,153.59,3.07,150.52
1089,1036,8,2024-09-05,28,172.48,3.45,169.03
1090,1118,4,2024-09-05,11,158.52,15.85,142.67000000000002
1091,1050,5,2024-09-05,11,323.92,32.39,291.53000000000003
1092,1037,3,2024-09-05,33,107.07,2.14,104.92999999999999
1093,1010,5,2024-09-05,23,102.27,2.05,100.22
1094,1082,7,2024-09-05,16,56.54,1.13,55.41
1095,1451,4,2024-09-05,31,91.99,4.6,87.39
1096,1472,5,2024-09-05,5,137.32,6.87,130.45
1097,1390,12,2024-09-05,28,231.67,4.63,227.04
1098,1475,7,2024-09-05,8,21.86,0.44,21.419999999999998
1099,1193,11,2024-09-06,11,60.57,1.21,59.36
1100,1390,2,2024-09-06,6,186.29,3.73,182.56
1101,1414,4,2024-09-06,31,66.87,3.34,63.53
1102,1359,12,2024-09-06,11,212.67,4.25,208.42
1103,1049,12,2024-09-06,17,47.01,0.94,46.07
1104,1230,3,2024-09-06,19,122.51,6.13,116.38000000000001
1105,1227,1,2024-09-06,21,190.46,3.81,186.65
1106,1436,9,2024-09-06,30,164.83,3.3,161.53
1107,1285,9,2024-09-06,28,68.11,3.41,64.7
1108,1282,10,2024-09-06,13,83.47,1.67,81.8
1109,1468,8,2024-09-06,15,220.56,11.03,209.53
1110,1303,2,2024-09-06,29,238.14,11.91,226.23
1111,1354,8,2024-09-06,27,54.57,8.19,46.38
1112,1147,5,2024-09-06,14,144.8,7.24,137.56
1113,1424,7,2024-09-06,11,131.02,2.62,128.4
1114,1432,6,2024-09-06,22,106.48,10.65,95.83
1115,1377,11,2024-09-06,25,196.08,9.8,186.28
1116,1232,4,2024-09-07,15,137.99,6.9,131.09
1117,1236,5,2024-09-07,18,333.09,49.96,283.13
1118,1442,5,2024-09-07,19,224.14,11.21,212.92999999999998
1119,1037,10,2024-09-07,34,164.32,3.29,161.03
1120,1198,1,2024-09-07,28,152.66,15.27,137.39
1121,1437,9,2024-09-07,23,176.24,3.52,172.72
1122,1014,4,2024-09-07,9,100.74,15.11,85.63
1123,1489,8,2024-09-07,12,185.38,27.81,157.57
1124,1036,4,2024-09-07,21,76.68,1.53,75.15
1125,1181,3,2024-09-07,13,293.79,44.07,249.72000000000003
1126,1140,8,2024-09-07,25,84.62,8.46,76.16
1127,1386,4,2024-09-07,18,82.5,4.12,78.38
1128,1182,7,2024-09-07,20,119.68,2.39,117.29
1129,1395,9,2024-09-07,28,172.84,8.64,164.2
1130,1109,9,2024-09-07,26,239.06,4.78,234.28
1131,1052,12,2024-09-07,33,32.36,0.65,31.71
1132,1160,7,2024-09-08,19,217.19,10.86,206.32999999999998
1133,1406,11,2024-09-08,9,210.81,4.22,206.59
1134,1218,10,2024-09-08,18,273.84,13.69,260.15
1135,1232,10,2024-09-08,22,213.72,10.69,203.03
1136,1049,5,2024-09-08,6,182.33,3.65,178.68
1137,1287,9,2024-09-08,12,266.49,26.65,239.84
1138,1260,11,2024-09-08,13,245.95,4.92,241.03
1139,1227,3,2024-09-08,3,160.86,3.22,157.64000000000001
1140,1423,3,2024-09-08,20,190.85,9.54,181.31
1141,1451,12,2024-09-08,4,145.05,7.25,137.8
1142,1335,8,2024-09-08,9,91.79,1.84,89.95
1143,1122,11,2024-09-08,6,221.6,4.43,217.17
1144,1340,6,2024-09-08,18,45.28,4.53,40.75
1145,1290,1,2024-09-08,6,282.09,14.1,267.98999999999995
1146,1440,3,2024-09-08,27,150.62,3.01,147.61
1147,1109,3,2024-09-08,9,95.62,1.91,93.71000000000001
1148,1455,3,2024-09-08,12,127.22,2.54,124.67999999999999
1149,1179,2,2024-09-09,25,91.9,4.6,87.30000000000001
1150,1098,2,2024-09-09,5,59.89,5.99,53.9
1151,1168,3,2024-09-09,29,223.88,33.58,190.3
1152,1491,10,2024-09-09,10,117.77,2.36,115.41
1153,1165,6,2024-09-09,13,254.0,12.7,241.3
1154,1425,12,2024-09-09,11,100.82,5.04,95.77999999999999
1155,1442,8,2024-09-09,21,245.36,12.27,233.09
1156,1049,7,2024-09-09,8,201.9,4.04,197.86
1157,1117,1,2024-09-09,13,66.29,1.33,64.96000000000001
1158,1494,10,2024-09-09,29,222.04,11.1,210.94
1159,1484,5,2024-09-09,27,297.87,29.79,268.08
1160,1386,1,2024-09-09,17,33.9,1.7,32.199999999999996
1161,1150,11,2024-09-09,18,89.44,1.79,87.64999999999999
1162,1476,5,2024-09-09,27,50.96,1.02,49.94
1163,1394,1,2024-09-09,33,140.28,2.81,137.47
1164,1119,10,2024-09-09,25,252.78,37.92,214.86
1165,1295,4,2024-09-10,9,59.39,1.19,58.2
1166,1417,6,2024-09-10,7,286.22,28.62,257.6
1167,1236,3,2024-09-10,22,153.82,23.07,130.75
1168,1130,2,2024-09-10,21,33.55,3.35,30.199999999999996
1169,1173,4,2024-09-10,24,113.37,5.67,107.7
1170,1246,12,2024-09-10,9,154.5,15.45,139.05
1171,1166,9,2024-09-10,15,126.98,6.35,120.63000000000001
1172,1181,4,2024-09-10,28,74.39,11.16,63.230000000000004
1173,1328,7,2024-09-10,7,36.98,0.74,36.239999999999995
1174,1347,5,2024-09-10,15,204.74,4.09,200.65
1175,1183,2,2024-09-10,26,208.68,10.43,198.25
1176,1458,8,2024-09-10,27,221.54,11.08,210.45999999999998
1177,1109,2,2024-09-10,7,177.02,3.54,173.48000000000002
1178,1063,6,2024-09-10,25,148.32,7.42,140.9
1179,1025,6,2024-09-10,21,89.86,8.99,80.87
1180,1152,6,2024-09-10,30,105.64,5.28,100.36
1181,1346,9,2024-09-11,15,84.01,1.68,82.33
1182,1060,11,2024-09-11,17,62.4,9.36,53.04
1183,1072,1,2024-09-11,32,283.06,14.15,268.91
1184,1361,9,2024-09-11,30,115.66,17.35,98.31
1185,1088,10,2024-09-11,24,25.98,1.3,24.68
1186,1305,1,2024-09-11,22,113.27,16.99,96.28
1187,1332,8,2024-09-11,4,314.04,31.4,282.64000000000004
1188,1158,5,2024-09-11,28,115.98,5.8,110.18
1189,1026,4,2024-09-11,21,45.93,0.92,45.01
1190,1041,12,2024-09-11,15,42.08,0.84,41.239999999999995
1191,1356,11,2024-09-11,29,310.47,31.05,279.42
1192,1490,5,2024-09-11,17,216.49,4.33,212.16
1193,1030,5,2024-09-11,15,197.94,19.79,178.15
1194,1194,6,2024-09-11,19,100.89,5.04,95.85
1195,1177,2,2024-09-11,19,20.85,0.42,20.43
1196,1068,3,2024-09-11,6,174.07,17.41,156.66
1197,1004,9,2024-09-11,30,74.48,7.45,67.03
1198,1275,3,2024-09-12,3,128.11,2.56,125.55000000000001
1199,1360,6,2024-09-12,26,39.27,5.89,33.38
1200,1354,7,2024-09-12,22,349.11,52.37,296.74
1201,1342,10,2024-09-12,15,69.61,1.39,68.22
1202,1489,6,2024-09-12,9,154.12,23.12,131.0
1203,1088,9,2024-09-12,18,112.95,5.65,107.3
1204,1275,8,2024-09-12,24,179.99,3.6,176.39000000000001
1205,1087,10,2024-09-12,6,297.34,29.73,267.60999999999996
1206,1080,9,2024-09-12,19,164.01,8.2,155.81
1207,1272,7,2024-09-12,12,347.13,52.07,295.06
1208,1386,11,2024-09-12,27,206.37,10.32,196.05
1209,1181,5,2024-09-12,4,278.59,41.79,236.79999999999998
1210,1473,8,2024-09-12,34,50.79,1.02,49.769999999999996
1211,1234,2,2024-09-12,16,46.48,2.32,44.16
1212,1277,10,2024-09-12,33,45.49,2.27,43.22
1213,1228,4,2024-09-12,3,199.13,9.96,189.17
1214,1430,7,2024-09-13,5,151.86,7.59,144.27
1215,1265,5,2024-09-13,27,156.95,3.14,153.81
1216,1053,9,2024-09-13,12,286.49,28.65,257.84000000000003
1217,1045,10,2024-09-13,22,95.2,1.9,93.3
1218,1054,6,2024-09-13,10,26.84,0.54,26.3
1219,1222,6,2024-09-13,11,240.45,4.81,235.64
1220,1454,3,2024-09-13,25,131.82,13.18,118.63999999999999
1221,1392,3,2024-09-13,24,48.19,0.96,47.23
1222,1296,3,2024-09-13,23,231.13,4.62,226.51
1223,1180,11,2024-09-13,31,211.27,4.23,207.04000000000002
1224,1482,10,2024-09-13,25,80.8,8.08,72.72
1225,1023,4,2024-09-13,34,102.52,5.13,97.39
1226,1236,6,2024-09-13,25,33.67,5.05,28.62
1227,1410,1,2024-09-13,18,108.58,2.17,106.41
1228,1469,2,2024-09-13,10,103.27,5.16,98.11
1229,1022,11,2024-09-13,13,141.58,14.16,127.42000000000002
1230,1095,11,2024-09-13,20,128.83,12.88,115.95000000000002
1231,1400,12,2024-09-14,11,56.19,1.12,55.07
1232,1292,2,2024-09-14,24,331.22,49.68,281.54
1233,1166,5,2024-09-14,4,284.07,14.2,269.87
1234,1332,12,2024-09-14,17,24.48,2.45,22.03
1235,1194,8,2024-09-14,7,80.33,4.02,76.31
1236,1158,8,2024-09-14,12,135.24,6.76,128.48000000000002
1237,1099,4,2024-09-14,27,45.51,2.28,43.23
1238,1030,3,2024-09-14,10,94.72,9.47,85.25
1239,1109,9,2024-09-14,34,97.94,1.96,95.98
1240,1163,6,2024-09-14,3,37.22,0.74,36.48
1241,1106,7,2024-09-14,26,104.88,5.24,99.64
1242,1292,3,2024-09-14,3,188.73,28.31,160.42
1243,1398,11,2024-09-14,24,119.35,2.39,116.96
1244,1234,2,2024-09-14,26,62.33,3.12,59.21
1245,1402,3,2024-09-14,4,201.73,4.03,197.7
1246,1335,5,2024-09-14,26,153.43,3.07,150.36
1247,1440,12,2024-09-15,16,154.96,3.1,151.86
1248,1191,1,2024-09-15,34,63.39,1.27,62.12
1249,1454,3,2024-09-15,30,236.17,23.62,212.54999999999998
1250,1490,8,2024-09-15,14,209.63,4.19,205.44
1251,1319,4,2024-09-15,20,58.43,2.92,55.51
1252,1069,1,2024-09-15,4,61.43,3.07,58.36
1253,1039,3,2024-09-15,33,220.47,11.02,209.45
1254,1372,10,2024-09-15,4,128.05,6.4,121.65
1255,1029,2,2024-09-15,28,257.55,12.88,244.67000000000002
1256,1182,8,2024-09-15,34,152.87,3.06,149.81
1257,1197,11,2024-09-15,9,169.83,3.4,166.43
1258,1376,9,2024-09-15,5,71.58,1.43,70.14999999999999
1259,1377,8,2024-09-15,31,265.66,13.28,252.38000000000002
1260,1030,2,2024-09-15,9,244.02,24.4,219.62
1261,1145,10,2024-09-15,17,212.73,10.64,202.08999999999997
1262,1427,9,2024-09-15,12,83.99,1.68,82.30999999999999
1263,1427,12,2024-09-16,5,82.64,1.65,80.99
1264,1063,12,2024-09-16,29,141.17,7.06,134.10999999999999
1265,1103,3,2024-09-16,32,106.64,2.13,104.51
1266,1110,8,2024-09-16,22,42.93,0.86,42.07
1267,1418,5,2024-09-16,10,121.66,2.43,119.22999999999999
1268,1259,8,2024-09-16,21,253.5,38.02,215.48
1269,1383,9,2024-09-16,7,43.36,0.87,42.49
1270,1278,4,2024-09-16,22,195.05,19.51,175.54000000000002
1271,1431,12,2024-09-16,15,232.44,4.65,227.79
1272,1147,8,2024-09-16,10,191.5,9.58,181.92
1273,1100,8,2024-09-16,11,26.58,1.33,25.25
1274,1305,10,2024-09-16,34,201.14,30.17,170.96999999999997
1275,1135,5,2024-09-16,16,130.65,13.07,117.58000000000001
1276,1438,1,2024-09-16,5,115.01,2.3,112.71000000000001
1277,1092,2,2024-09-16,11,231.61,4.63,226.98000000000002
1278,1168,9,2024-09-16,12,249.38,37.41,211.97
1279,1199,10,2024-09-16,14,143.62,14.36,129.26
1280,1184,7,2024-09-17,10,57.49,2.87,54.620000000000005
1281,1125,8,2024-09-17,21,146.91,2.94,143.97
1282,1436,1,2024-09-17,10,227.18,4.54,222.64000000000001
1283,1082,9,2024-09-17,31,67.34,1.35,65.99000000000001
1284,1057,6,2024-09-17,10,205.99,10.3,195.69
1285,1329,6,2024-09-17,22,244.58,12.23,232.35000000000002
1286,1371,10,2024-09-17,30,242.59,36.39,206.2
1287,1295,9,2024-09-17,30,51.86,1.04,50.82
1288,1043,8,2024-09-17,9,239.22,11.96,227.26
1289,1207,7,2024-09-17,6,18.35,0.92,17.43
1290,1093,9,2024-09-17,17,35.89,1.79,34.1
1291,1463,12,2024-09-17,6,186.68,28.0,158.68
1292,1152,7,2024-09-17,8,251.92,12.6,239.32
1293,1039,8,2024-09-17,10,264.41,13.22,251.19000000000003
1294,1432,11,2024-09-17,25,175.45,17.54,157.91
1295,1442,8,2024-09-17,24,163.44,8.17,155.27
1296,1362,12,2024-09-18,33,104.08,10.41,93.67
1297,1067,12,2024-09-18,29,83.74,4.19,79.55
1298,1450,4,2024-09-18,3,276.47,13.82,262.65000000000003
1299,1451,11,2024-09-18,22,31.27,1.56,29.71
1300,1287,7,2024-09-18,27,180.26,18.03,162.23
1301,1104,4,2024-09-18,30,28.74,1.44,27.299999999999997
1302,1317,7,2024-09-18,33,181.54,9.08,172.45999999999998
1303,1374,9,2024-09-18,19,247.35,12.37,234.98
1304,1297,6,2024-09-18,25,109.65,2.19,107.46000000000001
1305,1060,6,2024-09-18,20,201.98,30.3,171.67999999999998
1306,1053,1,2024-09-18,9,190.62,19.06,171.56
1307,1402,12,2024-09-18,29,68.68,1.37,67.31
1308,1428,11,2024-09-18,21,203.48,4.07,199.41
1309,1453,3,2024-09-18,9,39.34,5.9,33.440000000000005
1310,1243,9,2024-09-18,10,30.92,0.62,30.3
1311,1491,4,2024-09-18,30,190.35,3.81,186.54
1312,1434,4,2024-09-18,8,51.96,2.6,49.36
1313,1286,4,2024-09-19,7,20.58,0.41,20.169999999999998
1314,1096,9,2024-09-19,29,52.35,2.62,49.730000000000004
1315,1126,10,2024-09-19,19,187.62,9.38,178.24
1316,1283,5,2024-09-19,19,98.86,1.98,96.88
1317,1122,5,2024-09-19,34,235.92,4.72,231.2
1318,1327,4,2024-09-19,22,32.99,1.65,31.340000000000003
1319,1222,3,2024-09-19,11,161.02,3.22,157.8
1320,1207,9,2024-09-19,34,269.12,13.46,255.66
1321,1142,7,2024-09-19,7,65.48,3.27,62.21
1322,1114,1,2024-09-19,20,185.6,3.71,181.89
1323,1228,3,2024-09-19,33,235.36,11.77,223.59
1324,1063,9,2024-09-19,7,271.83,13.59,258.24
1325,1432,8,2024-09-19,6,298.86,29.89,268.97
1326,1197,2,2024-09-19,30,24.81,0.5,24.31
1327,1460,7,2024-09-19,34,278.24,27.82,250.42000000000002
1328,1084,12,2024-09-19,6,170.83,8.54,162.29000000000002
1329,1179,10,2024-09-20,6,112.79,5.64,107.15
1330,1119,7,2024-09-20,33,142.95,21.44,121.50999999999999
1331,1028,3,2024-09-20,12,248.41,12.42,235.99
1332,1312,2,2024-09-20,20,202.45,4.05,198.39999999999998
1333,1246,11,2024-09-20,25,79.83,7.98,71.85
1334,1229,1,2024-09-20,19,75.41,1.51,73.89999999999999
1335,1208,6,2024-09-20,16,79.45,1.59,77.86
1336,1388,5,2024-09-20,20,47.59,0.95,46.64
1337,1178,6,2024-09-20,9,131.54,2.63,128.91
1338,1079,5,2024-09-20,11,180.8,9.04,171.76000000000002
1339,1370,8,2024-09-20,31,234.9,11.75,223.15
1340,1365,4,2024-09-20,9,197.39,19.74,177.64999999999998
1341,1413,2,2024-09-20,15,171.22,17.12,154.1
1342,1458,10,2024-09-20,31,66.21,3.31,62.89999999999999
1343,1463,2,2024-09-20,33,280.62,42.09,238.53
1344,1373,9,2024-09-20,29,29.04,1.45,27.59
1345,1141,12,2024-09-21,15,78.39,7.84,70.55
1346,1450,9,2024-09-21,8,69.08,3.45,65.63
1347,1160,8,2024-09-21,26,82.46,4.12,78.33999999999999
1348,1356,7,2024-09-21,31,25.65,2.56,23.09
1349,1032,12,2024-09-21,9,112.5,11.25,101.25
1350,1491,2,2024-09-21,26,19.19,0.38,18.810000000000002
1351,1197,11,2024-09-21,32,70.94,1.42,69.52
1352,1297,7,2024-09-21,10,123.46,2.47,120.99
1353,1186,9,2024-09-21,14,91.17,13.68,77.49000000000001
1354,1185,1,2024-09-21,5,235.27,11.76,223.51000000000002
1355,1463,8,2024-09-21,13,373.34,56.0,317.34
1356,1471,1,2024-09-21,16,250.06,12.5,237.56
1357,1278,7,2024-09-21,19,115.27,11.53,103.74
1358,1028,6,2024-09-21,26,215.72,10.79,204.93
1359,1173,12,2024-09-21,16,159.46,7.97,151.49
1360,1088,7,2024-09-21,23,183.13,9.16,173.97
1361,1081,3,2024-09-21,24,120.25,2.41,117.84
1362,1179,4,2024-09-22,14,120.55,6.03,114.52
1363,1362,10,2024-09-22,23,310.9,31.09,279.81
1364,1109,6,2024-09-22,19,205.25,4.11,201.14
1365,1158,2,2024-09-22,19,92.69,4.63,88.06
1366,1349,5,2024-09-22,8,260.73,26.07,234.66000000000003
1367,1069,8,2024-09-22,7,224.49,11.22,213.27
1368,1460,1,2024-09-22,10,172.3,17.23,155.07000000000002
1369,1370,7,2024-09-22,29,50.55,2.53,48.019999999999996
1370,1428,11,2024-09-22,11,203.26,4.07,199.19
1371,1078,8,2024-09-22,24,188.29,3.77,184.51999999999998
1372,1334,11,2024-09-22,10,148.54,2.97,145.57
1373,1122,7,2024-09-22,8,138.29,2.77,135.51999999999998
1374,1301,7,2024-09-22,17,97.51,4.88,92.63000000000001
1375,1047,12,2024-09-22,34,118.6,2.37,116.22999999999999
1376,1188,2,2024-09-22,23,241.28,12.06,229.22
1377,1476,4,2024-09-22,19,212.76,4.26,208.5
1378,1197,7,2024-09-23,19,116.83,2.34,114.49
1379,1128,12,2024-09-23,12,52.44,1.05,51.39
1380,1328,3,2024-09-23,27,166.58,3.33,163.25
1381,1059,4,2024-09-23,20,156.66,15.67,140.99
1382,1476,4,2024-09-23,21,70.03,1.4,68.63
1383,1321,10,2024-09-23,5,72.86,7.29,65.57
1384,1139,1,2024-09-23,15,41.75,0.83,40.92
1385,1036,1,2024-09-23,25,196.31,3.93,192.38
1386,1217,1,2024-09-23,6,145.88,7.29,138.59
1387,1142,3,2024-09-23,8,90.87,4.54,86.33
1388,1449,6,2024-09-23,9,119.7,2.39,117.31
1389,1274,3,2024-09-23,27,135.06,2.7,132.36
1390,1368,4,2024-09-23,6,137.91,2.76,135.15
1391,1032,11,2024-09-23,29,47.84,4.78,43.06
1392,1236,2,2024-09-23,27,131.98,19.8,112.17999999999999
1393,1126,2,2024-09-23,23,74.95,3.75,71.2
1394,1259,11,2024-09-24,29,319.0,47.85,271.15
1395,1311,8,2024-09-24,33,203.52,4.07,199.45000000000002
1396,1371,1,2024-09-24,4,167.36,25.1,142.26000000000002
1397,1495,9,2024-09-24,7,323.44,48.52,274.92
1398,1073,10,2024-09-24,14,99.28,4.96,94.32000000000001
1399,1086,1,2024-09-24,28,170.98,25.65,145.32999999999998
1400,1291,5,2024-09-24,11,40.16,0.8,39.36
1401,1232,10,2024-09-24,22,256.47,12.82,243.65000000000003
1402,1479,4,2024-09-24,24,36.21,0.72,35.49
1403,1136,12,2024-09-24,12,79.97,4.0,75.97
1404,1025,2,2024-09-24,6,284.08,28.41,255.67
1405,1113,12,2024-09-24,12,92.62,1.85,90.77000000000001
1406,1036,9,2024-09-24,7,73.3,1.47,71.83
1407,1358,4,2024-09-24,27,186.44,3.73,182.71
1408,1423,8,2024-09-24,17,172.78,8.64,164.14
1409,1390,5,2024-09-24,5,119.29,2.39,116.9
1410,1286,6,2024-09-24,21,58.11,1.16,56.95
1411,1174,8,2024-09-25,33,141.65,7.08,134.57
1412,1007,4,2024-09-25,6,212.84,10.64,202.2
1413,1375,3,2024-09-25,26,143.77,7.19,136.58
1414,1110,7,2024-09-25,21,188.58,3.77,184.81
1415,1332,12,2024-09-25,3,46.06,4.61,41.45
1416,1219,11,2024-09-25,25,91.16,1.82,89.34
1417,1391,3,2024-09-25,16,228.91,11.45,217.46
1418,1022,6,2024-09-25,13,174.1,17.41,156.69
1419,1404,11,2024-09-25,22,225.88,4.52,221.35999999999999
1420,1284,7,2024-09-25,13,232.17,11.61,220.56
1421,1311,10,2024-09-25,23,142.36,2.85,139.51000000000002
1422,1219,10,2024-09-25,16,181.36,3.63,177.73000000000002
1423,1456,4,2024-09-25,32,98.92,9.89,89.03
1424,1364,6,2024-09-25,29,25.09,1.25,23.84
1425,1264,4,2024-09-25,18,86.25,12.94,73.31
1426,1392,4,2024-09-25,8,216.88,4.34,212.54
1427,1303,11,2024-09-26,12,163.83,8.19,155.64000000000001
1428,1311,8,2024-09-26,8,116.04,2.32,113.72000000000001
1429,1346,3,2024-09-26,9,55.55,1.11,54.44
1430,1417,4,2024-09-26,32,140.23,14.02,126.21
1431,1384,11,2024-09-26,29,78.91,3.95,74.96
1432,1198,11,2024-09-26,26,246.01,24.6,221.41
1433,1033,3,2024-09-26,19,164.59,8.23,156.36
1434,1171,9,2024-09-26,4,122.71,2.45,120.25999999999999
1435,1259,6,2024-09-26,3,93.44,14.02,79.42
1436,1131,2,2024-09-26,18,131.48,2.63,128.85
1437,1360,6,2024-09-26,20,148.4,22.26,126.14
1438,1490,10,2024-09-26,23,101.66,2.03,99.63
1439,1416,5,2024-09-26,24,220.26,11.01,209.25
1440,1471,1,2024-09-26,31,78.3,3.92,74.38
1441,1280,9,2024-09-26,14,21.36,0.43,20.93
1442,1424,10,2024-09-26,29,90.85,1.82,89.03
1443,1291,7,2024-09-26,13,19.06,0.38,18.68
1444,1090,2,2024-09-27,8,165.21,8.26,156.95000000000002
1445,1082,6,2024-09-27,18,118.76,2.38,116.38000000000001
1446,1077,7,2024-09-27,27,181.98,3.64,178.34
1447,1416,12,2024-09-27,8,234.67,11.73,222.94
1448,1115,1,2024-09-27,14,49.0,0.98,48.02
1449,1182,5,2024-09-27,13,96.46,1.93,94.52999999999999
1450,1346,8,2024-09-27,9,36.71,0.73,35.980000000000004
1451,1353,2,2024-09-27,28,23.39,0.47,22.92
1452,1248,6,2024-09-27,13,28.64,0.57,28.07
1453,1079,2,2024-09-27,29,126.66,6.33,120.33
1454,1140,1,2024-09-27,21,74.19,7.42,66.77
1455,1002,10,2024-09-27,23,66.88,1.34,65.53999999999999
1456,1198,7,2024-09-27,21,125.57,12.56,113.00999999999999
1457,1129,8,2024-09-27,23,197.24,9.86,187.38
1458,1236,4,2024-09-27,16,281.28,42.19,239.08999999999997
1459,1389,3,2024-09-27,17,228.26,11.41,216.85
1460,1461,1,2024-09-28,28,75.51,3.78,71.73
1461,1413,7,2024-09-28,20,276.46,27.65,248.80999999999997
1462,1087,5,2024-09-28,29,90.68,9.07,81.61000000000001
1463,1387,12,2024-09-28,14,234.17,35.13,199.04
1464,1395,6,2024-09-28,26,279.24,13.96,265.28000000000003
1465,1277,2,2024-09-28,4,227.49,11.37,216.12
1466,1495,5,2024-09-28,33,82.23,12.33,69.9
1467,1427,8,2024-09-28,5,158.85,3.18,155.67
1468,1350,2,2024-09-28,21,124.78,2.5,122.28
1469,1050,8,2024-09-28,25,242.89,24.29,218.6
1470,1100,5,2024-09-28,15,231.4,11.57,219.83
1471,1232,2,2024-09-28,21,130.24,6.51,123.73
1472,1170,8,2024-09-28,11,42.72,6.41,36.31
1473,1277,9,2024-09-28,23,39.15,1.96,37.19
1474,1408,11,2024-09-28,9,220.55,11.03,209.52
1475,1457,1,2024-09-28,9,181.24,3.62,177.62
1476,1046,2,2024-09-29,26,84.05,1.68,82.36999999999999
1477,1185,1,2024-09-29,13,143.5,7.18,136.32
1478,1122,10,2024-09-29,8,115.55,2.31,113.24
1479,1198,4,2024-09-29,26,212.36,21.24,191.12
1480,1020,1,2024-09-29,16,56.92,1.14,55.78
1481,1308,2,2024-09-29,18,235.33,4.71,230.62
1482,1270,1,2024-09-29,31,57.7,1.15,56.550000000000004
1483,1496,3,2024-09-29,4,185.55,18.56,166.99
1484,1236,9,2024-09-29,19,243.64,36.55,207.08999999999997
1485,1275,6,2024-09-29,19,168.87,3.38,165.49
1486,1324,10,2024-09-29,32,167.57,16.76,150.81
1487,1458,5,2024-09-29,31,133.27,6.66,126.61000000000001
1488,1278,12,2024-09-29,31,48.61,4.86,43.75
1489,1151,2,2024-09-29,19,191.59,9.58,182.01
1490,1110,11,2024-09-29,28,239.58,4.79,234.79000000000002
1491,1090,2,2024-09-29,32,261.64,13.08,248.55999999999997
1492,1137,3,2024-09-29,20,170.21,8.51,161.70000000000002
1493,1097,7,2024-09-30,33,121.47,6.07,115.4
1494,1101,8,2024-09-30,24,232.92,11.65,221.26999999999998
1495,1294,11,2024-09-30,32,152.48,15.25,137.23
1496,1058,12,2024-09-30,22,117.9,11.79,106.11000000000001
1497,1393,8,2024-09-30,5,206.16,4.12,202.04
1498,1309,3,2024-09-30,30,193.69,19.37,174.32
1499,1140,1,2024-09-30,10,211.24,21.12,190.12
1500,1374,10,2024-09-30,22,98.65,4.93,93.72
1501,1305,11,2024-09-30,3,194.37,29.16,165.21
1502,1459,8,2024-09-30,12,56.58,5.66,50.92
1503,1461,5,2024-09-30,7,213.85,10.69,203.16
1504,1317,9,2024-09-30,10,108.82,5.44,103.38
1505,1417,4,2024-09-30,34,175.44,17.54,157.9
1506,1434,4,2024-09-30,27,78.67,3.93,74.74
1507,1061,4,2024-09-30,24,146.91,7.35,139.56
1508,1213,10,2024-09-30,19,80.71,4.04,76.66999999999999
1509,1158,9,2024-10-01,29,75.43,3.77,71.66000000000001
1510,1481,11,2024-10-01,5,95.64,1.91,93.73
1511,1370,5,2024-10-01,25,198.1,9.91,188.19
1512,1257,6,2024-10-01,30,92.97,4.65,88.32
1513,1376,8,2024-10-01,24,246.84,4.94,241.9
1514,1360,12,2024-10-01,13,273.48,41.02,232.46
1515,1181,8,2024-10-01,9,303.98,45.6,258.38
1516,1293,2,2024-10-01,6,91.16,1.82,89.34
1517,1443,10,2024-10-01,24,195.53,9.78,185.75
1518,1482,8,2024-10-01,33,229.49,22.95,206.54000000000002
1519,1275,8,2024-10-01,8,83.35,1.67,81.67999999999999
1520,1330,5,2024-10-01,27,199.25,3.98,195.27
1521,1159,11,2024-10-01,27,92.0,4.6,87.4
1522,1480,8,2024-10-01,6,201.51,10.08,191.42999999999998
1523,1489,3,2024-10-01,5,64.59,9.69,54.900000000000006
1524,1439,2,2024-10-01,28,94.96,1.9,93.05999999999999
1525,1439,6,2024-10-01,24,192.73,3.85,188.88
1526,1407,3,2024-10-02,34,66.92,6.69,60.230000000000004
1527,1216,12,2024-10-02,3,197.11,3.94,193.17000000000002
1528,1333,4,2024-10-02,33,100.99,2.02,98.97
1529,1147,7,2024-10-02,28,112.11,5.61,106.5
1530,1035,6,2024-10-02,12,270.27,13.51,256.76
1531,1276,10,2024-10-02,20,129.82,6.49,123.33
1532,1431,12,2024-10-02,17,243.48,4.87,238.60999999999999
1533,1455,4,2024-10-02,17,242.88,4.86,238.01999999999998
1534,1464,8,2024-10-02,30,42.6,0.85,41.75
1535,1378,3,2024-10-02,21,97.64,1.95,95.69
1536,1309,2,2024-10-02,19,59.94,5.99,53.949999999999996
1537,1050,6,2024-10-02,16,145.07,14.51,130.56
1538,1360,5,2024-10-02,23,126.69,19.0,107.69
1539,1432,3,2024-10-02,17,291.95,29.2,262.75
1540,1451,7,2024-10-02,19,111.01,5.55,105.46000000000001
1541,1144,9,2024-10-02,34,138.02,2.76,135.26000000000002
1542,1009,7,2024-10-03,30,209.27,20.93,188.34
1543,1212,8,2024-10-03,25,172.47,3.45,169.02
1544,1087,5,2024-10-03,5,161.6,16.16,145.44
1545,1379,5,2024-10-03,12,16.61,0.33,16.28
1546,1008,12,2024-10-03,27,94.56,4.73,89.83
1547,1456,9,2024-10-03,24,34.45,3.45,31.000000000000004
1548,1132,7,2024-10-03,26,59.05,2.95,56.099999999999994
1549,1169,6,2024-10-03,10,199.26,9.96,189.29999999999998
1550,1175,10,2024-10-03,9,125.98,6.3,119.68
1551,1209,11,2024-10-03,24,90.82,4.54,86.27999999999999
1552,1145,2,2024-10-03,18,284.96,14.25,270.71
1553,1214,11,2024-10-03,20,105.6,2.11,103.49
1554,1169,10,2024-10-03,30,215.99,10.8,205.19
1555,1253,8,2024-10-03,26,99.92,2.0,97.92
1556,1041,10,2024-10-03,28,198.15,3.96,194.19
1557,1088,3,2024-10-03,28,258.9,12.95,245.95
1558,1174,5,2024-10-04,28,113.0,5.65,107.35
1559,1004,4,2024-10-04,8,172.73,17.27,155.45999999999998
1560,1224,5,2024-10-04,11,19.12,0.38,18.740000000000002
1561,1295,8,2024-10-04,32,193.82,3.88,189.94
1562,1186,5,2024-10-04,20,254.48,38.17,216.31
1563,1124,5,2024-10-04,18,127.04,2.54,124.5
1564,1214,12,2024-10-04,29,114.29,2.29,112.0
1565,1467,9,2024-10-04,16,218.51,4.37,214.14
1566,1250,5,2024-10-04,15,371.55,55.73,315.82
1567,1358,5,2024-10-04,22,148.31,2.97,145.34
1568,1426,5,2024-10-04,33,257.36,25.74,231.62
1569,1442,5,2024-10-04,20,267.14,13.36,253.77999999999997
1570,1218,7,2024-10-04,3,57.36,2.87,54.49
1571,1332,9,2024-10-04,28,24.92,2.49,22.43
1572,1310,8,2024-10-04,26,78.42,7.84,70.58
1573,1037,12,2024-10-04,31,86.1,1.72,84.38
1574,1310,8,2024-10-04,30,146.2,14.62,131.57999999999998
1575,1206,4,2024-10-05,30,179.61,3.59,176.02
1576,1447,6,2024-10-05,6,161.62,3.23,158.39000000000001
1577,1236,11,2024-10-05,13,344.55,51.68,292.87
1578,1203,10,2024-10-05,20,102.35,2.05,100.3
1579,1477,2,2024-10-05,6,125.37,2.51,122.86
1580,1217,11,2024-10-05,20,74.04,3.7,70.34
1581,1147,3,2024-10-05,17,213.74,10.69,203.05
1582,1063,8,2024-10-05,7,263.7,13.19,250.51
1583,1205,9,2024-10-05,14,217.72,4.35,213.37
1584,1354,2,2024-10-05,4,306.48,45.97,260.51
1585,1213,6,2024-10-05,9,226.73,11.34,215.39
1586,1498,12,2024-10-05,6,22.06,0.44,21.619999999999997
1587,1209,12,2024-10-05,16,97.53,4.88,92.65
1588,1030,9,2024-10-05,31,91.06,9.11,81.95
1589,1127,9,2024-10-05,12,164.79,3.3,161.48999999999998
1590,1239,1,2024-10-05,8,42.18,2.11,40.07
1591,1321,8,2024-10-06,16,232.87,23.29,209.58
1592,1024,12,2024-10-06,22,257.32,12.87,244.45
1593,1237,8,2024-10-06,20,115.03,2.3,112.73
1594,1264,9,2024-10-06,12,108.34,16.25,92.09
1595,1339,10,2024-10-06,30,128.47,6.42,122.05
1596,1326,12,2024-10-06,24,218.67,4.37,214.29999999999998
1597,1282,11,2024-10-06,25,73.38,1.47,71.91
1598,1320,11,2024-10-06,18,271.05,27.11,243.94
1599,1065,10,2024-10-06,16,212.04,10.6,201.44
1600,1240,4,2024-10-06,14,180.69,9.03,171.66
1601,1291,2,2024-10-06,22,16.7,0.33,16.37
1602,1105,7,2024-10-06,5,194.43,3.89,190.54000000000002
1603,1420,3,2024-10-06,34,92.08,4.6,87.48
1604,1164,5,2024-10-06,12,111.63,2.23,109.39999999999999
1605,1195,11,2024-10-06,9,52.9,1.06,51.839999999999996
1606,1243,7,2024-10-06,11,108.16,2.16,106.0
1607,1468,4,2024-10-06,28,71.36,3.57,67.79
1608,1325,8,2024-10-07,19,137.4,2.75,134.65
1609,1028,2,2024-10-07,4,167.28,8.36,158.92000000000002
1610,1329,11,2024-10-07,3,39.08,1.95,37.129999999999995
1611,1132,7,2024-10-07,21,105.22,5.26,99.96
1612,1145,9,2024-10-07,3,78.27,3.91,74.36
1613,1305,11,2024-10-07,9,59.32,8.9,50.42
1614,1025,10,2024-10-07,18,170.17,17.02,153.14999999999998
1615,1266,5,2024-10-07,3,114.77,2.3,112.47
1616,1045,2,2024-10-07,34,72.63,1.45,71.17999999999999
1617,1273,9,2024-10-07,18,40.2,2.01,38.190000000000005
1618,1134,9,2024-10-07,17,225.99,11.3,214.69
1619,1420,8,2024-10-07,17,30.81,1.54,29.27
1620,1008,5,2024-10-07,27,204.49,10.22,194.27
1621,1253,9,2024-10-07,18,164.27,3.29,160.98000000000002
1622,1133,3,2024-10-07,25,138.48,6.92,131.56
1623,1353,3,2024-10-07,22,184.36,3.69,180.67000000000002
1624,1319,5,2024-10-08,23,145.92,7.3,138.61999999999998
1625,1326,10,2024-10-08,31,201.84,4.04,197.8
1626,1494,4,2024-10-08,22,175.52,8.78,166.74
1627,1497,6,2024-10-08,4,224.25,4.49,219.76
1628,1251,10,2024-10-08,19,29.84,2.98,26.86
1629,1250,7,2024-10-08,23,280.91,42.14,238.77000000000004
1630,1431,9,2024-10-08,21,175.24,3.5,171.74
1631,1025,3,2024-10-08,12,149.08,14.91,134.17000000000002
1632,1272,5,2024-10-08,34,346.89,52.03,294.86
1633,1148,9,2024-10-08,21,24.37,0.49,23.880000000000003
1634,1368,6,2024-10-08,32,121.19,2.42,118.77
1635,1482,3,2024-10-08,8,40.33,4.03,36.3
1636,1098,1,2024-10-08,27,259.58,25.96,233.61999999999998
1637,1255,5,2024-10-08,10,123.28,2.47,120.81
1638,1351,3,2024-10-08,13,246.04,4.92,241.12
1639,1316,8,2024-10-08,7,208.26,4.17,204.09
1640,1120,5,2024-10-09,24,147.71,2.95,144.76000000000002
1641,1208,6,2024-10-09,33,232.52,4.65,227.87
1642,1070,4,2024-10-09,7,115.85,5.79,110.05999999999999
1643,1118,9,2024-10-09,7,199.78,19.98,179.8
1644,1356,8,2024-10-09,23,174.75,17.48,157.27
1645,1173,3,2024-10-09,24,246.85,12.34,234.51
1646,1070,8,2024-10-09,11,279.59,13.98,265.60999999999996
1647,1433,7,2024-10-09,29,57.03,1.14,55.89
1648,1291,5,2024-10-09,32,227.95,4.56,223.39
1649,1382,1,2024-10-09,29,239.79,11.99,227.79999999999998
1650,1075,6,2024-10-09,17,123.87,6.19,117.68
1651,1015,9,2024-10-09,23,192.8,3.86,188.94
1652,1342,10,2024-10-09,12,105.92,2.12,103.8
1653,1278,2,2024-10-09,8,136.94,13.69,123.25
1654,1376,9,2024-10-09,7,80.56,1.61,78.95
1655,1361,10,2024-10-09,9,195.48,29.32,166.16
1656,1233,12,2024-10-09,24,66.82,6.68,60.13999999999999
1657,1419,1,2024-10-10,15,210.61,4.21,206.4
1658,1489,6,2024-10-10,6,371.36,55.7,315.66
1659,1366,5,2024-10-10,23,146.84,2.94,143.9
1660,1412,12,2024-10-10,16,34.43,1.72,32.71
1661,1264,10,2024-10-10,33,24.08,3.61,20.47
1662,1318,6,2024-10-10,27,89.02,1.78,87.24
1663,1136,4,2024-10-10,21,286.43,14.32,272.11
1664,1484,7,2024-10-10,26,203.66,20.37,183.29
1665,1058,8,2024-10-10,3,209.53,20.95,188.58
1666,1324,3,2024-10-10,4,107.3,10.73,96.57
1667,1284,10,2024-10-10,9,37.98,1.9,36.08
1668,1298,7,2024-10-10,17,56.29,2.81,53.48
1669,1039,4,2024-10-10,8,287.33,14.37,272.96
1670,1017,5,2024-10-10,17,112.47,2.25,110.22
1671,1199,2,2024-10-10,22,121.0,12.1,108.9
1672,1022,6,2024-10-10,20,282.44,28.24,254.2
1673,1470,5,2024-10-11,33,263.43,13.17,250.26000000000002
1674,1471,6,2024-10-11,30,93.86,4.69,89.17
1675,1291,8,2024-10-11,26,28.6,0.57,28.03
1676,1191,7,2024-10-11,13,166.81,3.34,163.47
1677,1145,2,2024-10-11,19,121.72,6.09,115.63
1678,1031,9,2024-10-11,12,161.62,3.23,158.39000000000001
1679,1457,1,2024-10-11,6,127.9,2.56,125.34
1680,1406,5,2024-10-11,32,193.21,3.86,189.35
1681,1066,9,2024-10-11,23,53.86,1.08,52.78
1682,1152,3,2024-10-11,22,72.2,3.61,68.59
1683,1119,5,2024-10-11,33,59.19,8.88,50.309999999999995
1684,1208,1,2024-10-11,3,217.01,4.34,212.67
1685,1055,12,2024-10-11,22,198.49,3.97,194.52
1686,1476,2,2024-10-11,3,144.77,2.9,141.87
1687,1279,6,2024-10-11,11,40.36,0.81,39.55
1688,1463,9,2024-10-11,29,267.0,40.05,226.95
1689,1111,1,2024-10-12,26,152.83,15.28,137.55
1690,1317,4,2024-10-12,24,41.91,2.1,39.809999999999995
1691,1046,12,2024-10-12,13,81.69,1.63,80.06
1692,1083,11,2024-10-12,24,78.94,1.58,77.36
1693,1311,7,2024-10-12,13,228.66,4.57,224.09
1694,1235,1,2024-10-12,9,69.63,1.39,68.24
1695,1442,12,2024-10-12,26,238.58,11.93,226.65
1696,1362,4,2024-10-12,4,280.77,28.08,252.69
1697,1259,10,2024-10-12,33,360.27,54.04,306.22999999999996
1698,1091,7,2024-10-12,33,204.56,4.09,200.47
1699,1202,10,2024-10-12,20,224.56,11.23,213.33
1700,1095,11,2024-10-12,24,243.58,24.36,219.22000000000003
1701,1425,11,2024-10-12,16,98.38,4.92,93.46
1702,1424,3,2024-10-12,17,220.71,4.41,216.3
1703,1360,11,2024-10-12,21,159.23,23.88,135.35
1704,1209,2,2024-10-12,18,61.44,3.07,58.37
1705,1476,12,2024-10-12,13,176.62,3.53,173.09
1706,1383,2,2024-10-13,9,71.65,1.43,70.22
1707,1277,6,2024-10-13,18,69.8,3.49,66.31
1708,1253,12,2024-10-13,11,118.77,2.38,116.39
1709,1259,3,2024-10-13,34,215.49,32.32,183.17000000000002
1710,1027,12,2024-10-13,12,39.87,0.8,39.07
1711,1331,8,2024-10-13,25,42.91,0.86,42.05
1712,1470,2,2024-10-13,23,217.7,10.88,206.82
1713,1435,7,2024-10-13,4,111.52,5.58,105.94
1714,1317,4,2024-10-13,7,109.62,5.48,104.14
1715,1059,2,2024-10-13,8,238.64,23.86,214.77999999999997
1716,1221,7,2024-10-13,12,223.98,4.48,219.5
1717,1175,1,2024-10-13,22,225.96,11.3,214.66
1718,1117,12,2024-10-13,10,239.23,4.78,234.45
1719,1435,12,2024-10-13,3,263.81,13.19,250.62
1720,1345,8,2024-10-13,11,275.53,13.78,261.75
1721,1257,4,2024-10-13,30,133.68,6.68,127.0
1722,1144,12,2024-10-14,17,129.39,2.59,126.79999999999998
1723,1261,10,2024-10-14,18,113.33,2.27,111.06
1724,1202,7,2024-10-14,32,269.4,13.47,255.92999999999998
1725,1445,7,2024-10-14,8,210.15,4.2,205.95000000000002
1726,1480,9,2024-10-14,34,91.9,4.6,87.30000000000001
1727,1158,3,2024-10-14,24,281.46,14.07,267.39
1728,1426,12,2024-10-14,19,226.86,22.69,204.17000000000002
1729,1405,5,2024-10-14,7,245.09,4.9,240.19
1730,1151,7,2024-10-14,28,283.73,14.19,269.54
1731,1407,10,2024-10-14,31,217.33,21.73,195.60000000000002
1732,1471,5,2024-10-14,24,278.16,13.91,264.25
1733,1259,3,2024-10-14,8,173.18,25.98,147.20000000000002
1734,1263,10,2024-10-14,9,137.6,6.88,130.72
1735,1395,6,2024-10-14,23,195.17,9.76,185.41
1736,1039,8,2024-10-14,19,286.83,14.34,272.49
1737,1078,5,2024-10-14,22,139.97,2.8,137.17
1738,1047,3,2024-10-14,5,156.38,3.13,153.25
1739,1140,1,2024-10-15,24,161.25,16.12,145.13
1740,1087,3,2024-10-15,21,42.63,4.26,38.370000000000005
1741,1401,9,2024-10-15,17,234.62,4.69,229.93
1742,1003,9,2024-10-15,33,174.93,3.5,171.43
1743,1451,12,2024-10-15,15,80.42,4.02,76.4
1744,1452,5,2024-10-15,29,88.16,1.76,86.39999999999999
1745,1371,3,2024-10-15,8,59.19,8.88,50.309999999999995
1746,1128,12,2024-10-15,23,66.4,1.33,65.07000000000001
1747,1458,3,2024-10-15,33,62.23,3.11,59.12
1748,1471,12,2024-10-15,5,115.1,5.75,109.35
1749,1334,3,2024-10-15,34,168.88,3.38,165.5
1750,1429,7,2024-10-15,28,206.14,20.61,185.52999999999997
1751,1198,7,2024-10-15,13,70.33,7.03,63.3
1752,1260,9,2024-10-15,8,194.08,3.88,190.20000000000002
1753,1453,10,2024-10-15,19,172.4,25.86,146.54000000000002
1754,1032,2,2024-10-15,20,118.56,11.86,106.7
1755,1197,9,2024-10-16,32,95.69,1.91,93.78
1756,1373,3,2024-10-16,3,112.79,5.64,107.15
1757,1107,7,2024-10-16,24,226.57,11.33,215.23999999999998
1758,1293,12,2024-10-16,31,38.85,0.78,38.07
1759,1172,6,2024-10-16,6,169.41,3.39,166.02
1760,1065,6,2024-10-16,11,155.46,7.77,147.69
1761,1345,4,2024-10-16,17,37.03,1.85,35.18
1762,1429,5,2024-10-16,21,57.78,5.78,52.0
1763,1189,4,2024-10-16,6,213.74,10.69,203.05
1764,1112,3,2024-10-16,28,95.05,1.9,93.14999999999999
1765,1094,9,2024-10-16,9,34.23,0.68,33.55
1766,1317,9,2024-10-16,3,50.42,2.52,47.9
1767,1495,3,2024-10-16,30,91.41,13.71,77.69999999999999
1768,1313,1,2024-10-16,12,29.36,0.59,28.77
1769,1378,3,2024-10-16,17,91.39,1.83,89.56
1770,1119,6,2024-10-16,14,174.56,26.18,148.38
1771,1120,10,2024-10-17,4,195.3,3.91,191.39000000000001
1772,1029,10,2024-10-17,26,40.14,2.01,38.13
1773,1432,3,2024-10-17,7,277.46,27.75,249.70999999999998
1774,1495,5,2024-10-17,25,301.73,45.26,256.47
1775,1148,1,2024-10-17,19,191.09,3.82,187.27
1776,1496,2,2024-10-17,32,279.33,27.93,251.39999999999998
1777,1216,4,2024-10-17,6,135.9,2.72,133.18
1778,1314,4,2024-10-17,31,69.93,3.5,66.43
1779,1258,6,2024-10-17,13,115.76,5.79,109.97
1780,1317,5,2024-10-17,23,113.01,5.65,107.36
1781,1262,12,2024-10-17,29,231.27,34.69,196.58
1782,1263,1,2024-10-17,23,272.62,13.63,258.99
1783,1484,6,2024-10-17,5,176.29,17.63,158.66
1784,1179,5,2024-10-17,9,151.94,7.6,144.34
1785,1215,9,2024-10-17,28,131.69,6.58,125.11
1786,1180,4,2024-10-17,30,93.52,1.87,91.64999999999999
1787,1035,6,2024-10-17,14,101.29,5.06,96.23
1788,1046,8,2024-10-18,31,56.55,1.13,55.419999999999995
1789,1219,3,2024-10-18,15,156.32,3.13,153.19
1790,1085,5,2024-10-18,15,189.96,9.5,180.46
1791,1087,12,2024-10-18,16,307.63,30.76,276.87
1792,1310,9,2024-10-18,10,191.57,19.16,172.41
1793,1095,2,2024-10-18,22,35.2,3.52,31.680000000000003
1794,1351,10,2024-10-18,31,155.29,3.11,152.17999999999998
1795,1134,12,2024-10-18,22,152.96,7.65,145.31
1796,1292,5,2024-10-18,7,86.79,13.02,73.77000000000001
1797,1143,12,2024-10-18,20,108.61,2.17,106.44
1798,1024,9,2024-10-18,9,282.51,14.13,268.38
1799,1454,1,2024-10-18,23,295.44,29.54,265.9
1800,1290,2,2024-10-18,12,150.8,7.54,143.26000000000002
1801,1058,3,2024-10-18,28,35.75,3.58,32.17
1802,1242,11,2024-10-18,5,128.59,2.57,126.02000000000001
1803,1246,3,2024-10-18,4,313.52,31.35,282.16999999999996
1804,1240,12,2024-10-19,6,24.51,1.23,23.28
1805,1481,2,2024-10-19,23,108.86,2.18,106.67999999999999
1806,1392,5,2024-10-19,5,54.05,1.08,52.97
1807,1218,1,2024-10-19,28,206.64,10.33,196.30999999999997
1808,1377,4,2024-10-19,32,22.74,1.14,21.599999999999998
1809,1101,2,2024-10-19,21,82.4,4.12,78.28
1810,1325,9,2024-10-19,22,94.24,1.88,92.36
1811,1433,6,2024-10-19,3,223.18,4.46,218.72
1812,1458,5,2024-10-19,6,174.33,8.72,165.61
1813,1431,3,2024-10-19,7,80.27,1.61,78.66
1814,1363,1,2024-10-19,22,326.73,49.01,277.72
1815,1132,9,2024-10-19,10,230.99,11.55,219.44
1816,1418,5,2024-10-19,19,179.12,3.58,175.54
1817,1013,6,2024-10-19,21,213.39,10.67,202.72
1818,1245,12,2024-10-19,18,238.35,4.77,233.57999999999998
1819,1376,6,2024-10-19,11,15.82,0.32,15.5
1820,1190,5,2024-10-19,12,232.95,4.66,228.29
1821,1047,3,2024-10-20,27,188.44,3.77,184.67
1822,1417,7,2024-10-20,26,228.33,22.83,205.5
1823,1369,2,2024-10-20,9,57.75,2.89,54.86
1824,1477,8,2024-10-20,25,83.99,1.68,82.30999999999999
1825,1106,2,2024-10-20,10,73.9,3.7,70.2
1826,1058,8,2024-10-20,30,241.02,24.1,216.92000000000002
1827,1004,9,2024-10-20,25,109.3,10.93,98.37
1828,1381,3,2024-10-20,29,266.12,39.92,226.2
1829,1495,9,2024-10-20,14,152.31,22.85,129.46
1830,1292,1,2024-10-20,26,81.2,12.18,69.02000000000001
1831,1433,1,2024-10-20,19,195.62,3.91,191.71
1832,1137,5,2024-10-20,34,162.48,8.12,154.35999999999999
1833,1184,8,2024-10-20,12,151.66,7.58,144.07999999999998
1834,1361,10,2024-10-20,32,256.92,38.54,218.38000000000002
1835,1095,10,2024-10-20,3,60.61,6.06,54.55
1836,1292,11,2024-10-20,33,246.52,36.98,209.54000000000002
1837,1500,10,2024-10-21,32,245.01,12.25,232.76
1838,1456,2,2024-10-21,11,90.53,9.05,81.48
1839,1043,9,2024-10-21,20,65.6,3.28,62.31999999999999
1840,1292,2,2024-10-21,34,56.9,8.54,48.36
1841,1185,3,2024-10-21,26,226.14,11.31,214.82999999999998
1842,1302,3,2024-10-21,25,214.77,10.74,204.03
1843,1246,7,2024-10-21,24,54.89,5.49,49.4
1844,1250,12,2024-10-21,6,219.17,32.88,186.29
1845,1051,7,2024-10-21,14,218.97,4.38,214.59
1846,1322,9,2024-10-21,12,238.48,23.85,214.63
1847,1042,1,2024-10-21,29,240.52,12.03,228.49
1848,1443,7,2024-10-21,14,232.79,11.64,221.14999999999998
1849,1254,10,2024-10-21,21,81.69,1.63,80.06
1850,1158,3,2024-10-21,22,45.0,2.25,42.75
1851,1273,10,2024-10-21,6,241.8,12.09,229.71
1852,1434,12,2024-10-21,20,286.7,14.34,272.36
1853,1292,3,2024-10-22,5,157.34,23.6,133.74
1854,1150,7,2024-10-22,15,27.7,0.55,27.15
1855,1118,8,2024-10-22,31,80.26,8.03,72.23
1856,1207,2,2024-10-22,17,201.56,10.08,191.48
1857,1355,5,2024-10-22,20,219.42,4.39,215.03
1858,1042,8,2024-10-22,19,124.49,6.22,118.27
1859,1451,8,2024-10-22,24,277.86,13.89,263.97
1860,1035,9,2024-10-22,29,94.42,4.72,89.7
1861,1374,12,2024-10-22,19,122.26,6.11,116.15
1862,1114,8,2024-10-22,16,225.41,4.51,220.9
1863,1332,6,2024-10-22,10,187.8,18.78,169.02
1864,1159,2,2024-10-22,16,27.58,1.38,26.2
1865,1284,9,2024-10-22,26,174.89,8.74,166.14999999999998
1866,1165,5,2024-10-22,23,43.78,2.19,41.59
1867,1070,6,2024-10-22,18,45.44,2.27,43.169999999999995
1868,1042,6,2024-10-22,23,175.62,8.78,166.84
1869,1010,1,2024-10-22,8,33.2,0.66,32.540000000000006
1870,1233,7,2024-10-23,28,224.46,22.45,202.01000000000002
1871,1091,4,2024-10-23,21,187.76,3.76,184.0
1872,1261,1,2024-10-23,32,204.04,4.08,199.95999999999998
1873,1270,2,2024-10-23,15,27.18,0.54,26.64
1874,1422,6,2024-10-23,24,91.1,1.82,89.28
1875,1068,5,2024-10-23,12,22.06,2.21,19.849999999999998
1876,1381,4,2024-10-23,14,355.77,53.37,302.4
1877,1341,5,2024-10-23,29,50.39,1.01,49.38
1878,1085,4,2024-10-23,16,140.7,7.04,133.66
1879,1297,2,2024-10-23,17,166.18,3.32,162.86
1880,1134,2,2024-10-23,17,89.01,4.45,84.56
1881,1298,1,2024-10-23,29,183.28,9.16,174.12
1882,1441,5,2024-10-23,27,67.89,1.36,66.53
1883,1278,2,2024-10-23,4,181.86,18.19,163.67000000000002
1884,1060,1,2024-10-23,27,287.46,43.12,244.33999999999997
1885,1381,10,2024-10-23,13,220.04,33.01,187.03
1886,1489,7,2024-10-24,33,156.24,23.44,132.8
1887,1146,3,2024-10-24,4,38.0,0.76,37.24
1888,1469,8,2024-10-24,16,252.3,12.62,239.68
1889,1155,3,2024-10-24,17,242.56,4.85,237.71
1890,1204,9,2024-10-24,11,23.55,0.47,23.080000000000002
1891,1218,1,2024-10-24,19,127.57,6.38,121.19
1892,1004,5,2024-10-24,26,241.59,24.16,217.43
1893,1192,5,2024-10-24,3,189.95,3.8,186.14999999999998
1894,1169,7,2024-10-24,16,222.3,11.12,211.18
1895,1494,7,2024-10-24,22,85.4,4.27,81.13000000000001
1896,1282,11,2024-10-24,24,221.21,4.42,216.79000000000002
1897,1288,7,2024-10-24,11,208.85,10.44,198.41
1898,1310,6,2024-10-24,5,161.37,16.14,145.23000000000002
1899,1334,7,2024-10-24,32,128.83,2.58,126.25000000000001
1900,1092,10,2024-10-24,27,110.59,2.21,108.38000000000001
1901,1031,2,2024-10-24,28,188.99,3.78,185.21
1902,1064,5,2024-10-24,27,265.91,13.3,252.61
1903,1254,7,2024-10-25,31,54.2,1.08,53.120000000000005
1904,1482,6,2024-10-25,24,40.77,4.08,36.690000000000005
1905,1278,9,2024-10-25,33,322.09,32.21,289.88
1906,1028,4,2024-10-25,7,211.21,10.56,200.65
1907,1335,5,2024-10-25,17,142.18,2.84,139.34
1908,1492,11,2024-10-25,15,83.82,1.68,82.13999999999999
1909,1303,2,2024-10-25,9,79.25,3.96,75.29
1910,1332,10,2024-10-25,6,85.16,8.52,76.64
1911,1168,4,2024-10-25,22,213.3,32.0,181.3
1912,1020,3,2024-10-25,14,177.04,3.54,173.5
1913,1133,11,2024-10-25,20,270.68,13.53,257.15000000000003
1914,1338,6,2024-10-25,26,140.51,7.03,133.48
1915,1493,1,2024-10-25,24,283.72,14.19,269.53000000000003
1916,1438,1,2024-10-25,3,143.76,2.88,140.88
1917,1484,10,2024-10-25,4,177.28,17.73,159.55
1918,1425,2,2024-10-25,24,61.5,3.08,58.42
1919,1044,11,2024-10-26,15,118.06,2.36,115.7
1920,1086,12,2024-10-26,16,244.96,36.74,208.22
1921,1050,6,2024-10-26,25,188.94,18.89,170.05
1922,1032,12,2024-10-26,27,74.49,7.45,67.03999999999999
1923,1362,6,2024-10-26,11,43.84,4.38,39.46
1924,1480,5,2024-10-26,10,281.14,14.06,267.08
1925,1409,6,2024-10-26,20,204.92,10.25,194.67
1926,1092,1,2024-10-26,18,152.08,3.04,149.04000000000002
1927,1159,5,2024-10-26,30,52.93,2.65,50.28
1928,1195,2,2024-10-26,6,150.89,3.02,147.86999999999998
1929,1381,2,2024-10-26,5,258.48,38.77,219.71
1930,1045,6,2024-10-26,11,155.23,3.1,152.13
1931,1301,10,2024-10-26,21,170.61,8.53,162.08
1932,1488,8,2024-10-26,33,18.09,0.36,17.73
1933,1441,7,2024-10-26,3,55.47,1.11,54.36
1934,1319,8,2024-10-26,12,68.13,3.41,64.72
1935,1010,1,2024-10-27,25,101.44,2.03,99.41
1936,1474,9,2024-10-27,9,139.03,2.78,136.25
1937,1467,6,2024-10-27,32,130.22,2.6,127.62
1938,1322,3,2024-10-27,25,261.3,26.13,235.17000000000002
1939,1371,4,2024-10-27,6,54.1,8.12,45.980000000000004
1940,1469,11,2024-10-27,13,286.42,14.32,272.1
1941,1342,4,2024-10-27,20,127.07,2.54,124.52999999999999
1942,1266,1,2024-10-27,24,157.04,3.14,153.9
1943,1430,1,2024-10-27,33,99.1,4.96,94.14
1944,1143,9,2024-10-27,28,100.34,2.01,98.33
1945,1356,1,2024-10-27,6,215.19,21.52,193.67
1946,1264,8,2024-10-27,3,153.32,23.0,130.32
1947,1432,9,2024-10-27,15,176.2,17.62,158.57999999999998
1948,1045,11,2024-10-27,26,212.18,4.24,207.94
1949,1100,10,2024-10-27,29,283.1,14.16,268.94
1950,1373,10,2024-10-27,14,44.91,2.25,42.66
1951,1361,5,2024-10-27,26,99.93,14.99,84.94000000000001
1952,1004,11,2024-10-28,33,281.96,28.2,253.76
1953,1233,12,2024-10-28,34,287.66,28.77,258.89000000000004
1954,1133,11,2024-10-28,19,249.77,12.49,237.28
1955,1099,2,2024-10-28,23,141.75,7.09,134.66
1956,1297,1,2024-10-28,20,202.13,4.04,198.09
1957,1332,5,2024-10-28,8,229.63,22.96,206.67
1958,1040,4,2024-10-28,19,22.83,2.28,20.549999999999997
1959,1041,12,2024-10-28,10,126.58,2.53,124.05
1960,1333,9,2024-10-28,29,234.48,4.69,229.79
1961,1036,10,2024-10-28,6,84.18,1.68,82.5
1962,1052,10,2024-10-28,20,188.21,3.76,184.45000000000002
1963,1453,12,2024-10-28,27,82.53,12.38,70.15
1964,1233,6,2024-10-28,9,121.43,12.14,109.29
1965,1223,10,2024-10-28,31,107.39,2.15,105.24
1966,1429,10,2024-10-28,27,307.24,30.72,276.52
1967,1428,7,2024-10-28,24,141.74,2.83,138.91
1968,1097,9,2024-10-29,26,46.29,2.31,43.98
1969,1095,2,2024-10-29,13,292.11,29.21,262.90000000000003
1970,1079,7,2024-10-29,16,46.32,2.32,44.0
1971,1058,10,2024-10-29,12,38.54,3.85,34.69
1972,1464,11,2024-10-29,19,42.02,0.84,41.18
1973,1267,1,2024-10-29,26,27.33,0.55,26.779999999999998
1974,1264,9,2024-10-29,6,328.2,49.23,278.96999999999997
1975,1447,1,2024-10-29,25,141.93,2.84,139.09
1976,1224,3,2024-10-29,13,67.58,1.35,66.23
1977,1279,2,2024-10-29,7,69.77,1.4,68.36999999999999
1978,1292,2,2024-10-29,30,357.21,53.58,303.63
1979,1316,2,2024-10-29,7,161.98,3.24,158.73999999999998
1980,1285,3,2024-10-29,18,215.69,10.78,204.91
1981,1205,10,2024-10-29,30,227.13,4.54,222.59
1982,1371,3,2024-10-29,5,251.12,37.67,213.45
1983,1061,11,2024-10-29,3,160.74,8.04,152.70000000000002
1984,1225,8,2024-10-30,25,225.19,4.5,220.69
1985,1300,1,2024-10-30,10,72.26,1.45,70.81
1986,1168,4,2024-10-30,16,179.28,26.89,152.39
1987,1187,4,2024-10-30,22,30.7,1.54,29.16
1988,1129,5,2024-10-30,10,85.71,4.29,81.41999999999999
1989,1416,12,2024-10-30,9,275.6,13.78,261.82000000000005
1990,1454,5,2024-10-30,3,130.21,13.02,117.19000000000001
1991,1447,7,2024-10-30,30,98.36,1.97,96.39
1992,1223,12,2024-10-30,3,79.66,1.59,78.07
1993,1264,3,2024-10-30,21,143.66,21.55,122.11
1994,1040,5,2024-10-30,20,240.94,24.09,216.85
1995,1453,8,2024-10-30,28,37.5,5.62,31.88
1996,1246,8,2024-10-30,19,283.54,28.35,255.19000000000003
1997,1312,10,2024-10-30,18,83.16,1.66,81.5
1998,1271,3,2024-10-30,21,23.86,0.48,23.38
1999,1261,12,2024-10-30,20,201.56,4.03,197.53
2000,1268,6,2024-10-30,18,110.14,5.51,104.63
2001,1263,6,2024-10-31,19,155.42,7.77,147.64999999999998
2002,1061,2,2024-10-31,4,281.07,14.05,267.02
2003,1186,1,2024-10-31,28,323.58,48.54,275.03999999999996
2004,1298,3,2024-10-31,29,128.33,6.42,121.91000000000001
2005,1056,1,2024-10-31,23,218.68,4.37,214.31
2006,1118,12,2024-10-31,31,307.35,30.74,276.61
2007,1420,2,2024-10-31,9,157.7,7.88,149.82
2008,1486,10,2024-10-31,14,46.3,2.31,43.989999999999995
2009,1415,8,2024-10-31,12,204.62,10.23,194.39000000000001
2010,1068,12,2024-10-31,14,174.37,17.44,156.93
2011,1415,5,2024-10-31,17,103.11,5.16,97.95
2012,1495,11,2024-10-31,22,246.58,36.99,209.59
2013,1233,3,2024-10-31,34,55.15,5.52,49.629999999999995
2014,1292,12,2024-10-31,7,32.49,4.87,27.62
2015,1057,10,2024-10-31,20,73.98,3.7,70.28
2016,1419,2,2024-10-31,23,164.84,3.3,161.54
2017,1086,12,2024-11-01,10,163.77,24.57,139.20000000000002
2018,1313,12,2024-11-01,34,175.21,3.5,171.71
2019,1143,4,2024-11-01,5,158.82,3.18,155.64
2020,1394,3,2024-11-01,31,16.69,0.33,16.360000000000003
2021,1376,11,2024-11-01,11,197.46,3.95,193.51000000000002
2022,1474,2,2024-11-01,23,139.22,2.78,136.44
2023,1434,10,2024-11-01,3,271.72,13.59,258.13000000000005
2024,1374,2,2024-11-01,3,73.86,3.69,70.17
2025,1002,10,2024-11-01,31,126.67,2.53,124.14
2026,1465,8,2024-11-01,9,106.26,2.13,104.13000000000001
2027,1492,10,2024-11-01,22,33.21,0.66,32.550000000000004
2028,1426,7,2024-11-01,20,172.56,17.26,155.3
2029,1058,12,2024-11-01,9,21.81,2.18,19.63
2030,1230,1,2024-11-01,3,261.83,13.09,248.73999999999998
2031,1488,11,2024-11-01,21,20.15,0.4,19.75
2032,1309,10,2024-11-01,12,319.41,31.94,287.47
2033,1136,2,2024-11-01,33,232.99,11.65,221.34
2034,1484,1,2024-11-02,29,106.92,10.69,96.23
2035,1440,10,2024-11-02,33,51.29,1.03,50.26
2036,1296,1,2024-11-02,16,205.86,4.12,201.74
2037,1187,11,2024-11-02,8,258.35,12.92,245.43000000000004
2038,1273,10,2024-11-02,23,39.47,1.97,37.5
2039,1365,9,2024-11-02,18,95.22,9.52,85.7
2040,1149,1,2024-11-02,8,167.59,3.35,164.24
2041,1098,5,2024-11-02,34,254.96,25.5,229.46
2042,1236,1,2024-11-02,24,269.48,40.42,229.06
2043,1305,11,2024-11-02,24,31.82,4.77,27.05
2044,1489,5,2024-11-02,31,159.45,23.92,135.52999999999997
2045,1142,12,2024-11-02,14,89.11,4.46,84.65
2046,1498,4,2024-11-02,32,216.45,4.33,212.11999999999998
2047,1497,12,2024-11-02,19,249.9,5.0,244.9
2048,1272,8,2024-11-02,8,373.24,55.99,317.25
2049,1343,8,2024-11-02,15,232.51,4.65,227.85999999999999
2050,1100,1,2024-11-03,17,263.02,13.15,249.86999999999998
2051,1156,1,2024-11-03,31,195.54,3.91,191.63
2052,1377,6,2024-11-03,15,104.05,5.2,98.85
2053,1269,10,2024-11-03,20,246.53,4.93,241.6
2054,1491,10,2024-11-03,11,161.74,3.23,158.51000000000002
2055,1345,1,2024-11-03,32,156.18,7.81,148.37
2056,1389,10,2024-11-03,10,184.08,9.2,174.88000000000002
2057,1181,12,2024-11-03,12,52.32,7.85,44.47
2058,1183,7,2024-11-03,17,199.77,9.99,189.78
2059,1356,1,2024-11-03,31,75.89,7.59,68.3
2060,1457,11,2024-11-03,10,194.49,3.89,190.60000000000002
2061,1459,7,2024-11-03,9,312.32,31.23,281.09
2062,1091,10,2024-11-03,32,81.15,1.62,79.53
2063,1328,4,2024-11-03,10,192.78,3.86,188.92
2064,1122,5,2024-11-03,27,206.95,4.14,202.81
2065,1326,9,2024-11-03,17,103.33,2.07,101.26
2066,1045,5,2024-11-04,8,60.21,1.2,59.01
2067,1002,6,2024-11-04,28,94.32,1.89,92.42999999999999
2068,1224,8,2024-11-04,6,23.79,0.48,23.31
2069,1482,2,2024-11-04,9,75.89,7.59,68.3
2070,1487,6,2024-11-04,31,90.15,1.8,88.35000000000001
2071,1130,8,2024-11-04,33,49.06,4.91,44.150000000000006
2072,1245,11,2024-11-04,30,219.48,4.39,215.09
2073,1035,11,2024-11-04,25,216.89,10.84,206.04999999999998
2074,1085,4,2024-11-04,12,197.21,9.86,187.35000000000002
2075,1285,10,2024-11-04,12,152.57,7.63,144.94
2076,1084,12,2024-11-04,4,52.78,2.64,50.14
2077,1332,10,2024-11-04,33,291.5,29.15,262.35
2078,1090,12,2024-11-04,12,36.44,1.82,34.62
2079,1395,3,2024-11-04,32,113.57,5.68,107.88999999999999
2080,1431,10,2024-11-04,15,153.93,3.08,150.85
2081,1037,3,2024-11-04,34,46.65,0.93,45.72
2082,1104,1,2024-11-04,27,280.84,14.04,266.79999999999995
2083,1484,1,2024-11-05,11,139.54,13.95,125.58999999999999
2084,1111,12,2024-11-05,9,146.46,14.65,131.81
2085,1117,5,2024-11-05,12,131.1,2.62,128.48
2086,1345,12,2024-11-05,33,120.51,6.03,114.48
2087,1304,8,2024-11-05,7,85.9,12.88,73.02000000000001
2088,1172,10,2024-11-05,26,231.42,4.63,226.79
2089,1377,10,2024-11-05,17,110.07,5.5,104.57
2090,1082,7,2024-11-05,13,67.15,1.34,65.81
2091,1230,4,2024-11-05,14,134.37,6.72,127.65
2092,1262,8,2024-11-05,7,90.21,13.53,76.67999999999999
2093,1194,10,2024-11-05,9,197.65,9.88,187.77
2094,1454,11,2024-11-05,13,216.79,21.68,195.10999999999999
2095,1061,8,2024-11-05,32,53.44,2.67,50.769999999999996
2096,1381,3,2024-11-05,28,325.3,48.8,276.5
2097,1442,6,2024-11-05,18,234.62,11.73,222.89000000000001
2098,1408,11,2024-11-05,20,100.04,5.0,95.04
2099,1274,8,2024-11-06,31,179.64,3.59,176.04999999999998
2100,1186,2,2024-11-06,22,293.26,43.99,249.26999999999998
2101,1225,9,2024-11-06,14,87.09,1.74,85.35000000000001
2102,1442,11,2024-11-06,8,261.59,13.08,248.50999999999996
2103,1022,6,2024-11-06,18,83.49,8.35,75.14
2104,1186,3,2024-11-06,24,364.22,54.63,309.59000000000003
2105,1413,3,2024-11-06,18,245.0,24.5,220.5
2106,1116,11,2024-11-06,16,171.16,3.42,167.74
2107,1468,11,2024-11-06,5,269.5,13.48,256.02
2108,1334,1,2024-11-06,28,219.02,4.38,214.64000000000001
2109,1346,8,2024-11-06,3,200.23,4.0,196.23
2110,1489,2,2024-11-06,19,194.08,29.11,164.97000000000003
2111,1265,10,2024-11-06,15,212.42,4.25,208.17
2112,1324,9,2024-11-06,27,166.05,16.61,149.44
2113,1290,4,2024-11-06,20,258.7,12.94,245.76
2114,1438,9,2024-11-06,29,48.9,0.98,47.92
2115,1138,6,2024-11-06,30,246.91,4.94,241.97
2116,1084,12,2024-11-07,19,247.79,12.39,235.39999999999998
2117,1447,6,2024-11-07,21,227.71,4.55,223.16
2118,1288,10,2024-11-07,18,132.45,6.62,125.82999999999998
2119,1385,6,2024-11-07,32,175.4,3.51,171.89000000000001
2120,1297,1,2024-11-07,6,97.13,1.94,95.19
2121,1260,6,2024-11-07,19,145.52,2.91,142.61
2122,1228,6,2024-11-07,12,137.29,6.86,130.42999999999998
2123,1062,6,2024-11-07,28,42.05,0.84,41.209999999999994
2124,1339,5,2024-11-07,15,213.46,10.67,202.79000000000002
2125,1453,8,2024-11-07,19,120.69,18.1,102.59
2126,1319,10,2024-11-07,32,69.95,3.5,66.45
2127,1494,2,2024-11-07,15,212.84,10.64,202.2
2128,1489,1,2024-11-07,15,306.72,46.01,260.71000000000004
2129,1154,11,2024-11-07,31,145.3,2.91,142.39000000000001
2130,1319,2,2024-11-07,20,122.53,6.13,116.4
2131,1012,7,2024-11-07,30,122.21,2.44,119.77
2132,1158,7,2024-11-08,5,228.63,11.43,217.2
2133,1112,6,2024-11-08,16,167.48,3.35,164.13
2134,1336,9,2024-11-08,25,165.67,8.28,157.39
2135,1009,4,2024-11-08,34,120.22,12.02,108.2
2136,1021,4,2024-11-08,23,103.36,5.17,98.19
2137,1278,2,2024-11-08,19,300.6,30.06,270.54
2138,1299,10,2024-11-08,26,87.83,1.76,86.07
2139,1232,10,2024-11-08,27,87.88,4.39,83.49
2140,1361,3,2024-11-08,24,327.04,49.06,277.98
2141,1134,12,2024-11-08,11,142.21,7.11,135.1
2142,1320,8,2024-11-08,26,314.35,31.44,282.91
2143,1135,12,2024-11-08,12,209.1,20.91,188.19
2144,1350,9,2024-11-08,20,201.46,4.03,197.43
2145,1060,9,2024-11-08,29,135.12,20.27,114.85000000000001
2146,1134,11,2024-11-08,18,106.2,5.31,100.89
2147,1146,10,2024-11-08,12,111.82,2.24,109.58
2148,1157,1,2024-11-09,15,86.79,4.34,82.45
2149,1360,9,2024-11-09,31,178.54,26.78,151.76
2150,1364,6,2024-11-09,10,249.34,12.47,236.87
2151,1316,5,2024-11-09,30,61.05,1.22,59.83
2152,1430,2,2024-11-09,14,224.33,11.22,213.11
2153,1205,5,2024-11-09,15,231.51,4.63,226.88
2154,1077,7,2024-11-09,9,246.26,4.93,241.32999999999998
2155,1363,8,2024-11-09,24,205.46,30.82,174.64000000000001
2156,1317,5,2024-11-09,32,91.94,4.6,87.34
2157,1423,8,2024-11-09,23,29.19,1.46,27.73
2158,1181,8,2024-11-09,15,258.94,38.84,220.1
2159,1041,6,2024-11-09,25,240.63,4.81,235.82
2160,1353,1,2024-11-09,10,32.65,0.65,32.0
2161,1355,7,2024-11-09,14,87.56,1.75,85.81
2162,1294,9,2024-11-09,30,256.87,25.69,231.18
2163,1157,9,2024-11-09,7,61.77,3.09,58.68000000000001
2164,1125,8,2024-11-09,23,116.01,2.32,113.69000000000001
2165,1137,3,2024-11-10,34,160.59,8.03,152.56
2166,1281,6,2024-11-10,6,60.83,1.22,59.61
2167,1264,1,2024-11-10,11,258.87,38.83,220.04000000000002
2168,1013,8,2024-11-10,6,37.24,1.86,35.38
2169,1120,2,2024-11-10,33,230.58,4.61,225.97
2170,1213,3,2024-11-10,4,29.81,1.49,28.32
2171,1395,12,2024-11-10,28,136.76,6.84,129.92
2172,1016,12,2024-11-10,31,201.77,4.04,197.73000000000002
2173,1168,9,2024-11-10,27,161.62,24.24,137.38
2174,1074,9,2024-11-10,8,47.88,0.96,46.92
2175,1362,3,2024-11-10,26,263.58,26.36,237.21999999999997
2176,1349,10,2024-11-10,12,86.31,8.63,77.68
2177,1029,3,2024-11-10,32,212.55,10.63,201.92000000000002
2178,1075,11,2024-11-10,20,40.27,2.01,38.260000000000005
2179,1233,5,2024-11-10,9,67.05,6.71,60.339999999999996
2180,1060,5,2024-11-10,32,279.63,41.94,237.69
2181,1366,5,2024-11-11,17,163.89,3.28,160.60999999999999
2182,1443,2,2024-11-11,3,177.88,8.89,168.99
2183,1030,8,2024-11-11,3,173.46,17.35,156.11
2184,1369,3,2024-11-11,18,113.64,5.68,107.96000000000001
2185,1007,11,2024-11-11,19,220.28,11.01,209.27
2186,1371,8,2024-11-11,32,261.33,39.2,222.13
2187,1289,3,2024-11-11,26,215.13,4.3,210.82999999999998
2188,1292,9,2024-11-11,19,345.88,51.88,294.0
2189,1386,1,2024-11-11,33,216.59,10.83,205.76
2190,1324,1,2024-11-11,13,51.36,5.14,46.22
2191,1235,7,2024-11-11,26,155.21,3.1,152.11
2192,1248,7,2024-11-11,20,202.63,4.05,198.57999999999998
2193,1350,6,2024-11-11,33,164.44,3.29,161.15
2194,1462,11,2024-11-11,30,72.2,3.61,68.59
2195,1305,2,2024-11-11,30,65.18,9.78,55.400000000000006
2196,1147,10,2024-11-11,12,116.22,5.81,110.41
2197,1494,2,2024-11-12,34,98.9,4.95,93.95
2198,1490,5,2024-11-12,14,112.09,2.24,109.85000000000001
2199,1367,6,2024-11-12,9,137.67,6.88,130.79
2200,1211,6,2024-11-12,11,203.16,4.06,199.1
2201,1123,7,2024-11-12,26,50.08,1.0,49.08
2202,1470,11,2024-11-12,21,136.55,6.83,129.72
2203,1023,10,2024-11-12,11,118.63,5.93,112.69999999999999
2204,1119,3,2024-11-12,16,280.33,42.05,238.27999999999997
2205,1106,2,2024-11-12,7,257.04,12.85,244.19000000000003
2206,1500,10,2024-11-12,22,173.03,8.65,164.38
2207,1474,10,2024-11-12,8,112.07,2.24,109.83
2208,1205,12,2024-11-12,15,145.5,2.91,142.59
2209,1402,11,2024-11-12,18,196.21,3.92,192.29000000000002
2210,1062,5,2024-11-12,14,218.75,4.38,214.37
2211,1459,1,2024-11-12,9,205.31,20.53,184.78
2212,1306,7,2024-11-12,20,23.71,0.47,23.240000000000002
2213,1340,3,2024-11-12,3,131.74,13.17,118.57000000000001
2214,1168,2,2024-11-13,10,239.73,35.96,203.76999999999998
2215,1276,6,2024-11-13,19,80.44,4.02,76.42
2216,1085,7,2024-11-13,25,111.41,5.57,105.84
2217,1198,5,2024-11-13,27,169.05,16.91,152.14000000000001
2218,1460,2,2024-11-13,12,184.87,18.49,166.38
2219,1384,9,2024-11-13,26,258.42,12.92,245.50000000000003
2220,1460,7,2024-11-13,3,204.7,20.47,184.23
2221,1269,8,2024-11-13,31,110.23,2.2,108.03
2222,1118,9,2024-11-13,32,108.67,10.87,97.8
2223,1331,8,2024-11-13,4,22.61,0.45,22.16
2224,1338,10,2024-11-13,19,59.32,2.97,56.35
2225,1014,8,2024-11-13,21,178.89,26.83,152.06
2226,1346,4,2024-11-13,17,179.93,3.6,176.33
2227,1498,6,2024-11-13,11,182.32,3.65,178.67
2228,1305,7,2024-11-13,31,264.96,39.74,225.21999999999997
2229,1456,4,2024-11-13,9,266.18,26.62,239.56
2230,1121,3,2024-11-14,3,109.91,2.2,107.71
2231,1470,10,2024-11-14,8,105.42,5.27,100.15
2232,1447,2,2024-11-14,26,59.13,1.18,57.95
2233,1425,2,2024-11-14,16,62.53,3.13,59.4
2234,1489,5,2024-11-14,23,336.3,50.45,285.85
2235,1059,5,2024-11-14,21,226.67,22.67,204.0
2236,1287,7,2024-11-14,10,143.4,14.34,129.06
2237,1108,7,2024-11-14,28,115.46,5.77,109.69
2238,1062,10,2024-11-14,4,47.04,0.94,46.1
2239,1361,7,2024-11-14,23,341.64,51.25,290.39
2240,1265,4,2024-11-14,24,245.7,4.91,240.79
2241,1035,2,2024-11-14,19,264.76,13.24,251.51999999999998
2242,1300,9,2024-11-14,16,62.85,1.26,61.59
2243,1424,10,2024-11-14,9,113.66,2.27,111.39
2244,1425,7,2024-11-14,14,224.61,11.23,213.38000000000002
2245,1174,6,2024-11-14,25,260.51,13.03,247.48
2246,1264,12,2024-11-14,20,313.91,47.09,266.82000000000005
2247,1104,5,2024-11-15,32,160.45,8.02,152.42999999999998
2248,1315,7,2024-11-15,20,34.77,0.7,34.07
2249,1364,9,2024-11-15,21,224.41,11.22,213.19
2250,1416,10,2024-11-15,11,96.71,4.84,91.86999999999999
2251,1292,1,2024-11-15,4,174.76,26.21,148.54999999999998
2252,1275,12,2024-11-15,7,35.82,0.72,35.1
2253,1117,2,2024-11-15,17,141.27,2.83,138.44
2254,1293,8,2024-11-15,9,70.15,1.4,68.75
2255,1463,2,2024-11-15,13,282.08,42.31,239.76999999999998
2256,1007,11,2024-11-15,31,198.98,9.95,189.03
2257,1185,6,2024-11-15,7,210.33,10.52,199.81
2258,1063,11,2024-11-15,32,164.8,8.24,156.56
2259,1405,12,2024-11-15,19,102.39,2.05,100.34
2260,1380,7,2024-11-15,13,72.87,1.46,71.41000000000001
2261,1399,6,2024-11-15,25,190.69,9.53,181.16
2262,1147,2,2024-11-15,6,275.77,13.79,261.97999999999996
2263,1171,6,2024-11-16,5,96.18,1.92,94.26
2264,1276,12,2024-11-16,24,149.24,7.46,141.78
2265,1322,10,2024-11-16,34,280.5,28.05,252.45
2266,1022,12,2024-11-16,14,298.54,29.85,268.69
2267,1262,1,2024-11-16,15,220.5,33.07,187.43
2268,1025,5,2024-11-16,25,92.22,9.22,83.0
2269,1197,4,2024-11-16,7,43.75,0.88,42.87
2270,1371,3,2024-11-16,22,28.68,4.3,24.38
2271,1147,11,2024-11-16,12,248.83,12.44,236.39000000000001
2272,1343,5,2024-11-16,3,94.96,1.9,93.05999999999999
2273,1183,5,2024-11-16,21,66.27,3.31,62.959999999999994
2274,1336,12,2024-11-16,34,55.1,2.76,52.34
2275,1069,2,2024-11-16,7,223.61,11.18,212.43
2276,1115,6,2024-11-16,12,74.07,1.48,72.58999999999999
2277,1405,4,2024-11-16,7,188.54,3.77,184.76999999999998
2278,1438,1,2024-11-16,12,111.87,2.24,109.63000000000001
2279,1160,8,2024-11-17,7,203.22,10.16,193.06
2280,1216,6,2024-11-17,3,196.19,3.92,192.27
2281,1381,12,2024-11-17,12,135.03,20.25,114.78
2282,1211,7,2024-11-17,29,238.15,4.76,233.39000000000001
2283,1347,8,2024-11-17,10,147.08,2.94,144.14000000000001
2284,1371,12,2024-11-17,17,69.7,10.46,59.24
2285,1115,7,2024-11-17,3,67.13,1.34,65.78999999999999
2286,1332,9,2024-11-17,28,109.75,10.98,98.77
2287,1467,11,2024-11-17,22,165.83,3.32,162.51000000000002
2288,1257,2,2024-11-17,28,232.45,11.62,220.82999999999998
2289,1339,12,2024-11-17,31,53.74,2.69,51.050000000000004
2290,1489,10,2024-11-17,14,230.1,34.52,195.57999999999998
2291,1444,6,2024-11-17,34,63.91,3.2,60.709999999999994
2292,1119,2,2024-11-17,34,238.12,35.72,202.4
2293,1173,4,2024-11-17,8,171.53,8.58,162.95
2294,1084,1,2024-11-17,28,207.98,10.4,197.57999999999998
2295,1352,5,2024-11-17,32,175.48,3.51,171.97
2296,1260,5,2024-11-18,3,52.38,1.05,51.330000000000005
2297,1408,12,2024-11-18,18,38.59,1.93,36.660000000000004
2298,1334,6,2024-11-18,13,147.96,2.96,145.0
2299,1014,9,2024-11-18,28,55.77,8.37,47.400000000000006
2300,1210,8,2024-11-18,10,193.99,19.4,174.59
2301,1106,2,2024-11-18,24,241.9,12.1,229.8
2302,1315,7,2024-11-18,33,41.12,0.82,40.3
2303,1389,6,2024-11-18,29,124.43,6.22,118.21000000000001
2304,1294,8,2024-11-18,7,184.64,18.46,166.17999999999998
2305,1209,7,2024-11-18,20,283.45,14.17,269.28
2306,1344,2,2024-11-18,24,282.45,28.25,254.2
2307,1385,2,2024-11-18,24,179.63,3.59,176.04
2308,1304,11,2024-11-18,3,163.8,24.57,139.23000000000002
2309,1047,7,2024-11-18,21,107.5,2.15,105.35
2310,1069,4,2024-11-18,14,147.64,7.38,140.26
2311,1356,2,2024-11-18,15,204.13,20.41,183.72
2312,1218,11,2024-11-19,27,77.34,3.87,73.47
2313,1461,12,2024-11-19,31,203.14,10.16,192.98
2314,1465,12,2024-11-19,30,169.35,3.39,165.96
2315,1188,3,2024-11-19,21,100.53,5.03,95.5
2316,1029,8,2024-11-19,25,180.12,9.01,171.11
2317,1022,8,2024-11-19,31,52.72,5.27,47.45
2318,1272,6,2024-11-19,15,120.14,18.02,102.12
2319,1339,9,2024-11-19,31,147.83,7.39,140.44000000000003
2320,1140,8,2024-11-19,19,78.17,7.82,70.35
2321,1387,9,2024-11-19,11,160.8,24.12,136.68
2322,1400,4,2024-11-19,26,53.44,1.07,52.37
2323,1159,5,2024-11-19,27,263.7,13.19,250.51
2324,1017,9,2024-11-19,30,187.5,3.75,183.75
2325,1129,9,2024-11-19,19,79.38,3.97,75.41
2326,1042,10,2024-11-19,13,99.41,4.97,94.44
2327,1168,6,2024-11-19,19,356.67,53.5,303.17
2328,1118,6,2024-11-19,18,108.49,10.85,97.64
2329,1346,10,2024-11-20,6,55.48,1.11,54.37
2330,1006,10,2024-11-20,9,245.95,4.92,241.03
2331,1087,5,2024-11-20,20,307.28,30.73,276.54999999999995
2332,1166,7,2024-11-20,5,205.47,10.27,195.2
2333,1232,12,2024-11-20,32,231.79,11.59,220.2
2334,1047,5,2024-11-20,29,20.42,0.41,20.01
2335,1373,7,2024-11-20,17,256.05,12.8,243.25
2336,1278,8,2024-11-20,12,27.85,2.79,25.060000000000002
2337,1214,1,2024-11-20,14,103.72,2.07,101.65
2338,1179,5,2024-11-20,13,81.16,4.06,77.1
2339,1493,12,2024-11-20,22,104.89,5.24,99.65
2340,1498,10,2024-11-20,12,204.04,4.08,199.95999999999998
2341,1361,9,2024-11-20,9,356.9,53.53,303.37
2342,1211,10,2024-11-20,12,173.76,3.48,170.28
2343,1217,9,2024-11-20,20,27.27,1.36,25.91
2344,1327,4,2024-11-20,5,180.84,9.04,171.8
2345,1486,2,2024-11-21,16,213.51,10.68,202.82999999999998
2346,1489,8,2024-11-21,27,52.9,7.93,44.97
2347,1198,6,2024-11-21,19,147.64,14.76,132.88
2348,1258,11,2024-11-21,24,119.21,5.96,113.25
2349,1408,2,2024-11-21,22,222.52,11.13,211.39000000000001
2350,1095,3,2024-11-21,24,168.7,16.87,151.82999999999998
2351,1128,5,2024-11-21,29,216.99,4.34,212.65
2352,1420,2,2024-11-21,28,160.11,8.01,152.10000000000002
2353,1387,5,2024-11-21,32,99.62,14.94,84.68
2354,1379,11,2024-11-21,22,187.34,3.75,183.59
2355,1173,1,2024-11-21,4,24.92,1.25,23.67
2356,1007,2,2024-11-21,10,175.57,8.78,166.79
2357,1014,4,2024-11-21,12,276.86,41.53,235.33
2358,1128,5,2024-11-21,32,64.44,1.29,63.15
2359,1489,8,2024-11-21,18,147.87,22.18,125.69
2360,1304,3,2024-11-21,17,167.16,25.07,142.09
2361,1363,1,2024-11-22,11,314.49,47.17,267.32
2362,1292,3,2024-11-22,8,59.18,8.88,50.3
2363,1233,3,2024-11-22,26,73.26,7.33,65.93
2364,1195,12,2024-11-22,11,32.01,0.64,31.369999999999997
2365,1272,12,2024-11-22,33,168.86,25.33,143.53000000000003
2366,1114,9,2024-11-22,13,197.16,3.94,193.22
2367,1337,8,2024-11-22,24,78.9,1.58,77.32000000000001
2368,1101,12,2024-11-22,17,18.68,0.93,17.75
2369,1251,5,2024-11-22,3,26.12,2.61,23.51
2370,1282,5,2024-11-22,19,210.56,4.21,206.35
2371,1065,8,2024-11-22,20,33.76,1.69,32.07
2372,1320,11,2024-11-22,23,165.54,16.55,148.98999999999998
2373,1474,7,2024-11-22,10,135.95,2.72,133.23
2374,1398,8,2024-11-22,20,19.55,0.39,19.16
2375,1123,11,2024-11-22,22,33.15,0.66,32.49
2376,1339,10,2024-11-22,24,249.85,12.49,237.35999999999999
2377,1184,11,2024-11-22,9,72.86,3.64,69.22
2378,1263,5,2024-11-23,29,226.17,11.31,214.85999999999999
2379,1499,12,2024-11-23,16,175.64,3.51,172.13
2380,1118,5,2024-11-23,4,316.77,31.68,285.09
2381,1348,5,2024-11-23,11,214.91,4.3,210.60999999999999
2382,1173,7,2024-11-23,7,151.03,7.55,143.48
2383,1232,8,2024-11-23,4,58.83,2.94,55.89
2384,1496,11,2024-11-23,11,44.85,4.49,40.36
2385,1194,1,2024-11-23,34,64.52,3.23,61.29
2386,1396,4,2024-11-23,19,121.19,6.06,115.13
2387,1370,6,2024-11-23,33,213.24,10.66,202.58
2388,1349,2,2024-11-23,31,23.15,2.31,20.84
2389,1111,9,2024-11-23,30,264.43,26.44,237.99
2390,1304,9,2024-11-23,19,283.42,42.51,240.91000000000003
2391,1469,8,2024-11-23,14,85.3,4.26,81.03999999999999
2392,1143,12,2024-11-23,30,227.19,4.54,222.65
2393,1481,11,2024-11-23,26,162.31,3.25,159.06
2394,1251,1,2024-11-24,19,166.6,16.66,149.94
2395,1468,3,2024-11-24,30,176.96,8.85,168.11
2396,1027,12,2024-11-24,13,185.0,3.7,181.3
2397,1231,3,2024-11-24,4,81.38,1.63,79.75
2398,1134,10,2024-11-24,11,209.29,10.46,198.82999999999998
2399,1484,3,2024-11-24,12,70.06,7.01,63.050000000000004
2400,1333,2,2024-11-24,30,37.46,0.75,36.71
2401,1351,8,2024-11-24,28,41.24,0.82,40.42
2402,1309,12,2024-11-24,34,35.35,3.54,31.810000000000002
2403,1090,12,2024-11-24,16,116.37,5.82,110.55000000000001
2404,1055,5,2024-11-24,8,218.82,4.38,214.44
2405,1157,5,2024-11-24,25,86.76,4.34,82.42
2406,1115,3,2024-11-24,28,105.74,2.11,103.63
2407,1072,6,2024-11-24,4,193.75,9.69,184.06
2408,1491,2,2024-11-24,33,33.61,0.67,32.94
2409,1315,10,2024-11-24,3,36.66,0.73,35.93
2410,1219,7,2024-11-24,6,156.22,3.12,153.1
2411,1343,5,2024-11-25,27,38.97,0.78,38.19
2412,1479,11,2024-11-25,29,81.09,1.62,79.47
2413,1127,4,2024-11-25,15,189.88,3.8,186.07999999999998
2414,1091,11,2024-11-25,27,216.9,4.34,212.56
2415,1289,6,2024-11-25,17,180.28,3.61,176.67
2416,1239,5,2024-11-25,30,185.04,9.25,175.79
2417,1306,10,2024-11-25,15,200.66,4.01,196.65
2418,1499,9,2024-11-25,21,194.82,3.9,190.92
2419,1076,7,2024-11-25,24,142.13,2.84,139.29
2420,1120,5,2024-11-25,24,184.85,3.7,181.15
2421,1396,2,2024-11-25,19,266.05,13.3,252.75
2422,1119,8,2024-11-25,20,335.72,50.36,285.36
2423,1469,5,2024-11-25,21,252.24,12.61,239.63
2424,1186,10,2024-11-25,12,185.5,27.82,157.68
2425,1466,12,2024-11-25,26,35.88,0.72,35.160000000000004
2426,1204,3,2024-11-25,33,183.73,3.67,180.06
2427,1440,9,2024-11-26,19,68.53,1.37,67.16
2428,1098,5,2024-11-26,20,253.58,25.36,228.22000000000003
2429,1006,7,2024-11-26,12,118.57,2.37,116.19999999999999
2430,1130,9,2024-11-26,21,32.7,3.27,29.430000000000003
2431,1360,6,2024-11-26,24,139.44,20.92,118.52
2432,1258,4,2024-11-26,10,165.7,8.29,157.41
2433,1495,7,2024-11-26,4,361.35,54.2,307.15000000000003
2434,1321,7,2024-11-26,30,46.74,4.67,42.07
2435,1049,8,2024-11-26,11,92.41,1.85,90.56
2436,1219,8,2024-11-26,33,49.82,1.0,48.82
2437,1457,1,2024-11-26,10,33.51,0.67,32.839999999999996
2438,1215,4,2024-11-26,32,218.68,10.93,207.75
2439,1408,3,2024-11-26,34,218.65,10.93,207.72
2440,1279,12,2024-11-26,16,195.06,3.9,191.16
2441,1035,2,2024-11-26,5,155.31,7.77,147.54
2442,1379,3,2024-11-26,4,184.34,3.69,180.65
2443,1050,5,2024-11-27,20,255.46,25.55,229.91
2444,1478,9,2024-11-27,26,84.68,1.69,82.99000000000001
2445,1161,1,2024-11-27,7,180.69,3.61,177.07999999999998
2446,1177,3,2024-11-27,27,21.23,0.42,20.81
2447,1446,7,2024-11-27,29,46.83,0.94,45.89
2448,1465,2,2024-11-27,29,94.46,1.89,92.57
2449,1328,11,2024-11-27,30,144.82,2.9,141.92
2450,1295,9,2024-11-27,27,224.97,4.5,220.47
2451,1354,10,2024-11-27,25,298.23,44.73,253.50000000000003
2452,1095,12,2024-11-27,15,211.46,21.15,190.31
2453,1403,8,2024-11-27,34,32.21,0.64,31.57
2454,1179,9,2024-11-27,4,176.84,8.84,168.0
2455,1429,12,2024-11-27,14,269.0,26.9,242.1
2456,1024,12,2024-11-27,13,136.63,6.83,129.79999999999998
2457,1028,5,2024-11-27,7,124.66,6.23,118.42999999999999
2458,1200,5,2024-11-27,14,242.28,4.85,237.43
2459,1185,5,2024-11-27,8,159.0,7.95,151.05
2460,1069,9,2024-11-28,18,252.02,12.6,239.42000000000002
2461,1454,10,2024-11-28,16,297.45,29.75,267.7
2462,1361,10,2024-11-28,8,194.66,29.2,165.46
2463,1357,5,2024-11-28,26,205.52,10.28,195.24
2464,1219,3,2024-11-28,29,142.94,2.86,140.07999999999998
2465,1326,2,2024-11-28,12,49.74,0.99,48.75
2466,1448,7,2024-11-28,17,161.64,3.23,158.41
2467,1456,6,2024-11-28,30,255.37,25.54,229.83
2468,1373,1,2024-11-28,21,178.23,8.91,169.32
2469,1114,4,2024-11-28,23,212.5,4.25,208.25
2470,1084,2,2024-11-28,3,63.39,3.17,60.22
2471,1035,1,2024-11-28,4,51.98,2.6,49.379999999999995
2472,1004,6,2024-11-28,14,232.73,23.27,209.45999999999998
2473,1417,5,2024-11-28,15,234.21,23.42,210.79000000000002
2474,1031,12,2024-11-28,7,67.88,1.36,66.52
2475,1203,4,2024-11-28,33,164.24,3.28,160.96
2476,1329,9,2024-11-29,31,50.44,2.52,47.919999999999995
2477,1341,10,2024-11-29,12,48.0,0.96,47.04
2478,1120,12,2024-11-29,14,242.78,4.86,237.92
2479,1001,5,2024-11-29,19,61.19,1.22,59.97
2480,1179,12,2024-11-29,25,239.27,11.96,227.31
2481,1220,5,2024-11-29,26,136.25,6.81,129.44
2482,1059,10,2024-11-29,24,37.99,3.8,34.190000000000005
2483,1348,8,2024-11-29,34,242.94,4.86,238.07999999999998
2484,1471,5,2024-11-29,13,41.93,2.1,39.83
2485,1097,8,2024-11-29,23,146.68,7.33,139.35
2486,1244,9,2024-11-29,27,212.83,4.26,208.57000000000002
2487,1256,11,2024-11-29,27,204.48,4.09,200.39
2488,1466,10,2024-11-29,32,85.9,1.72,84.18
2489,1322,12,2024-11-29,29,306.67,30.67,276.0
2490,1108,7,2024-11-29,5,93.31,4.67,88.64
2491,1282,5,2024-11-29,30,127.16,2.54,124.61999999999999
2492,1489,6,2024-11-30,7,166.02,24.9,141.12
2493,1017,5,2024-11-30,28,244.2,4.88,239.32
2494,1362,11,2024-11-30,30,310.0,31.0,279.0
2495,1341,11,2024-11-30,21,98.16,1.96,96.2
2496,1133,4,2024-11-30,15,122.6,6.13,116.47
2497,1248,5,2024-11-30,33,205.26,4.11,201.14999999999998
2498,1334,10,2024-11-30,29,179.32,3.59,175.73
2499,1038,2,2024-11-30,3,129.61,2.59,127.02000000000001
2500,1324,7,2024-11-30,19,244.83,24.48,220.35000000000002
2501,1304,7,2024-11-30,34,337.17,50.58,286.59000000000003
2502,1387,3,2024-11-30,22,214.88,32.23,182.65
2503,1343,11,2024-11-30,14,195.8,3.92,191.88000000000002
2504,1181,9,2024-11-30,23,164.64,24.7,139.94
2505,1426,5,2024-11-30,4,246.52,24.65,221.87
2506,1431,7,2024-11-30,16,247.21,4.94,242.27
2507,1121,3,2024-11-30,32,24.71,0.49,24.220000000000002
2508,1068,6,2024-11-30,12,35.97,3.6,32.37
2509,1231,10,2024-12-01,21,92.7,1.85,90.85000000000001
2510,1403,8,2024-12-01,27,77.72,1.55,76.17
2511,1427,3,2024-12-01,4,157.48,3.15,154.32999999999998
2512,1243,2,2024-12-01,27,97.13,1.94,95.19
2513,1484,7,2024-12-01,17,115.57,11.56,104.00999999999999
2514,1192,7,2024-12-01,11,231.42,4.63,226.79
2515,1163,10,2024-12-01,9,104.14,2.08,102.06
2516,1356,7,2024-12-01,23,226.84,22.68,204.16
2517,1118,11,2024-12-01,29,67.48,6.75,60.730000000000004
2518,1140,6,2024-12-01,28,205.89,20.59,185.29999999999998
2519,1126,10,2024-12-01,11,114.0,5.7,108.3
2520,1141,6,2024-12-01,26,26.94,2.69,24.25
2521,1366,2,2024-12-01,16,219.84,4.4,215.44
2522,1384,10,2024-12-01,20,120.27,6.01,114.25999999999999
2523,1290,7,2024-12-01,16,88.71,4.44,84.27
2524,1435,5,2024-12-01,33,50.89,2.54,48.35
2525,1386,7,2024-12-02,31,121.81,6.09,115.72
2526,1197,10,2024-12-02,27,50.5,1.01,49.49
2527,1395,7,2024-12-02,31,177.68,8.88,168.8
2528,1367,1,2024-12-02,3,49.75,2.49,47.26
2529,1471,8,2024-12-02,21,216.9,10.85,206.05
2530,1030,8,2024-12-02,31,316.9,31.69,285.21
2531,1384,9,2024-12-02,8,163.46,8.17,155.29000000000002
2532,1047,4,2024-12-02,17,96.68,1.93,94.75
2533,1250,11,2024-12-02,4,251.42,37.71,213.70999999999998
2534,1155,8,2024-12-02,13,154.03,3.08,150.95
2535,1195,5,2024-12-02,12,116.73,2.33,114.4
2536,1080,4,2024-12-02,6,59.79,2.99,56.8
2537,1360,11,2024-12-02,30,30.83,4.62,26.209999999999997
2538,1205,10,2024-12-02,10,101.66,2.03,99.63
2539,1471,4,2024-12-02,29,100.31,5.02,95.29
2540,1447,8,2024-12-02,20,177.21,3.54,173.67000000000002
2541,1355,2,2024-12-02,6,227.21,4.54,222.67000000000002
2542,1339,9,2024-12-03,9,136.99,6.85,130.14000000000001
2543,1212,8,2024-12-03,33,246.9,4.94,241.96
2544,1108,4,2024-12-03,18,149.84,7.49,142.35
2545,1068,5,2024-12-03,19,245.97,24.6,221.37
2546,1059,5,2024-12-03,3,318.58,31.86,286.71999999999997
2547,1204,5,2024-12-03,32,131.64,2.63,129.01
2548,1160,8,2024-12-03,8,183.85,9.19,174.66
2549,1495,8,2024-12-03,23,340.58,51.09,289.49
2550,1488,9,2024-12-03,6,146.75,2.94,143.81
2551,1002,3,2024-12-03,16,145.94,2.92,143.02
2552,1192,8,2024-12-03,26,185.21,3.7,181.51000000000002
2553,1146,1,2024-12-03,18,68.43,1.37,67.06
2554,1298,12,2024-12-03,15,75.93,3.8,72.13000000000001
2555,1332,12,2024-12-03,29,100.94,10.09,90.85
2556,1365,6,2024-12-03,5,89.21,8.92,80.28999999999999
2557,1421,5,2024-12-03,18,66.05,1.32,64.73
2558,1317,1,2024-12-04,9,27.4,1.37,26.029999999999998
2559,1345,8,2024-12-04,30,172.35,8.62,163.73
2560,1442,11,2024-12-04,7,218.79,10.94,207.85
2561,1486,3,2024-12-04,17,143.44,7.17,136.27
2562,1072,5,2024-12-04,33,139.82,6.99,132.82999999999998
2563,1259,9,2024-12-04,19,308.04,46.21,261.83000000000004
2564,1497,11,2024-12-04,9,21.04,0.42,20.619999999999997
2565,1043,1,2024-12-04,32,89.8,4.49,85.31
2566,1252,2,2024-12-04,29,202.13,4.04,198.09
2567,1228,1,2024-12-04,19,44.61,2.23,42.38
2568,1242,4,2024-12-04,11,16.28,0.33,15.950000000000001
2569,1478,11,2024-12-04,14,168.56,3.37,165.19
2570,1245,3,2024-12-04,15,174.61,3.49,171.12
2571,1153,4,2024-12-04,7,30.27,0.61,29.66
2572,1326,9,2024-12-04,5,41.38,0.83,40.550000000000004
2573,1443,5,2024-12-04,12,102.35,5.12,97.22999999999999
2574,1297,2,2024-12-05,9,217.84,4.36,213.48
2575,1288,10,2024-12-05,26,128.39,6.42,121.96999999999998
2576,1181,12,2024-12-05,6,213.03,31.95,181.08
2577,1185,9,2024-12-05,8,27.06,1.35,25.709999999999997
2578,1115,8,2024-12-05,29,216.6,4.33,212.26999999999998
2579,1207,2,2024-12-05,16,280.02,14.0,266.02
2580,1071,11,2024-12-05,32,271.05,13.55,257.5
2581,1445,11,2024-12-05,31,92.35,1.85,90.5
2582,1292,2,2024-12-05,12,275.62,41.34,234.28
2583,1323,12,2024-12-05,11,88.46,1.77,86.69
2584,1292,6,2024-12-05,31,239.86,35.98,203.88000000000002
2585,1376,3,2024-12-05,5,124.7,2.49,122.21000000000001
2586,1079,4,2024-12-05,27,104.49,5.22,99.27
2587,1435,9,2024-12-05,13,54.13,2.71,51.42
2588,1014,7,2024-12-05,34,208.5,31.27,177.23
2589,1044,12,2024-12-05,5,223.99,4.48,219.51000000000002
2590,1251,2,2024-12-05,8,202.98,20.3,182.67999999999998
2591,1171,8,2024-12-06,7,233.2,4.66,228.54
2592,1365,4,2024-12-06,23,126.71,12.67,114.03999999999999
2593,1099,3,2024-12-06,23,46.06,2.3,43.760000000000005
2594,1236,1,2024-12-06,20,319.35,47.9,271.45000000000005
2595,1387,12,2024-12-06,20,166.98,25.05,141.92999999999998
2596,1462,12,2024-12-06,30,53.42,2.67,50.75
2597,1486,7,2024-12-06,16,135.45,6.77,128.67999999999998
2598,1433,6,2024-12-06,25,157.2,3.14,154.06
2599,1489,7,2024-12-06,7,315.14,47.27,267.87
2600,1409,6,2024-12-06,26,103.91,5.2,98.71
2601,1119,10,2024-12-06,27,245.76,36.86,208.89999999999998
2602,1436,7,2024-12-06,4,66.4,1.33,65.07000000000001
2603,1492,1,2024-12-06,13,209.83,4.2,205.63000000000002
2604,1215,12,2024-12-06,25,250.56,12.53,238.03
2605,1140,8,2024-12-06,17,46.48,4.65,41.83
2606,1080,3,2024-12-06,16,286.03,14.3,271.72999999999996
2607,1261,1,2024-12-07,17,124.23,2.48,121.75
2608,1401,8,2024-12-07,32,183.48,3.67,179.81
2609,1103,6,2024-12-07,11,173.71,3.47,170.24
2610,1435,3,2024-12-07,3,217.24,10.86,206.38
2611,1497,12,2024-12-07,33,188.06,3.76,184.3
2612,1453,4,2024-12-07,23,94.36,14.15,80.21
2613,1183,5,2024-12-07,8,47.36,2.37,44.99
2614,1466,10,2024-12-07,3,124.88,2.5,122.38
2615,1370,12,2024-12-07,14,205.65,10.28,195.37
2616,1186,7,2024-12-07,24,361.98,54.3,307.68
2617,1173,6,2024-12-07,28,212.46,10.62,201.84
2618,1291,7,2024-12-07,10,151.3,3.03,148.27
2619,1403,10,2024-12-07,23,112.39,2.25,110.14
2620,1133,1,2024-12-07,13,135.71,6.79,128.92000000000002
2621,1317,4,2024-12-07,14,98.96,4.95,94.00999999999999
2622,1360,6,2024-12-07,18,119.94,17.99,101.95
2623,1288,12,2024-12-07,30,125.21,6.26,118.94999999999999
2624,1480,2,2024-12-08,19,166.96,8.35,158.61
2625,1304,7,2024-12-08,28,178.2,26.73,151.47
2626,1099,9,2024-12-08,6,194.53,9.73,184.8
2627,1194,12,2024-12-08,28,151.74,7.59,144.15
2628,1329,7,2024-12-08,8,258.08,12.9,245.17999999999998
2629,1412,10,2024-12-08,5,20.22,1.01,19.209999999999997
2630,1073,1,2024-12-08,4,276.49,13.82,262.67
2631,1316,9,2024-12-08,15,189.08,3.78,185.3
2632,1170,1,2024-12-08,11,333.39,50.01,283.38
2633,1028,2,2024-12-08,33,52.98,2.65,50.33
2634,1350,8,2024-12-08,12,105.38,2.11,103.27
2635,1199,2,2024-12-08,10,190.29,19.03,171.26
2636,1016,11,2024-12-08,6,68.7,1.37,67.33
2637,1126,12,2024-12-08,28,144.72,7.24,137.48
2638,1446,9,2024-12-08,11,226.81,4.54,222.27
2639,1193,10,2024-12-08,20,126.6,2.53,124.07
2640,1168,4,2024-12-09,34,148.78,22.32,126.46000000000001
2641,1059,11,2024-12-09,11,62.57,6.26,56.31
2642,1351,8,2024-12-09,3,111.45,2.23,109.22
2643,1410,8,2024-12-09,29,234.13,4.68,229.45
2644,1300,3,2024-12-09,19,183.26,3.67,179.59
2645,1311,8,2024-12-09,31,153.08,3.06,150.02
2646,1292,3,2024-12-09,25,170.24,25.54,144.70000000000002
2647,1113,4,2024-12-09,30,195.07,3.9,191.17
2648,1146,4,2024-12-09,19,98.62,1.97,96.65
2649,1088,11,2024-12-09,19,38.12,1.91,36.21
2650,1387,12,2024-12-09,23,298.68,44.8,253.88
2651,1199,4,2024-12-09,11,286.35,28.64,257.71000000000004
2652,1269,9,2024-12-09,9,19.48,0.39,19.09
2653,1460,5,2024-12-09,11,308.54,30.85,277.69
2654,1277,11,2024-12-09,16,65.93,3.3,62.63000000000001
2655,1196,7,2024-12-09,13,86.98,1.74,85.24000000000001
2656,1121,1,2024-12-10,9,43.05,0.86,42.19
2657,1462,4,2024-12-10,29,284.61,14.23,270.38
2658,1491,4,2024-12-10,34,143.53,2.87,140.66
2659,1248,3,2024-12-10,3,178.46,3.57,174.89000000000001
2660,1428,6,2024-12-10,26,230.48,4.61,225.86999999999998
2661,1111,5,2024-12-10,25,265.1,26.51,238.59000000000003
2662,1304,10,2024-12-10,34,151.89,22.78,129.10999999999999
2663,1045,12,2024-12-10,16,27.52,0.55,26.97
2664,1194,8,2024-12-10,15,148.91,7.45,141.46
2665,1453,7,2024-12-10,33,53.94,8.09,45.849999999999994
2666,1244,5,2024-12-10,4,147.73,2.95,144.78
2667,1320,3,2024-12-10,20,214.29,21.43,192.85999999999999
2668,1328,7,2024-12-10,16,237.86,4.76,233.10000000000002
2669,1489,8,2024-12-10,29,364.16,54.62,309.54
2670,1329,3,2024-12-10,10,278.18,13.91,264.27
2671,1198,9,2024-12-10,20,131.33,13.13,118.20000000000002
2672,1320,7,2024-12-10,10,62.37,6.24,56.129999999999995
2673,1009,8,2024-12-11,22,146.0,14.6,131.4
2674,1295,5,2024-12-11,5,52.15,1.04,51.11
2675,1042,2,2024-12-11,19,267.14,13.36,253.77999999999997
2676,1354,8,2024-12-11,22,135.46,20.32,115.14000000000001
2677,1022,5,2024-12-11,21,127.2,12.72,114.48
2678,1247,12,2024-12-11,34,234.28,4.69,229.59
2679,1097,11,2024-12-11,7,143.96,7.2,136.76000000000002
2680,1460,9,2024-12-11,12,122.98,12.3,110.68
2681,1374,7,2024-12-11,17,146.2,7.31,138.89
2682,1410,10,2024-12-11,17,133.68,2.67,131.01000000000002
2683,1400,7,2024-12-11,5,46.88,0.94,45.940000000000005
2684,1486,10,2024-12-11,26,160.59,8.03,152.56
2685,1072,9,2024-12-11,6,36.19,1.81,34.379999999999995
2686,1499,3,2024-12-11,9,140.65,2.81,137.84
2687,1147,8,2024-12-11,31,60.04,3.0,57.04
2688,1373,7,2024-12-11,22,71.63,3.58,68.05
2689,1190,5,2024-12-12,31,114.7,2.29,112.41
2690,1441,7,2024-12-12,6,232.84,4.66,228.18
2691,1272,9,2024-12-12,11,31.44,4.72,26.720000000000002
2692,1292,6,2024-12-12,7,195.58,29.34,166.24
2693,1249,1,2024-12-12,33,239.49,4.79,234.70000000000002
2694,1381,10,2024-12-12,27,289.2,43.38,245.82
2695,1495,7,2024-12-12,21,346.23,51.93,294.3
2696,1109,10,2024-12-12,33,115.66,2.31,113.35
2697,1008,2,2024-12-12,5,210.93,10.55,200.38
2698,1490,10,2024-12-12,31,165.72,3.31,162.41
2699,1168,7,2024-12-12,28,31.59,4.74,26.85
2700,1070,8,2024-12-12,34,117.94,5.9,112.03999999999999
2701,1358,1,2024-12-12,19,145.21,2.9,142.31
2702,1326,7,2024-12-12,13,118.01,2.36,115.65
2703,1440,6,2024-12-12,6,236.93,4.74,232.19
2704,1290,1,2024-12-12,3,56.97,2.85,54.12
2705,1320,12,2024-12-12,34,75.66,7.57,68.09
2706,1467,3,2024-12-13,22,185.49,3.71,181.78
2707,1117,9,2024-12-13,15,88.83,1.78,87.05
2708,1489,5,2024-12-13,19,157.52,23.63,133.89000000000001
2709,1297,8,2024-12-13,5,64.07,1.28,62.78999999999999
2710,1019,1,2024-12-13,30,171.87,17.19,154.68
2711,1016,1,2024-12-13,8,218.9,4.38,214.52
2712,1279,10,2024-12-13,28,190.52,3.81,186.71
2713,1243,4,2024-12-13,13,233.51,4.67,228.84
2714,1061,3,2024-12-13,26,89.07,4.45,84.61999999999999
2715,1408,5,2024-12-13,31,94.51,4.73,89.78
2716,1394,4,2024-12-13,10,46.04,0.92,45.12
2717,1232,11,2024-12-13,8,38.81,1.94,36.870000000000005
2718,1032,6,2024-12-13,33,188.3,18.83,169.47000000000003
2719,1363,2,2024-12-13,24,180.24,27.04,153.20000000000002
2720,1189,7,2024-12-13,21,155.38,7.77,147.60999999999999
2721,1318,12,2024-12-13,22,172.96,3.46,169.5
2722,1264,12,2024-12-14,3,157.4,23.61,133.79000000000002
2723,1348,2,2024-12-14,32,230.23,4.6,225.63
2724,1077,1,2024-12-14,19,190.84,3.82,187.02
2725,1063,9,2024-12-14,9,133.92,6.7,127.21999999999998
2726,1146,1,2024-12-14,4,226.69,4.53,222.16
2727,1416,2,2024-12-14,17,57.73,2.89,54.839999999999996
2728,1268,5,2024-12-14,31,122.94,6.15,116.78999999999999
2729,1067,5,2024-12-14,32,270.81,13.54,257.27
2730,1365,2,2024-12-14,5,90.47,9.05,81.42
2731,1060,9,2024-12-14,27,161.88,24.28,137.6
2732,1091,11,2024-12-14,21,221.12,4.42,216.70000000000002
2733,1123,9,2024-12-14,4,67.35,1.35,66.0
2734,1047,3,2024-12-14,26,234.26,4.69,229.57
2735,1158,9,2024-12-14,16,135.06,6.75,128.31
2736,1163,10,2024-12-14,8,230.05,4.6,225.45000000000002
2737,1100,7,2024-12-14,33,95.35,4.77,90.58
2738,1414,5,2024-12-15,15,161.1,8.05,153.04999999999998
2739,1409,10,2024-12-15,13,115.37,5.77,109.60000000000001
2740,1002,1,2024-12-15,14,143.29,2.87,140.42
2741,1278,6,2024-12-15,21,42.82,4.28,38.54
2742,1429,11,2024-12-15,22,154.97,15.5,139.47
2743,1211,5,2024-12-15,19,109.8,2.2,107.6
2744,1345,6,2024-12-15,20,137.76,6.89,130.87
2745,1426,3,2024-12-15,12,90.87,9.09,81.78
2746,1201,12,2024-12-15,25,150.04,3.0,147.04
2747,1262,10,2024-12-15,12,360.75,54.11,306.64
2748,1184,3,2024-12-15,15,202.01,10.1,191.91
2749,1002,11,2024-12-15,10,112.86,2.26,110.6
2750,1190,8,2024-12-15,7,80.3,1.61,78.69
2751,1361,3,2024-12-15,21,209.91,31.49,178.42
2752,1084,4,2024-12-15,23,271.05,13.55,257.5
2753,1246,8,2024-12-15,5,63.47,6.35,57.12
2754,1057,6,2024-12-15,26,49.44,2.47,46.97
2755,1089,6,2024-12-16,13,100.28,2.01,98.27
2756,1476,8,2024-12-16,24,191.64,3.83,187.80999999999997
2757,1122,7,2024-12-16,8,119.59,2.39,117.2
2758,1456,7,2024-12-16,5,143.66,14.37,129.29
2759,1318,3,2024-12-16,24,69.61,1.39,68.22
2760,1432,5,2024-12-16,20,301.11,30.11,271.0
2761,1489,4,2024-12-16,34,227.44,34.12,193.32
2762,1252,8,2024-12-16,33,198.05,3.96,194.09
2763,1027,10,2024-12-16,7,130.9,2.62,128.28
2764,1310,11,2024-12-16,3,209.87,20.99,188.88
2765,1453,11,2024-12-16,34,308.68,46.3,262.38
2766,1344,5,2024-12-16,12,185.89,18.59,167.29999999999998
2767,1241,12,2024-12-16,14,65.68,1.31,64.37
2768,1172,3,2024-12-16,9,21.12,0.42,20.7
2769,1161,8,2024-12-16,29,203.71,4.07,199.64000000000001
2770,1167,4,2024-12-16,6,23.99,0.48,23.509999999999998
2771,1129,11,2024-12-17,6,63.12,3.16,59.959999999999994
2772,1402,2,2024-12-17,16,163.62,3.27,160.35
2773,1384,11,2024-12-17,9,243.05,12.15,230.9
2774,1237,9,2024-12-17,27,223.52,4.47,219.05
2775,1499,6,2024-12-17,8,224.22,4.48,219.74
2776,1014,1,2024-12-17,32,165.46,24.82,140.64000000000001
2777,1183,8,2024-12-17,31,59.67,2.98,56.690000000000005
2778,1365,2,2024-12-17,11,310.09,31.01,279.08
2779,1462,7,2024-12-17,22,224.42,11.22,213.2
2780,1160,1,2024-12-17,12,133.5,6.68,126.82
2781,1460,7,2024-12-17,31,144.77,14.48,130.29000000000002
2782,1432,5,2024-12-17,10,81.04,8.1,72.94000000000001
2783,1424,4,2024-12-17,18,119.04,2.38,116.66000000000001
2784,1039,5,2024-12-17,33,39.11,1.96,37.15
2785,1110,3,2024-12-17,34,184.24,3.68,180.56
2786,1461,4,2024-12-17,18,283.16,14.16,269.0
2787,1086,5,2024-12-18,4,329.52,49.43,280.09
2788,1144,1,2024-12-18,33,214.87,4.3,210.57
2789,1278,8,2024-12-18,29,168.35,16.84,151.51
2790,1399,1,2024-12-18,7,264.32,13.22,251.1
2791,1129,11,2024-12-18,14,168.94,8.45,160.49
2792,1284,10,2024-12-18,15,82.95,4.15,78.8
2793,1157,2,2024-12-18,23,170.38,8.52,161.85999999999999
2794,1063,12,2024-12-18,20,58.96,2.95,56.01
2795,1109,4,2024-12-18,25,167.97,3.36,164.60999999999999
2796,1401,7,2024-12-18,33,162.86,3.26,159.60000000000002
2797,1016,10,2024-12-18,23,107.37,2.15,105.22
2798,1481,5,2024-12-18,4,52.93,1.06,51.87
2799,1240,6,2024-12-18,17,172.76,8.64,164.12
2800,1400,12,2024-12-18,8,48.06,0.96,47.1
2801,1377,12,2024-12-18,8,39.48,1.97,37.51
2802,1042,12,2024-12-18,7,86.66,4.33,82.33
2803,1151,12,2024-12-18,30,201.87,10.09,191.78
2804,1170,6,2024-12-19,26,149.16,22.37,126.78999999999999
2805,1173,10,2024-12-19,30,40.22,2.01,38.21
2806,1009,8,2024-12-19,28,308.72,30.87,277.85
2807,1129,3,2024-12-19,9,208.72,10.44,198.28
2808,1451,10,2024-12-19,33,116.72,5.84,110.88
2809,1004,9,2024-12-19,23,316.33,31.63,284.7
2810,1402,6,2024-12-19,5,42.54,0.85,41.69
2811,1387,9,2024-12-19,27,126.2,18.93,107.27000000000001
2812,1418,6,2024-12-19,8,21.85,0.44,21.41
2813,1420,12,2024-12-19,29,125.64,6.28,119.36
2814,1131,10,2024-12-19,7,61.82,1.24,60.58
2815,1165,5,2024-12-19,26,211.54,10.58,200.95999999999998
2816,1247,4,2024-12-19,15,16.33,0.33,15.999999999999998
2817,1260,8,2024-12-19,31,173.1,3.46,169.64
2818,1362,8,2024-12-19,3,190.1,19.01,171.09
2819,1328,12,2024-12-19,13,64.04,1.28,62.760000000000005
2820,1496,5,2024-12-20,9,196.05,19.61,176.44
2821,1459,9,2024-12-20,24,184.03,18.4,165.63
2822,1108,10,2024-12-20,7,207.01,10.35,196.66
2823,1130,3,2024-12-20,6,24.95,2.5,22.45
2824,1131,1,2024-12-20,6,224.84,4.5,220.34
2825,1065,6,2024-12-20,34,56.74,2.84,53.900000000000006
2826,1259,9,2024-12-20,3,39.26,5.89,33.37
2827,1008,3,2024-12-20,6,27.11,1.36,25.75
2828,1430,4,2024-12-20,7,92.98,4.65,88.33
2829,1247,11,2024-12-20,17,69.3,1.39,67.91
2830,1482,4,2024-12-20,32,286.62,28.66,257.96
2831,1104,4,2024-12-20,21,240.25,12.01,228.24
2832,1368,11,2024-12-20,3,50.17,1.0,49.17
2833,1269,11,2024-12-20,8,33.97,0.68,33.29
2834,1297,11,2024-12-20,4,198.84,3.98,194.86
2835,1184,8,2024-12-20,11,42.34,2.12,40.220000000000006
2836,1215,6,2024-12-20,10,29.58,1.48,28.099999999999998
2837,1066,5,2024-12-21,14,172.03,3.44,168.59
2838,1114,8,2024-12-21,33,236.17,4.72,231.45
2839,1400,5,2024-12-21,13,123.13,2.46,120.67
2840,1422,12,2024-12-21,27,89.62,1.79,87.83
2841,1170,8,2024-12-21,7,100.88,15.13,85.75
2842,1030,7,2024-12-21,23,204.91,20.49,184.42
2843,1298,10,2024-12-21,27,124.84,6.24,118.60000000000001
2844,1213,3,2024-12-21,24,22.29,1.11,21.18
2845,1018,1,2024-12-21,26,237.14,4.74,232.39999999999998
2846,1203,2,2024-12-21,13,35.2,0.7,34.5
2847,1196,7,2024-12-21,25,142.12,2.84,139.28
2848,1181,12,2024-12-21,29,125.18,18.78,106.4
2849,1025,10,2024-12-21,30,125.29,12.53,112.76
2850,1302,9,2024-12-21,23,129.19,6.46,122.73
2851,1175,8,2024-12-21,31,91.2,4.56,86.64
2852,1092,8,2024-12-21,26,202.43,4.05,198.38
2853,1261,12,2024-12-22,16,143.69,2.87,140.82
2854,1075,11,2024-12-22,24,196.91,9.85,187.06
2855,1391,7,2024-12-22,17,190.99,9.55,181.44
2856,1266,12,2024-12-22,9,27.45,0.55,26.9
2857,1003,8,2024-12-22,9,167.76,3.36,164.39999999999998
2858,1109,8,2024-12-22,11,145.41,2.91,142.5
2859,1065,6,2024-12-22,19,255.28,12.76,242.52
2860,1381,5,2024-12-22,27,233.22,34.98,198.24
2861,1190,1,2024-12-22,10,180.96,3.62,177.34
2862,1058,6,2024-12-22,31,64.41,6.44,57.97
2863,1302,9,2024-12-22,17,140.93,7.05,133.88
2864,1311,9,2024-12-22,21,62.35,1.25,61.1
2865,1127,1,2024-12-22,34,152.73,3.05,149.67999999999998
2866,1141,12,2024-12-22,4,94.25,9.43,84.82
2867,1100,6,2024-12-22,14,256.24,12.81,243.43
2868,1286,1,2024-12-22,9,208.84,4.18,204.66
2869,1044,7,2024-12-23,10,69.15,1.38,67.77000000000001
2870,1126,6,2024-12-23,8,44.82,2.24,42.58
2871,1440,2,2024-12-23,18,193.48,3.87,189.60999999999999
2872,1088,5,2024-12-23,5,141.3,7.07,134.23000000000002
2873,1445,9,2024-12-23,15,147.82,2.96,144.85999999999999
2874,1247,9,2024-12-23,21,201.29,4.03,197.26
2875,1041,4,2024-12-23,22,189.38,3.79,185.59
2876,1030,9,2024-12-23,23,27.9,2.79,25.11
2877,1263,9,2024-12-23,8,26.65,1.33,25.32
2878,1248,5,2024-12-23,8,134.43,2.69,131.74
2879,1025,7,2024-12-23,15,285.34,28.53,256.80999999999995
2880,1410,5,2024-12-23,6,164.56,3.29,161.27
2881,1241,6,2024-12-23,8,188.68,3.77,184.91
2882,1373,11,2024-12-23,13,272.93,13.65,259.28000000000003
2883,1088,7,2024-12-23,23,71.81,3.59,68.22
2884,1175,6,2024-12-23,9,83.47,4.17,79.3
2885,1068,3,2024-12-23,19,283.08,28.31,254.76999999999998
2886,1317,7,2024-12-24,6,229.98,11.5,218.48
2887,1147,7,2024-12-24,19,169.38,8.47,160.91
2888,1470,3,2024-12-24,32,280.83,14.04,266.78999999999996
2889,1354,5,2024-12-24,26,296.82,44.52,252.29999999999998
2890,1098,2,2024-12-24,3,217.89,21.79,196.1
2891,1447,2,2024-12-24,25,115.45,2.31,113.14
2892,1450,11,2024-12-24,22,144.75,7.24,137.51
2893,1370,11,2024-12-24,25,128.92,6.45,122.46999999999998
2894,1381,3,2024-12-24,26,51.57,7.74,43.83
2895,1387,10,2024-12-24,24,364.65,54.7,309.95
2896,1416,7,2024-12-24,20,224.15,11.21,212.94
2897,1253,4,2024-12-24,14,59.92,1.2,58.72
2898,1242,12,2024-12-24,16,182.78,3.66,179.12
2899,1142,10,2024-12-24,10,28.69,1.43,27.26
2900,1414,4,2024-12-24,31,41.58,2.08,39.5
2901,1463,2,2024-12-24,33,277.62,41.64,235.98000000000002
2902,1365,3,2024-12-25,20,197.9,19.79,178.11
2903,1009,9,2024-12-25,22,200.06,20.01,180.05
2904,1223,3,2024-12-25,12,53.71,1.07,52.64
2905,1326,5,2024-12-25,13,25.14,0.5,24.64
2906,1297,6,2024-12-25,30,194.46,3.89,190.57000000000002
2907,1189,8,2024-12-25,31,164.12,8.21,155.91
2908,1010,10,2024-12-25,26,71.3,1.43,69.86999999999999
2909,1379,6,2024-12-25,21,151.14,3.02,148.11999999999998
2910,1366,5,2024-12-25,12,50.85,1.02,49.83
2911,1489,1,2024-12-25,12,193.02,28.95,164.07000000000002
2912,1169,2,2024-12-25,24,278.14,13.91,264.22999999999996
2913,1194,12,2024-12-25,4,23.07,1.15,21.92
2914,1061,6,2024-12-25,5,259.29,12.96,246.33
2915,1169,10,2024-12-25,29,281.82,14.09,267.73
2916,1021,1,2024-12-25,23,192.92,9.65,183.26999999999998
2917,1110,8,2024-12-25,6,143.86,2.88,140.98000000000002
2918,1304,8,2024-12-25,17,226.64,34.0,192.64
2919,1140,4,2024-12-26,3,153.44,15.34,138.1
2920,1262,12,2024-12-26,17,152.02,22.8,129.22
2921,1254,1,2024-12-26,15,108.11,2.16,105.95
2922,1152,8,2024-12-26,25,254.41,12.72,241.69
2923,1278,5,2024-12-26,5,47.05,4.71,42.339999999999996
2924,1204,7,2024-12-26,16,244.18,4.88,239.3
2925,1375,10,2024-12-26,10,252.63,12.63,240.0
2926,1244,8,2024-12-26,17,118.74,2.37,116.36999999999999
2927,1199,12,2024-12-26,3,80.0,8.0,72.0
2928,1132,1,2024-12-26,32,261.19,13.06,248.13
2929,1286,12,2024-12-26,33,114.61,2.29,112.32
2930,1452,1,2024-12-26,15,227.68,4.55,223.13
2931,1292,5,2024-12-26,34,66.04,9.91,56.13000000000001
2932,1174,1,2024-12-26,22,260.03,13.0,247.02999999999997
2933,1170,3,2024-12-26,8,274.98,41.25,233.73000000000002
2934,1430,7,2024-12-26,15,203.2,10.16,193.04
2935,1049,12,2024-12-27,33,141.96,2.84,139.12
2936,1321,12,2024-12-27,14,277.98,27.8,250.18
2937,1259,3,2024-12-27,21,244.7,36.7,208.0
2938,1292,4,2024-12-27,13,374.08,56.11,317.96999999999997
2939,1229,7,2024-12-27,34,204.63,4.09,200.54
2940,1332,1,2024-12-27,12,105.48,10.55,94.93
2941,1367,9,2024-12-27,16,132.57,6.63,125.94
2942,1472,12,2024-12-27,18,51.99,2.6,49.39
2943,1034,2,2024-12-27,15,55.65,2.78,52.87
2944,1104,5,2024-12-27,33,252.83,12.64,240.19
2945,1356,6,2024-12-27,9,138.32,13.83,124.49
2946,1429,9,2024-12-27,7,228.67,22.87,205.79999999999998
2947,1451,8,2024-12-27,4,159.8,7.99,151.81
2948,1465,6,2024-12-27,29,185.98,3.72,182.26
2949,1084,1,2024-12-27,8,32.71,1.64,31.07
2950,1412,3,2024-12-27,5,111.75,5.59,106.16
2951,1075,10,2024-12-28,15,55.21,2.76,52.45
2952,1088,2,2024-12-28,20,256.9,12.84,244.05999999999997
2953,1153,11,2024-12-28,17,80.75,1.61,79.14
2954,1493,3,2024-12-28,34,267.94,13.4,254.54
2955,1206,10,2024-12-28,16,53.28,1.07,52.21
2956,1169,6,2024-12-28,5,73.02,3.65,69.36999999999999
2957,1322,10,2024-12-28,26,81.76,8.18,73.58000000000001
2958,1284,3,2024-12-28,23,32.15,1.61,30.54
2959,1250,5,2024-12-28,9,48.32,7.25,41.07
2960,1044,3,2024-12-28,15,51.52,1.03,50.49
2961,1301,8,2024-12-28,9,286.72,14.34,272.38000000000005
2962,1142,12,2024-12-28,9,131.25,6.56,124.69
2963,1461,2,2024-12-28,21,212.86,10.64,202.22000000000003
2964,1321,4,2024-12-28,24,86.11,8.61,77.5
2965,1221,10,2024-12-28,13,181.08,3.62,177.46
2966,1283,4,2024-12-28,12,141.2,2.82,138.38
2967,1074,5,2024-12-28,32,18.4,0.37,18.029999999999998
2968,1377,1,2024-12-29,22,164.42,8.22,156.2
2969,1211,2,2024-12-29,13,160.13,3.2,156.93
2970,1189,2,2024-12-29,7,194.56,9.73,184.83
2971,1399,1,2024-12-29,29,35.3,1.76,33.54
2972,1264,9,2024-12-29,17,250.53,37.58,212.95
2973,1457,4,2024-12-29,30,37.22,0.74,36.48
2974,1428,3,2024-12-29,26,154.72,3.09,151.63
2975,1442,8,2024-12-29,12,142.6,7.13,135.47
2976,1075,1,2024-12-29,10,226.37,11.32,215.05
2977,1484,3,2024-12-29,4,279.53,27.95,251.57999999999998
2978,1250,10,2024-12-29,7,276.54,41.48,235.06000000000003
2979,1059,8,2024-12-29,20,263.93,26.39,237.54000000000002
2980,1458,3,2024-12-29,12,70.23,3.51,66.72
2981,1316,1,2024-12-29,16,32.64,0.65,31.990000000000002
2982,1161,11,2024-12-29,26,141.35,2.83,138.51999999999998
2983,1382,7,2024-12-29,33,258.31,12.92,245.39000000000001
2984,1360,7,2024-12-30,17,218.14,32.72,185.42
2985,1255,4,2024-12-30,5,88.24,1.76,86.47999999999999
2986,1378,2,2024-12-30,9,175.3,3.51,171.79000000000002
2987,1221,10,2024-12-30,17,50.25,1.01,49.24
2988,1078,3,2024-12-30,9,233.82,4.68,229.14
2989,1208,1,2024-12-30,24,158.52,3.17,155.35000000000002
2990,1481,12,2024-12-30,18,34.95,0.7,34.25
2991,1369,2,2024-12-30,30,210.82,10.54,200.28
2992,1419,8,2024-12-30,25,179.81,3.6,176.21
2993,1276,9,2024-12-30,19,172.36,8.62,163.74
2994,1498,5,2024-12-30,30,193.73,3.87,189.85999999999999
2995,1488,6,2024-12-30,5,176.46,3.53,172.93
2996,1213,8,2024-12-30,7,62.46,3.12,59.34
2997,1107,8,2024-12-30,17,261.48,13.07,248.41000000000003
2998,1377,1,2024-12-30,26,24.78,1.24,23.540000000000003
2999,1087,1,2024-12-30,14,147.74,14.77,132.97
3000,1031,11,2024-12-31,29,214.47,4.29,210.18
