session_id,checkout_version,device,completed_booking,booking_value
CS-00001,New,Desktop,0,
CS-00002,New,Mobile,0,
CS-00003,Old,Desktop,0,
CS-00004,New,Mobile,0,
CS-00005,New,Desktop,0,
CS-00006,New,Desktop,0,
CS-00007,New,Desktop,0,
CS-00008,Old,Mobile,0,
CS-00009,Old,Mobile,0,
CS-00010,Old,Desktop,0,
CS-00011,Old,Desktop,0,
CS-00012,Old,Mobile,0,
CS-00013,Old,Mobile,1,611.06
CS-00014,New,Desktop,0,
CS-00015,Old,Mobile,0,
CS-00016,New,Mobile,0,
CS-00017,Old,Mobile,0,
CS-00018,New,Mobile,0,
CS-00019,Old,Mobile,0,
CS-00020,New,Mobile,0,
CS-00021,New,Mobile,0,
CS-00022,Old,Mobile,0,
CS-00023,New,Desktop,0,
CS-00024,Old,Desktop,0,
CS-00025,New,Mobile,0,
CS-00026,New,Mobile,0,
CS-00027,New,Mobile,0,
CS-00028,Old,Mobile,0,
CS-00029,Old,Desktop,0,
CS-00030,Old,Desktop,0,
CS-00031,Old,Desktop,0,
CS-00032,Old,Mobile,0,
CS-00033,New,Mobile,0,
CS-00034,New,Desktop,0,
CS-00035,Old,Mobile,0,
CS-00036,Old,Mobile,0,
CS-00037,New,Mobile,0,
CS-00038,New,Mobile,0,
CS-00039,Old,Mobile,0,
CS-00040,Old,Desktop,0,
CS-00041,Old,Desktop,1,708.73
CS-00042,New,Mobile,1,528.63
CS-00043,Old,Desktop,0,
CS-00044,New,Desktop,0,
CS-00045,Old,Desktop,0,
CS-00046,New,Desktop,0,
CS-00047,Old,Mobile,0,
CS-00048,New,Mobile,0,
CS-00049,Old,Mobile,0,
CS-00050,New,Mobile,0,
CS-00051,New,Desktop,0,
CS-00052,Old,Mobile,0,
CS-00053,Old,Mobile,0,
CS-00054,Old,Mobile,0,
CS-00055,New,Mobile,0,
CS-00056,Old,Mobile,0,
CS-00057,New,Mobile,0,
CS-00058,Old,Desktop,0,
CS-00059,Old,Desktop,0,
CS-00060,Old,Desktop,0,
CS-00061,New,Mobile,0,
CS-00062,Old,Mobile,0,
CS-00063,Old,Mobile,0,
CS-00064,Old,Desktop,0,
CS-00065,Old,Mobile,0,
CS-00066,Old,Mobile,0,
CS-00067,New,Mobile,0,
CS-00068,New,Mobile,0,
CS-00069,Old,Desktop,0,
CS-00070,Old,Desktop,0,
CS-00071,New,Desktop,1,681.45
CS-00072,New,Desktop,1,682.68
CS-00073,Old,Mobile,0,
CS-00074,New,Mobile,0,
CS-00075,Old,Mobile,0,
CS-00076,New,Mobile,0,
CS-00077,New,Mobile,0,
CS-00078,New,Mobile,0,
CS-00079,New,Desktop,0,
CS-00080,Old,Desktop,0,
CS-00081,New,Mobile,0,
CS-00082,Old,Mobile,0,
CS-00083,New,Mobile,0,
CS-00084,New,Mobile,0,
CS-00085,Old,Mobile,0,
CS-00086,Old,Mobile,0,
CS-00087,Old,Mobile,0,
CS-00088,New,Mobile,0,
CS-00089,New,Mobile,0,
CS-00090,Old,Desktop,0,
CS-00091,Old,Desktop,0,
CS-00092,Old,Mobile,0,
CS-00093,Old,Mobile,0,
CS-00094,New,Mobile,0,
CS-00095,New,Mobile,0,
CS-00096,New,Mobile,0,
CS-00097,Old,Mobile,1,536.5
CS-00098,Old,Desktop,0,
CS-00099,Old,Desktop,0,
CS-00100,Old,Mobile,0,
CS-00101,Old,Mobile,0,
CS-00102,New,Desktop,0,
CS-00103,New,Mobile,0,
CS-00104,New,Desktop,0,
CS-00105,New,Mobile,0,
CS-00106,New,Mobile,0,
CS-00107,Old,Mobile,0,
CS-00108,Old,Mobile,0,
CS-00109,Old,Mobile,0,
CS-00110,Old,Desktop,0,
CS-00111,Old,Mobile,0,
CS-00112,Old,Desktop,0,
CS-00113,Old,Mobile,0,
CS-00114,Old,Mobile,0,
CS-00115,Old,Mobile,0,
CS-00116,Old,Mobile,0,
CS-00117,New,Desktop,0,
CS-00118,New,Mobile,0,
CS-00119,Old,Desktop,0,
CS-00120,New,Mobile,0,
CS-00121,New,Mobile,0,
CS-00122,Old,Mobile,0,
CS-00123,New,Mobile,1,721.05
CS-00124,New,Desktop,1,703.3
CS-00125,Old,Mobile,0,
CS-00126,Old,Desktop,0,
CS-00127,Old,Mobile,0,
CS-00128,New,Mobile,0,
CS-00129,Old,Mobile,0,
CS-00130,Old,Desktop,0,
CS-00131,Old,Desktop,0,
CS-00132,Old,Mobile,0,
CS-00133,New,Mobile,1,739.04
CS-00134,New,Desktop,0,
CS-00135,Old,Mobile,0,
CS-00136,Old,Mobile,0,
CS-00137,Old,Desktop,0,
CS-00138,Old,Mobile,0,
CS-00139,Old,Desktop,0,
CS-00140,New,Desktop,1,160.59
CS-00141,Old,Mobile,0,
CS-00142,Old,Desktop,0,
CS-00143,New,Mobile,0,
CS-00144,New,Mobile,0,
CS-00145,New,Desktop,0,
CS-00146,New,Mobile,0,
CS-00147,Old,Mobile,0,
CS-00148,Old,Desktop,0,
CS-00149,New,Desktop,0,
CS-00150,New,Mobile,0,
CS-00151,New,Desktop,0,
CS-00152,Old,Desktop,0,
CS-00153,Old,Desktop,0,
CS-00154,Old,Mobile,0,
CS-00155,New,Mobile,0,
CS-00156,Old,Mobile,0,
CS-00157,Old,Desktop,0,
CS-00158,Old,Desktop,0,
CS-00159,New,Mobile,1,900.27
CS-00160,Old,Desktop,0,
CS-00161,Old,Mobile,0,
CS-00162,New,Mobile,0,
CS-00163,Old,Mobile,0,
CS-00164,New,Mobile,0,
CS-00165,New,Mobile,0,
CS-00166,Old,Mobile,0,
CS-00167,Old,Desktop,0,
CS-00168,New,Mobile,0,
CS-00169,New,Mobile,0,
CS-00170,New,Mobile,0,
CS-00171,New,Mobile,0,
CS-00172,Old,Mobile,0,
CS-00173,Old,Desktop,1,493.77
CS-00174,New,Mobile,0,
CS-00175,New,Desktop,0,
CS-00176,New,Mobile,0,
CS-00177,Old,Mobile,0,
CS-00178,New,Mobile,1,499.09
CS-00179,Old,Mobile,0,
CS-00180,New,Mobile,0,
CS-00181,Old,Mobile,0,
CS-00182,New,Desktop,0,
CS-00183,New,Desktop,0,
CS-00184,New,Mobile,0,
CS-00185,Old,Desktop,1,847.92
CS-00186,Old,Mobile,0,
CS-00187,Old,Desktop,1,547.04
CS-00188,New,Desktop,1,659.44
CS-00189,New,Mobile,0,
CS-00190,New,Mobile,1,364.66
CS-00191,Old,Desktop,0,
CS-00192,New,Desktop,0,
CS-00193,Old,Mobile,0,
CS-00194,New,Mobile,0,
CS-00195,Old,Mobile,0,
CS-00196,New,Desktop,0,
CS-00197,New,Desktop,0,
CS-00198,New,Desktop,1,340.68
CS-00199,Old,Mobile,0,
CS-00200,Old,Mobile,0,
CS-00201,New,Mobile,0,
CS-00202,New,Desktop,0,
CS-00203,Old,Mobile,0,
CS-00204,Old,Desktop,0,
CS-00205,New,Mobile,0,
CS-00206,New,Desktop,0,
CS-00207,Old,Mobile,0,
CS-00208,Old,Desktop,1,733.61
CS-00209,New,Mobile,0,
CS-00210,Old,Desktop,0,
CS-00211,New,Mobile,0,
CS-00212,Old,Desktop,0,
CS-00213,New,Mobile,0,
CS-00214,New,Mobile,0,
CS-00215,New,Mobile,0,
CS-00216,Old,Mobile,0,
CS-00217,Old,Desktop,0,
CS-00218,Old,Mobile,0,
CS-00219,New,Desktop,1,1056.39
CS-00220,New,Mobile,0,
CS-00221,Old,Desktop,0,
CS-00222,Old,Desktop,0,
CS-00223,New,Mobile,0,
CS-00224,New,Mobile,0,
CS-00225,Old,Desktop,0,
CS-00226,Old,Desktop,0,
CS-00227,Old,Mobile,0,
CS-00228,Old,Mobile,0,
CS-00229,New,Desktop,0,
CS-00230,Old,Mobile,0,
CS-00231,New,Desktop,0,
CS-00232,New,Mobile,0,
CS-00233,New,Desktop,0,
CS-00234,New,Mobile,0,
CS-00235,New,Mobile,0,
CS-00236,New,Mobile,0,
CS-00237,New,Desktop,0,
CS-00238,New,Mobile,0,
CS-00239,New,Mobile,0,
CS-00240,New,Desktop,0,
CS-00241,Old,Mobile,0,
CS-00242,New,Desktop,0,
CS-00243,Old,Mobile,0,
CS-00244,New,Desktop,0,
CS-00245,Old,Mobile,0,
CS-00246,Old,Mobile,0,
CS-00247,New,Desktop,0,
CS-00248,New,Mobile,0,
CS-00249,Old,Desktop,0,
CS-00250,New,Mobile,0,
CS-00251,Old,Desktop,0,
CS-00252,New,Mobile,0,
CS-00253,Old,Desktop,0,
CS-00254,New,Mobile,0,
CS-00255,New,Mobile,0,
CS-00256,New,Mobile,0,
CS-00257,Old,Mobile,0,
CS-00258,New,Mobile,1,427.29
CS-00259,Old,Desktop,0,
CS-00260,Old,Desktop,0,
CS-00261,New,Desktop,1,667.91
CS-00262,Old,Mobile,0,
CS-00263,New,Mobile,0,
CS-00264,Old,Mobile,0,
CS-00265,New,Desktop,0,
CS-00266,New,Mobile,0,
CS-00267,Old,Mobile,0,
CS-00268,Old,Mobile,1,1139.05
CS-00269,New,Mobile,0,
CS-00270,New,Desktop,0,
CS-00271,Old,Desktop,0,
CS-00272,Old,Mobile,0,
CS-00273,New,Mobile,0,
CS-00274,New,Desktop,0,
CS-00275,Old,Desktop,0,
CS-00276,Old,Desktop,0,
CS-00277,New,Desktop,0,
CS-00278,Old,Mobile,0,
CS-00279,New,Mobile,0,
CS-00280,New,Mobile,0,
CS-00281,New,Mobile,0,
CS-00282,New,Desktop,0,
CS-00283,New,Desktop,0,
CS-00284,Old,Desktop,0,
CS-00285,New,Mobile,1,625.36
CS-00286,Old,Desktop,0,
CS-00287,New,Desktop,0,
CS-00288,New,Mobile,0,
CS-00289,New,Desktop,0,
CS-00290,New,Mobile,0,
CS-00291,New,Mobile,0,
CS-00292,New,Desktop,1,204.4
CS-00293,Old,Mobile,0,
CS-00294,Old,Desktop,0,
CS-00295,New,Mobile,0,
CS-00296,New,Mobile,0,
CS-00297,New,Mobile,0,
CS-00298,Old,Desktop,0,
CS-00299,New,Mobile,0,
CS-00300,New,Mobile,0,
CS-00301,Old,Mobile,0,
CS-00302,Old,Mobile,0,
CS-00303,Old,Desktop,0,
CS-00304,Old,Mobile,0,
CS-00305,Old,Desktop,0,
CS-00306,Old,Desktop,0,
CS-00307,Old,Mobile,0,
CS-00308,Old,Mobile,0,
CS-00309,New,Desktop,0,
CS-00310,Old,Desktop,0,
CS-00311,Old,Mobile,0,
CS-00312,New,Mobile,1,720.16
CS-00313,New,Desktop,0,
CS-00314,New,Mobile,0,
CS-00315,Old,Mobile,0,
CS-00316,Old,Desktop,0,
CS-00317,Old,Mobile,0,
CS-00318,Old,Desktop,0,
CS-00319,Old,Desktop,0,
CS-00320,Old,Mobile,0,
CS-00321,Old,Mobile,0,
CS-00322,Old,Mobile,0,
CS-00323,Old,Mobile,0,
CS-00324,New,Desktop,0,
CS-00325,New,Mobile,0,
CS-00326,Old,Desktop,1,315.45
CS-00327,New,Mobile,0,
CS-00328,Old,Mobile,0,
CS-00329,New,Mobile,0,
CS-00330,Old,Mobile,1,724.38
CS-00331,Old,Desktop,0,
CS-00332,Old,Desktop,0,
CS-00333,New,Desktop,0,
CS-00334,New,Mobile,0,
CS-00335,New,Desktop,0,
CS-00336,Old,Desktop,0,
CS-00337,New,Mobile,0,
CS-00338,New,Mobile,0,
CS-00339,Old,Mobile,0,
CS-00340,Old,Mobile,0,
CS-00341,Old,Desktop,0,
CS-00342,Old,Desktop,0,
CS-00343,New,Desktop,1,508.87
CS-00344,Old,Mobile,0,
CS-00345,Old,Mobile,0,
CS-00346,New,Mobile,0,
CS-00347,New,Mobile,0,
CS-00348,Old,Mobile,0,
CS-00349,New,Mobile,0,
CS-00350,New,Desktop,0,
CS-00351,Old,Desktop,0,
CS-00352,Old,Mobile,0,
CS-00353,New,Mobile,0,
CS-00354,New,Desktop,0,
CS-00355,New,Mobile,1,383.81
CS-00356,New,Mobile,1,477.81
CS-00357,New,Mobile,0,
CS-00358,Old,Desktop,0,
CS-00359,New,Mobile,1,625.95
CS-00360,Old,Mobile,0,
CS-00361,New,Desktop,0,
CS-00362,Old,Mobile,0,
CS-00363,Old,Mobile,0,
CS-00364,Old,Mobile,0,
CS-00365,New,Desktop,0,
CS-00366,Old,Mobile,0,
CS-00367,Old,Mobile,0,
CS-00368,New,Mobile,0,
CS-00369,Old,Mobile,0,
CS-00370,Old,Mobile,0,
CS-00371,New,Desktop,0,
CS-00372,Old,Desktop,0,
CS-00373,Old,Mobile,0,
CS-00374,Old,Desktop,0,
CS-00375,Old,Desktop,0,
CS-00376,New,Desktop,0,
CS-00377,Old,Mobile,0,
CS-00378,New,Mobile,0,
CS-00379,Old,Mobile,0,
CS-00380,Old,Desktop,0,
CS-00381,Old,Desktop,1,850.76
CS-00382,New,Desktop,0,
CS-00383,Old,Mobile,0,
CS-00384,Old,Desktop,0,
CS-00385,Old,Mobile,0,
CS-00386,New,Mobile,0,
CS-00387,New,Desktop,0,
CS-00388,Old,Desktop,0,
CS-00389,Old,Mobile,1,541.52
CS-00390,Old,Mobile,0,
CS-00391,New,Mobile,0,
CS-00392,New,Mobile,0,
CS-00393,Old,Mobile,0,
CS-00394,Old,Desktop,0,
CS-00395,Old,Desktop,0,
CS-00396,Old,Desktop,0,
CS-00397,Old,Mobile,0,
CS-00398,New,Mobile,0,
CS-00399,New,Desktop,0,
CS-00400,New,Mobile,0,
CS-00401,New,Mobile,0,
CS-00402,New,Mobile,0,
CS-00403,New,Desktop,0,
CS-00404,Old,Desktop,0,
CS-00405,New,Desktop,0,
CS-00406,New,Mobile,0,
CS-00407,New,Desktop,0,
CS-00408,Old,Desktop,0,
CS-00409,Old,Desktop,0,
CS-00410,Old,Mobile,0,
CS-00411,New,Mobile,0,
CS-00412,Old,Desktop,1,574.79
CS-00413,Old,Mobile,0,
CS-00414,Old,Mobile,0,
CS-00415,New,Mobile,0,
CS-00416,Old,Mobile,0,
CS-00417,New,Desktop,1,452.75
CS-00418,Old,Mobile,0,
CS-00419,New,Mobile,0,
CS-00420,Old,Mobile,0,
CS-00421,New,Mobile,0,
CS-00422,New,Desktop,0,
CS-00423,New,Mobile,0,
CS-00424,New,Mobile,0,
CS-00425,New,Desktop,0,
CS-00426,Old,Mobile,0,
CS-00427,Old,Mobile,0,
CS-00428,New,Desktop,0,
CS-00429,Old,Mobile,0,
CS-00430,New,Desktop,0,
CS-00431,New,Mobile,0,
CS-00432,New,Desktop,0,
CS-00433,Old,Mobile,0,
CS-00434,Old,Desktop,0,
CS-00435,New,Mobile,0,
CS-00436,New,Mobile,0,
CS-00437,Old,Mobile,1,401.89
CS-00438,Old,Mobile,0,
CS-00439,Old,Desktop,0,
CS-00440,New,Mobile,0,
CS-00441,Old,Mobile,1,376.6
CS-00442,New,Mobile,0,
CS-00443,New,Desktop,0,
CS-00444,New,Mobile,0,
CS-00445,Old,Mobile,0,
CS-00446,Old,Desktop,0,
CS-00447,New,Mobile,0,
CS-00448,New,Mobile,0,
CS-00449,New,Desktop,0,
CS-00450,Old,Desktop,0,
CS-00451,Old,Mobile,0,
CS-00452,Old,Mobile,0,
CS-00453,Old,Desktop,0,
CS-00454,New,Mobile,0,
CS-00455,Old,Mobile,0,
CS-00456,New,Mobile,0,
CS-00457,Old,Mobile,0,
CS-00458,Old,Mobile,0,
CS-00459,New,Mobile,0,
CS-00460,New,Mobile,0,
CS-00461,Old,Desktop,0,
CS-00462,Old,Mobile,0,
CS-00463,New,Desktop,1,447.23
CS-00464,New,Mobile,0,
CS-00465,Old,Mobile,0,
CS-00466,New,Mobile,0,
CS-00467,Old,Desktop,0,
CS-00468,Old,Mobile,0,
CS-00469,New,Desktop,0,
CS-00470,Old,Mobile,0,
CS-00471,New,Mobile,0,
CS-00472,Old,Mobile,0,
CS-00473,New,Mobile,0,
CS-00474,Old,Desktop,0,
CS-00475,New,Mobile,0,
CS-00476,New,Mobile,1,1024.24
CS-00477,Old,Mobile,0,
CS-00478,Old,Desktop,0,
CS-00479,Old,Mobile,0,
CS-00480,New,Desktop,0,
CS-00481,Old,Desktop,0,
CS-00482,New,Desktop,0,
CS-00483,New,Mobile,0,
CS-00484,New,Mobile,0,
CS-00485,Old,Mobile,0,
CS-00486,New,Mobile,0,
CS-00487,Old,Mobile,0,
CS-00488,New,Mobile,0,
CS-00489,New,Mobile,0,
CS-00490,New,Mobile,0,
CS-00491,Old,Desktop,0,
CS-00492,Old,Mobile,0,
CS-00493,New,Mobile,0,
CS-00494,New,Desktop,0,
CS-00495,New,Mobile,0,
CS-00496,New,Desktop,1,632.19
CS-00497,New,Desktop,0,
CS-00498,Old,Desktop,0,
CS-00499,New,Mobile,0,
CS-00500,New,Mobile,0,
CS-00501,Old,Mobile,0,
CS-00502,Old,Desktop,0,
CS-00503,New,Mobile,0,
CS-00504,New,Mobile,0,
CS-00505,New,Mobile,0,
CS-00506,Old,Mobile,0,
CS-00507,Old,Mobile,0,
CS-00508,Old,Mobile,0,
CS-00509,New,Mobile,0,
CS-00510,New,Desktop,0,
CS-00511,Old,Mobile,0,
CS-00512,Old,Mobile,0,
CS-00513,New,Desktop,0,
CS-00514,New,Mobile,0,
CS-00515,Old,Desktop,0,
CS-00516,New,Mobile,0,
CS-00517,New,Desktop,0,
CS-00518,New,Desktop,0,
CS-00519,New,Mobile,0,
CS-00520,New,Mobile,0,
CS-00521,New,Mobile,0,
CS-00522,New,Desktop,0,
CS-00523,Old,Mobile,0,
CS-00524,Old,Mobile,0,
CS-00525,New,Mobile,0,
CS-00526,Old,Desktop,1,704.13
CS-00527,Old,Desktop,1,370.17
CS-00528,New,Mobile,0,
CS-00529,Old,Mobile,0,
CS-00530,Old,Desktop,0,
CS-00531,New,Mobile,0,
CS-00532,Old,Mobile,0,
CS-00533,Old,Mobile,0,
CS-00534,Old,Desktop,0,
CS-00535,New,Desktop,0,
CS-00536,Old,Mobile,0,
CS-00537,Old,Mobile,0,
CS-00538,Old,Mobile,0,
CS-00539,New,Mobile,0,
CS-00540,New,Desktop,0,
CS-00541,New,Mobile,0,
CS-00542,Old,Mobile,0,
CS-00543,New,Desktop,0,
CS-00544,Old,Mobile,0,
CS-00545,New,Mobile,1,917.96
CS-00546,Old,Mobile,0,
CS-00547,New,Mobile,0,
CS-00548,New,Desktop,0,
CS-00549,Old,Mobile,0,
CS-00550,New,Desktop,0,
CS-00551,New,Mobile,0,
CS-00552,Old,Mobile,0,
CS-00553,Old,Mobile,0,
CS-00554,Old,Desktop,0,
CS-00555,New,Mobile,0,
CS-00556,New,Mobile,0,
CS-00557,New,Desktop,0,
CS-00558,Old,Mobile,0,
CS-00559,Old,Mobile,0,
CS-00560,Old,Desktop,1,573.19
CS-00561,New,Desktop,0,
CS-00562,New,Mobile,0,
CS-00563,Old,Mobile,0,
CS-00564,Old,Mobile,0,
CS-00565,Old,Desktop,0,
CS-00566,New,Mobile,0,
CS-00567,New,Desktop,0,
CS-00568,New,Desktop,0,
CS-00569,New,Desktop,0,
CS-00570,New,Desktop,0,
CS-00571,New,Desktop,0,
CS-00572,Old,Desktop,0,
CS-00573,New,Desktop,0,
CS-00574,Old,Mobile,0,
CS-00575,Old,Mobile,0,
CS-00576,Old,Desktop,0,
CS-00577,Old,Mobile,0,
CS-00578,Old,Mobile,0,
CS-00579,Old,Mobile,0,
CS-00580,Old,Desktop,0,
CS-00581,Old,Mobile,0,
CS-00582,New,Desktop,0,
CS-00583,New,Mobile,0,
CS-00584,Old,Mobile,0,
CS-00585,New,Mobile,0,
CS-00586,New,Mobile,0,
CS-00587,New,Mobile,0,
CS-00588,New,Mobile,0,
CS-00589,New,Desktop,0,
CS-00590,Old,Desktop,0,
CS-00591,New,Mobile,0,
CS-00592,Old,Mobile,0,
CS-00593,New,Desktop,0,
CS-00594,Old,Desktop,0,
CS-00595,Old,Desktop,0,
CS-00596,New,Mobile,0,
CS-00597,Old,Mobile,0,
CS-00598,New,Desktop,0,
CS-00599,Old,Mobile,0,
CS-00600,New,Mobile,0,
CS-00601,Old,Desktop,0,
CS-00602,Old,Mobile,0,
CS-00603,New,Mobile,0,
CS-00604,New,Mobile,0,
CS-00605,New,Mobile,0,
CS-00606,Old,Desktop,0,
CS-00607,New,Mobile,1,565.26
CS-00608,Old,Mobile,0,
CS-00609,New,Mobile,0,
CS-00610,Old,Desktop,0,
CS-00611,Old,Desktop,0,
CS-00612,New,Mobile,0,
CS-00613,Old,Mobile,0,
CS-00614,New,Desktop,0,
CS-00615,Old,Desktop,0,
CS-00616,Old,Mobile,0,
CS-00617,New,Mobile,0,
CS-00618,Old,Mobile,0,
CS-00619,Old,Desktop,0,
CS-00620,New,Desktop,0,
CS-00621,Old,Mobile,0,
CS-00622,New,Mobile,0,
CS-00623,Old,Mobile,0,
CS-00624,New,Desktop,0,
CS-00625,New,Mobile,1,936.16
CS-00626,New,Desktop,0,
CS-00627,Old,Desktop,0,
CS-00628,Old,Desktop,0,
CS-00629,New,Desktop,0,
CS-00630,New,Desktop,1,747.18
CS-00631,Old,Mobile,0,
CS-00632,New,Mobile,0,
CS-00633,Old,Desktop,0,
CS-00634,New,Mobile,0,
CS-00635,Old,Desktop,0,
CS-00636,New,Mobile,0,
CS-00637,Old,Desktop,0,
CS-00638,Old,Mobile,0,
CS-00639,Old,Mobile,0,
CS-00640,Old,Mobile,0,
CS-00641,Old,Mobile,0,
CS-00642,New,Desktop,0,
CS-00643,Old,Mobile,0,
CS-00644,Old,Mobile,0,
CS-00645,Old,Mobile,0,
CS-00646,New,Mobile,1,698.37
CS-00647,New,Mobile,0,
CS-00648,New,Mobile,0,
CS-00649,Old,Mobile,0,
CS-00650,Old,Mobile,0,
CS-00651,New,Mobile,0,
CS-00652,New,Mobile,0,
CS-00653,Old,Mobile,0,
CS-00654,New,Desktop,0,
CS-00655,New,Desktop,0,
CS-00656,Old,Desktop,0,
CS-00657,Old,Mobile,0,
CS-00658,Old,Mobile,0,
CS-00659,New,Desktop,0,
CS-00660,Old,Mobile,0,
CS-00661,New,Mobile,1,509.6
CS-00662,Old,Mobile,0,
CS-00663,New,Mobile,0,
CS-00664,New,Desktop,0,
CS-00665,Old,Mobile,0,
CS-00666,New,Mobile,0,
CS-00667,New,Mobile,0,
CS-00668,Old,Mobile,0,
CS-00669,New,Desktop,0,
CS-00670,Old,Mobile,0,
CS-00671,New,Mobile,0,
CS-00672,New,Mobile,0,
CS-00673,Old,Mobile,0,
CS-00674,Old,Desktop,0,
CS-00675,New,Mobile,0,
CS-00676,New,Desktop,0,
CS-00677,Old,Mobile,0,
CS-00678,Old,Mobile,0,
CS-00679,Old,Desktop,1,431.66
CS-00680,Old,Desktop,0,
CS-00681,Old,Desktop,0,
CS-00682,Old,Mobile,0,
CS-00683,Old,Mobile,0,
CS-00684,New,Mobile,0,
CS-00685,New,Desktop,0,
CS-00686,Old,Desktop,0,
CS-00687,Old,Desktop,0,
CS-00688,Old,Desktop,0,
CS-00689,Old,Mobile,0,
CS-00690,New,Mobile,0,
CS-00691,New,Mobile,0,
CS-00692,New,Desktop,0,
CS-00693,New,Desktop,0,
CS-00694,Old,Mobile,0,
CS-00695,Old,Mobile,0,
CS-00696,Old,Desktop,0,
CS-00697,New,Mobile,0,
CS-00698,Old,Mobile,0,
CS-00699,Old,Mobile,0,
CS-00700,Old,Mobile,0,
CS-00701,Old,Mobile,0,
CS-00702,Old,Mobile,0,
CS-00703,Old,Mobile,0,
CS-00704,Old,Mobile,0,
CS-00705,New,Desktop,0,
CS-00706,Old,Mobile,0,
CS-00707,New,Mobile,0,
CS-00708,New,Mobile,0,
CS-00709,New,Desktop,0,
CS-00710,New,Mobile,0,
CS-00711,New,Mobile,0,
CS-00712,Old,Mobile,0,
CS-00713,Old,Desktop,1,742.41
CS-00714,New,Desktop,0,
CS-00715,Old,Mobile,0,
CS-00716,Old,Mobile,0,
CS-00717,New,Mobile,0,
CS-00718,Old,Mobile,0,
CS-00719,New,Desktop,0,
CS-00720,Old,Mobile,0,
CS-00721,New,Desktop,0,
CS-00722,Old,Mobile,1,968.0
CS-00723,New,Desktop,0,
CS-00724,New,Mobile,0,
CS-00725,New,Mobile,0,
CS-00726,New,Mobile,0,
CS-00727,New,Desktop,0,
CS-00728,Old,Mobile,0,
CS-00729,New,Desktop,0,
CS-00730,Old,Mobile,0,
CS-00731,Old,Mobile,0,
CS-00732,New,Mobile,1,1078.6
CS-00733,New,Desktop,0,
CS-00734,Old,Mobile,0,
CS-00735,New,Desktop,0,
CS-00736,Old,Desktop,0,
CS-00737,New,Desktop,0,
CS-00738,Old,Mobile,0,
CS-00739,Old,Desktop,0,
CS-00740,Old,Desktop,0,
CS-00741,New,Desktop,0,
CS-00742,New,Desktop,1,994.57
CS-00743,New,Desktop,0,
CS-00744,Old,Desktop,0,
CS-00745,New,Mobile,1,550.92
CS-00746,Old,Mobile,0,
CS-00747,New,Desktop,0,
CS-00748,Old,Desktop,0,
CS-00749,Old,Mobile,0,
CS-00750,New,Desktop,0,
CS-00751,Old,Desktop,0,
CS-00752,New,Desktop,0,
CS-00753,New,Mobile,0,
CS-00754,New,Desktop,0,
CS-00755,Old,Desktop,0,
CS-00756,Old,Mobile,0,
CS-00757,Old,Desktop,0,
CS-00758,New,Mobile,0,
CS-00759,Old,Desktop,0,
CS-00760,New,Desktop,0,
CS-00761,Old,Mobile,0,
CS-00762,New,Desktop,0,
CS-00763,Old,Mobile,0,
CS-00764,Old,Mobile,0,
CS-00765,New,Mobile,0,
CS-00766,Old,Mobile,0,
CS-00767,New,Mobile,0,
CS-00768,Old,Mobile,0,
CS-00769,New,Mobile,0,
CS-00770,New,Mobile,0,
CS-00771,New,Mobile,0,
CS-00772,New,Mobile,0,
CS-00773,Old,Desktop,0,
CS-00774,New,Mobile,0,
CS-00775,New,Desktop,0,
CS-00776,New,Mobile,0,
CS-00777,Old,Mobile,0,
CS-00778,New,Mobile,0,
CS-00779,Old,Mobile,0,
CS-00780,New,Mobile,0,
CS-00781,Old,Mobile,0,
CS-00782,Old,Mobile,1,707.76
CS-00783,Old,Mobile,0,
CS-00784,Old,Desktop,1,689.26
CS-00785,Old,Desktop,0,
CS-00786,Old,Mobile,0,
CS-00787,Old,Mobile,1,777.37
CS-00788,Old,Mobile,0,
CS-00789,Old,Mobile,0,
CS-00790,Old,Mobile,0,
CS-00791,Old,Mobile,0,
CS-00792,New,Mobile,0,
CS-00793,Old,Mobile,0,
CS-00794,New,Mobile,0,
CS-00795,Old,Mobile,0,
CS-00796,New,Desktop,0,
CS-00797,Old,Desktop,0,
CS-00798,New,Mobile,0,
CS-00799,New,Mobile,0,
CS-00800,Old,Mobile,0,
CS-00801,Old,Desktop,0,
CS-00802,Old,Mobile,0,
CS-00803,New,Mobile,0,
CS-00804,New,Desktop,0,
CS-00805,New,Desktop,0,
CS-00806,Old,Mobile,0,
CS-00807,New,Mobile,0,
CS-00808,New,Mobile,0,
CS-00809,New,Mobile,1,533.87
CS-00810,New,Mobile,0,
CS-00811,New,Mobile,0,
CS-00812,Old,Mobile,0,
CS-00813,Old,Mobile,0,
CS-00814,Old,Desktop,0,
CS-00815,New,Desktop,0,
CS-00816,Old,Mobile,0,
CS-00817,Old,Desktop,0,
CS-00818,New,Mobile,0,
CS-00819,Old,Desktop,0,
CS-00820,New,Mobile,0,
CS-00821,New,Mobile,0,
CS-00822,New,Mobile,0,
CS-00823,New,Mobile,0,
CS-00824,New,Desktop,0,
CS-00825,Old,Mobile,0,
CS-00826,Old,Mobile,0,
CS-00827,New,Mobile,0,
CS-00828,Old,Mobile,0,
CS-00829,New,Mobile,0,
CS-00830,Old,Mobile,0,
CS-00831,New,Mobile,0,
CS-00832,New,Desktop,0,
CS-00833,Old,Mobile,0,
CS-00834,New,Mobile,0,
CS-00835,New,Mobile,0,
CS-00836,New,Mobile,0,
CS-00837,New,Mobile,0,
CS-00838,Old,Mobile,0,
CS-00839,New,Desktop,0,
CS-00840,New,Mobile,0,
CS-00841,New,Desktop,0,
CS-00842,Old,Desktop,0,
CS-00843,Old,Mobile,0,
CS-00844,Old,Mobile,0,
CS-00845,Old,Desktop,0,
CS-00846,New,Mobile,0,
CS-00847,Old,Mobile,0,
CS-00848,New,Desktop,0,
CS-00849,Old,Mobile,1,478.39
CS-00850,New,Mobile,0,
CS-00851,New,Mobile,0,
CS-00852,Old,Desktop,0,
CS-00853,Old,Desktop,1,459.83
CS-00854,Old,Mobile,0,
CS-00855,Old,Desktop,0,
CS-00856,New,Mobile,0,
CS-00857,New,Mobile,0,
CS-00858,Old,Desktop,0,
CS-00859,Old,Mobile,0,
CS-00860,New,Mobile,0,
CS-00861,New,Desktop,0,
CS-00862,Old,Desktop,0,
CS-00863,New,Desktop,0,
CS-00864,New,Desktop,0,
CS-00865,Old,Mobile,0,
CS-00866,Old,Mobile,0,
CS-00867,New,Desktop,0,
CS-00868,New,Desktop,0,
CS-00869,New,Mobile,0,
CS-00870,Old,Mobile,0,
CS-00871,New,Desktop,0,
CS-00872,Old,Mobile,1,313.92
CS-00873,New,Mobile,0,
CS-00874,Old,Desktop,0,
CS-00875,New,Desktop,0,
CS-00876,New,Desktop,0,
CS-00877,Old,Desktop,0,
CS-00878,Old,Desktop,1,539.25
CS-00879,Old,Mobile,0,
CS-00880,Old,Mobile,0,
CS-00881,Old,Mobile,0,
CS-00882,New,Mobile,0,
CS-00883,New,Mobile,0,
CS-00884,Old,Mobile,0,
CS-00885,Old,Mobile,0,
CS-00886,New,Mobile,0,
CS-00887,Old,Mobile,0,
CS-00888,Old,Desktop,0,
CS-00889,New,Mobile,0,
CS-00890,New,Mobile,0,
CS-00891,New,Mobile,0,
CS-00892,New,Mobile,0,
CS-00893,Old,Mobile,0,
CS-00894,Old,Mobile,0,
CS-00895,New,Mobile,1,332.03
CS-00896,Old,Mobile,0,
CS-00897,Old,Desktop,0,
CS-00898,New,Desktop,0,
CS-00899,Old,Desktop,0,
CS-00900,New,Mobile,0,
CS-00901,New,Mobile,0,
CS-00902,Old,Desktop,1,702.63
CS-00903,Old,Desktop,0,
CS-00904,New,Mobile,0,
CS-00905,New,Desktop,0,
CS-00906,New,Desktop,0,
CS-00907,New,Mobile,0,
CS-00908,New,Desktop,0,
CS-00909,Old,Mobile,0,
CS-00910,New,Desktop,0,
CS-00911,New,Mobile,1,974.59
CS-00912,New,Mobile,0,
CS-00913,Old,Mobile,0,
CS-00914,New,Desktop,0,
CS-00915,Old,Desktop,0,
CS-00916,Old,Mobile,0,
CS-00917,Old,Desktop,0,
CS-00918,New,Mobile,0,
CS-00919,New,Mobile,0,
CS-00920,Old,Mobile,0,
CS-00921,Old,Mobile,0,
CS-00922,New,Desktop,0,
CS-00923,New,Desktop,0,
CS-00924,Old,Desktop,0,
CS-00925,Old,Mobile,0,
CS-00926,New,Desktop,0,
CS-00927,Old,Desktop,0,
CS-00928,Old,Mobile,0,
CS-00929,Old,Mobile,0,
CS-00930,Old,Mobile,0,
CS-00931,New,Desktop,0,
CS-00932,New,Mobile,0,
CS-00933,New,Desktop,0,
CS-00934,Old,Desktop,0,
CS-00935,Old,Mobile,0,
CS-00936,New,Mobile,0,
CS-00937,Old,Mobile,1,716.6
CS-00938,Old,Mobile,0,
CS-00939,New,Mobile,0,
CS-00940,Old,Desktop,0,
CS-00941,Old,Mobile,0,
CS-00942,New,Mobile,0,
CS-00943,New,Mobile,0,
CS-00944,Old,Mobile,0,
CS-00945,Old,Desktop,0,
CS-00946,New,Desktop,0,
CS-00947,Old,Mobile,0,
CS-00948,Old,Mobile,0,
CS-00949,Old,Desktop,0,
CS-00950,Old,Mobile,0,
CS-00951,New,Mobile,0,
CS-00952,New,Desktop,0,
CS-00953,Old,Mobile,0,
CS-00954,Old,Mobile,0,
CS-00955,Old,Desktop,0,
CS-00956,New,Mobile,0,
CS-00957,New,Mobile,0,
CS-00958,Old,Mobile,0,
CS-00959,New,Mobile,0,
CS-00960,Old,Desktop,0,
CS-00961,New,Desktop,0,
CS-00962,New,Desktop,0,
CS-00963,New,Desktop,0,
CS-00964,Old,Desktop,0,
CS-00965,Old,Desktop,1,497.06
CS-00966,Old,Mobile,0,
CS-00967,New,Mobile,0,
CS-00968,New,Mobile,0,
CS-00969,New,Desktop,0,
CS-00970,New,Mobile,0,
CS-00971,Old,Mobile,0,
CS-00972,New,Desktop,0,
CS-00973,Old,Mobile,0,
CS-00974,Old,Desktop,0,
CS-00975,Old,Mobile,0,
CS-00976,New,Desktop,0,
CS-00977,New,Mobile,0,
CS-00978,New,Desktop,0,
CS-00979,New,Mobile,0,
CS-00980,New,Mobile,0,
CS-00981,Old,Mobile,0,
CS-00982,Old,Mobile,0,
CS-00983,New,Desktop,0,
CS-00984,Old,Mobile,0,
CS-00985,Old,Mobile,0,
CS-00986,Old,Mobile,0,
CS-00987,Old,Mobile,0,
CS-00988,Old,Mobile,0,
CS-00989,Old,Desktop,0,
CS-00990,New,Mobile,0,
CS-00991,Old,Mobile,0,
CS-00992,Old,Mobile,0,
CS-00993,Old,Mobile,0,
CS-00994,New,Mobile,0,
CS-00995,Old,Mobile,0,
CS-00996,Old,Mobile,0,
CS-00997,New,Desktop,0,
CS-00998,New,Mobile,0,
CS-00999,Old,Mobile,0,
CS-01000,Old,Mobile,0,
CS-01001,Old,Desktop,0,
CS-01002,New,Desktop,0,
CS-01003,New,Desktop,0,
CS-01004,New,Mobile,0,
CS-01005,New,Mobile,0,
CS-01006,New,Desktop,0,
CS-01007,Old,Mobile,0,
CS-01008,Old,Mobile,0,
CS-01009,New,Mobile,0,
CS-01010,New,Desktop,0,
CS-01011,Old,Mobile,0,
CS-01012,Old,Desktop,0,
CS-01013,New,Desktop,0,
CS-01014,Old,Mobile,0,
CS-01015,New,Desktop,0,
CS-01016,New,Mobile,0,
CS-01017,New,Mobile,0,
CS-01018,New,Desktop,0,
CS-01019,Old,Mobile,0,
CS-01020,New,Desktop,0,
CS-01021,Old,Desktop,0,
CS-01022,New,Desktop,1,554.3
CS-01023,Old,Mobile,0,
CS-01024,New,Desktop,0,
CS-01025,New,Mobile,1,579.35
CS-01026,New,Mobile,0,
CS-01027,Old,Desktop,0,
CS-01028,New,Mobile,0,
CS-01029,Old,Mobile,0,
CS-01030,New,Desktop,0,
CS-01031,New,Mobile,0,
CS-01032,New,Mobile,0,
CS-01033,New,Mobile,0,
CS-01034,Old,Mobile,0,
CS-01035,New,Mobile,0,
CS-01036,Old,Desktop,0,
CS-01037,Old,Mobile,0,
CS-01038,New,Mobile,0,
CS-01039,New,Mobile,0,
CS-01040,New,Mobile,0,
CS-01041,Old,Desktop,0,
CS-01042,New,Mobile,0,
CS-01043,Old,Mobile,0,
CS-01044,New,Mobile,0,
CS-01045,New,Mobile,0,
CS-01046,Old,Mobile,0,
CS-01047,New,Desktop,0,
CS-01048,Old,Mobile,0,
CS-01049,Old,Desktop,0,
CS-01050,New,Mobile,0,
CS-01051,New,Mobile,1,1119.54
CS-01052,Old,Mobile,0,
CS-01053,New,Mobile,0,
CS-01054,New,Mobile,0,
CS-01055,New,Mobile,0,
CS-01056,Old,Desktop,0,
CS-01057,Old,Mobile,0,
CS-01058,New,Mobile,0,
CS-01059,Old,Mobile,0,
CS-01060,New,Mobile,0,
CS-01061,Old,Mobile,0,
CS-01062,New,Mobile,0,
CS-01063,New,Desktop,0,
CS-01064,Old,Mobile,0,
CS-01065,Old,Desktop,0,
CS-01066,New,Mobile,0,
CS-01067,New,Mobile,0,
CS-01068,Old,Desktop,0,
CS-01069,New,Mobile,0,
CS-01070,Old,Mobile,0,
CS-01071,Old,Mobile,0,
CS-01072,New,Mobile,0,
CS-01073,Old,Desktop,1,528.34
CS-01074,Old,Mobile,0,
CS-01075,New,Desktop,0,
CS-01076,Old,Mobile,0,
CS-01077,New,Mobile,0,
CS-01078,Old,Mobile,0,
CS-01079,Old,Mobile,0,
CS-01080,New,Desktop,0,
CS-01081,Old,Mobile,0,
CS-01082,Old,Mobile,0,
CS-01083,Old,Mobile,0,
CS-01084,Old,Mobile,0,
CS-01085,New,Desktop,0,
CS-01086,New,Mobile,0,
CS-01087,New,Mobile,0,
CS-01088,Old,Desktop,0,
CS-01089,Old,Mobile,0,
CS-01090,New,Mobile,1,844.16
CS-01091,New,Desktop,0,
CS-01092,New,Mobile,0,
CS-01093,Old,Mobile,0,
CS-01094,New,Mobile,0,
CS-01095,New,Mobile,0,
CS-01096,Old,Mobile,1,607.61
CS-01097,New,Desktop,0,
CS-01098,Old,Mobile,0,
CS-01099,New,Desktop,0,
CS-01100,Old,Desktop,0,
CS-01101,Old,Desktop,0,
CS-01102,New,Mobile,0,
CS-01103,New,Desktop,0,
CS-01104,Old,Mobile,0,
CS-01105,New,Desktop,0,
CS-01106,New,Mobile,0,
CS-01107,Old,Desktop,0,
CS-01108,New,Mobile,1,552.95
CS-01109,New,Mobile,0,
CS-01110,Old,Mobile,0,
CS-01111,New,Desktop,1,641.6
CS-01112,New,Mobile,0,
CS-01113,New,Desktop,0,
CS-01114,Old,Mobile,0,
CS-01115,Old,Mobile,0,
CS-01116,Old,Mobile,0,
CS-01117,Old,Mobile,0,
CS-01118,Old,Mobile,0,
CS-01119,New,Mobile,0,
CS-01120,New,Mobile,1,361.98
CS-01121,Old,Mobile,0,
CS-01122,New,Mobile,0,
CS-01123,Old,Mobile,0,
CS-01124,New,Mobile,0,
CS-01125,New,Mobile,0,
CS-01126,New,Mobile,0,
CS-01127,Old,Mobile,0,
CS-01128,New,Desktop,0,
CS-01129,New,Mobile,0,
CS-01130,New,Mobile,0,
CS-01131,Old,Mobile,0,
CS-01132,Old,Mobile,0,
CS-01133,Old,Desktop,0,
CS-01134,New,Desktop,0,
CS-01135,Old,Desktop,0,
CS-01136,New,Mobile,1,588.7
CS-01137,New,Desktop,0,
CS-01138,New,Desktop,0,
CS-01139,Old,Desktop,0,
CS-01140,New,Mobile,0,
CS-01141,Old,Mobile,0,
CS-01142,Old,Mobile,0,
CS-01143,Old,Desktop,0,
CS-01144,New,Mobile,0,
CS-01145,New,Mobile,0,
CS-01146,New,Mobile,0,
CS-01147,New,Desktop,0,
CS-01148,New,Mobile,0,
CS-01149,Old,Desktop,0,
CS-01150,Old,Desktop,0,
CS-01151,New,Mobile,0,
CS-01152,New,Mobile,0,
CS-01153,Old,Mobile,1,508.84
CS-01154,Old,Desktop,0,
CS-01155,New,Desktop,0,
CS-01156,Old,Mobile,0,
CS-01157,New,Desktop,0,
CS-01158,New,Mobile,0,
CS-01159,New,Mobile,0,
CS-01160,Old,Mobile,0,
CS-01161,Old,Desktop,0,
CS-01162,New,Desktop,0,
CS-01163,New,Mobile,0,
CS-01164,Old,Desktop,0,
CS-01165,New,Mobile,0,
CS-01166,New,Mobile,0,
CS-01167,Old,Mobile,0,
CS-01168,New,Mobile,0,
CS-01169,New,Desktop,0,
CS-01170,New,Desktop,0,
CS-01171,New,Mobile,0,
CS-01172,Old,Desktop,1,893.66
CS-01173,Old,Desktop,1,387.41
CS-01174,New,Mobile,0,
CS-01175,New,Desktop,0,
CS-01176,New,Mobile,0,
CS-01177,New,Mobile,1,617.34
CS-01178,New,Mobile,0,
CS-01179,Old,Mobile,0,
CS-01180,Old,Mobile,0,
CS-01181,Old,Mobile,0,
CS-01182,New,Mobile,0,
CS-01183,Old,Mobile,0,
CS-01184,New,Mobile,0,
CS-01185,Old,Mobile,0,
CS-01186,Old,Mobile,0,
CS-01187,Old,Mobile,0,
CS-01188,New,Mobile,0,
CS-01189,Old,Desktop,0,
CS-01190,New,Desktop,0,
CS-01191,Old,Desktop,0,
CS-01192,New,Desktop,0,
CS-01193,New,Desktop,0,
CS-01194,Old,Mobile,0,
CS-01195,Old,Mobile,0,
CS-01196,New,Desktop,0,
CS-01197,Old,Desktop,0,
CS-01198,Old,Mobile,0,
CS-01199,Old,Mobile,0,
CS-01200,New,Mobile,0,
CS-01201,New,Mobile,0,
CS-01202,Old,Desktop,0,
CS-01203,Old,Desktop,0,
CS-01204,New,Mobile,0,
CS-01205,Old,Mobile,0,
CS-01206,Old,Mobile,0,
CS-01207,Old,Desktop,0,
CS-01208,Old,Mobile,0,
CS-01209,Old,Mobile,0,
CS-01210,New,Mobile,0,
CS-01211,New,Desktop,0,
CS-01212,Old,Desktop,0,
CS-01213,Old,Desktop,0,
CS-01214,Old,Mobile,0,
CS-01215,New,Desktop,0,
CS-01216,Old,Desktop,0,
CS-01217,New,Mobile,0,
CS-01218,Old,Mobile,0,
CS-01219,New,Mobile,0,
CS-01220,Old,Desktop,0,
CS-01221,New,Desktop,1,728.56
CS-01222,Old,Mobile,0,
CS-01223,Old,Desktop,0,
CS-01224,New,Desktop,0,
CS-01225,Old,Desktop,0,
CS-01226,New,Desktop,0,
CS-01227,Old,Mobile,0,
CS-01228,Old,Desktop,0,
CS-01229,New,Mobile,0,
CS-01230,Old,Mobile,0,
CS-01231,Old,Desktop,0,
CS-01232,New,Desktop,0,
CS-01233,New,Desktop,1,639.87
CS-01234,New,Desktop,0,
CS-01235,Old,Mobile,0,
CS-01236,New,Mobile,0,
CS-01237,Old,Desktop,0,
CS-01238,New,Desktop,1,517.21
CS-01239,New,Mobile,0,
CS-01240,Old,Mobile,0,
CS-01241,Old,Desktop,0,
CS-01242,New,Mobile,0,
CS-01243,New,Desktop,0,
CS-01244,New,Desktop,0,
CS-01245,Old,Desktop,0,
CS-01246,New,Desktop,0,
CS-01247,New,Mobile,1,517.12
CS-01248,Old,Desktop,0,
CS-01249,New,Mobile,0,
CS-01250,Old,Mobile,0,
CS-01251,Old,Mobile,0,
CS-01252,New,Desktop,0,
CS-01253,Old,Desktop,1,152.81
CS-01254,New,Mobile,0,
CS-01255,New,Mobile,0,
CS-01256,Old,Desktop,0,
CS-01257,Old,Desktop,0,
CS-01258,New,Mobile,0,
CS-01259,New,Mobile,0,
CS-01260,New,Mobile,1,659.54
CS-01261,New,Mobile,0,
CS-01262,New,Desktop,0,
CS-01263,Old,Mobile,0,
CS-01264,New,Mobile,0,
CS-01265,New,Desktop,0,
CS-01266,Old,Desktop,1,647.08
CS-01267,New,Mobile,0,
CS-01268,Old,Mobile,0,
CS-01269,New,Mobile,0,
CS-01270,Old,Mobile,0,
CS-01271,New,Desktop,0,
CS-01272,New,Desktop,0,
CS-01273,Old,Desktop,0,
CS-01274,Old,Mobile,0,
CS-01275,Old,Mobile,0,
CS-01276,New,Desktop,1,529.39
CS-01277,New,Desktop,0,
CS-01278,New,Mobile,0,
CS-01279,Old,Desktop,0,
CS-01280,Old,Mobile,0,
CS-01281,Old,Mobile,0,
CS-01282,New,Desktop,0,
CS-01283,New,Desktop,0,
CS-01284,Old,Desktop,0,
CS-01285,New,Mobile,0,
CS-01286,New,Mobile,0,
CS-01287,Old,Mobile,0,
CS-01288,Old,Mobile,0,
CS-01289,New,Mobile,0,
CS-01290,New,Desktop,0,
CS-01291,New,Desktop,0,
CS-01292,New,Desktop,0,
CS-01293,New,Desktop,0,
CS-01294,New,Desktop,0,
CS-01295,New,Desktop,0,
CS-01296,New,Mobile,0,
CS-01297,New,Mobile,0,
CS-01298,New,Mobile,0,
CS-01299,New,Mobile,0,
CS-01300,Old,Desktop,0,
CS-01301,New,Desktop,0,
CS-01302,Old,Desktop,0,
CS-01303,New,Mobile,0,
CS-01304,Old,Mobile,0,
CS-01305,New,Mobile,0,
CS-01306,Old,Mobile,0,
CS-01307,New,Mobile,0,
CS-01308,New,Desktop,0,
CS-01309,New,Desktop,0,
CS-01310,Old,Desktop,0,
CS-01311,Old,Mobile,0,
CS-01312,Old,Desktop,0,
CS-01313,New,Mobile,0,
CS-01314,Old,Desktop,0,
CS-01315,New,Mobile,0,
CS-01316,New,Desktop,0,
CS-01317,Old,Mobile,0,
CS-01318,New,Mobile,0,
CS-01319,New,Desktop,0,
CS-01320,Old,Mobile,0,
CS-01321,Old,Mobile,0,
CS-01322,New,Desktop,0,
CS-01323,Old,Desktop,0,
CS-01324,New,Mobile,0,
CS-01325,Old,Mobile,0,
CS-01326,Old,Mobile,0,
CS-01327,New,Mobile,0,
CS-01328,New,Mobile,0,
CS-01329,New,Mobile,0,
CS-01330,Old,Mobile,1,709.79
CS-01331,New,Mobile,1,659.77
CS-01332,New,Mobile,0,
CS-01333,Old,Mobile,0,
CS-01334,Old,Mobile,0,
CS-01335,New,Desktop,0,
CS-01336,New,Desktop,0,
CS-01337,New,Mobile,0,
CS-01338,Old,Mobile,0,
CS-01339,New,Desktop,0,
CS-01340,New,Mobile,0,
CS-01341,Old,Mobile,0,
CS-01342,Old,Desktop,0,
CS-01343,Old,Mobile,1,891.65
CS-01344,New,Mobile,1,487.22
CS-01345,Old,Desktop,0,
CS-01346,New,Desktop,0,
CS-01347,Old,Mobile,0,
CS-01348,Old,Mobile,0,
CS-01349,Old,Desktop,0,
CS-01350,New,Desktop,1,383.66
CS-01351,Old,Desktop,0,
CS-01352,Old,Mobile,0,
CS-01353,New,Mobile,0,
CS-01354,Old,Mobile,0,
CS-01355,New,Mobile,0,
CS-01356,Old,Desktop,0,
CS-01357,New,Mobile,0,
CS-01358,Old,Desktop,0,
CS-01359,New,Mobile,0,
CS-01360,Old,Mobile,0,
CS-01361,Old,Mobile,0,
CS-01362,New,Desktop,0,
CS-01363,New,Desktop,0,
CS-01364,New,Desktop,0,
CS-01365,New,Mobile,0,
CS-01366,New,Desktop,0,
CS-01367,New,Mobile,0,
CS-01368,Old,Desktop,0,
CS-01369,Old,Mobile,0,
CS-01370,Old,Desktop,0,
CS-01371,New,Desktop,0,
CS-01372,New,Desktop,0,
CS-01373,Old,Mobile,0,
CS-01374,New,Desktop,0,
CS-01375,Old,Desktop,0,
CS-01376,New,Mobile,0,
CS-01377,Old,Mobile,0,
CS-01378,New,Desktop,0,
CS-01379,Old,Mobile,0,
CS-01380,Old,Mobile,0,
CS-01381,Old,Mobile,0,
CS-01382,Old,Desktop,0,
CS-01383,Old,Desktop,0,
CS-01384,New,Desktop,0,
CS-01385,Old,Desktop,0,
CS-01386,Old,Desktop,0,
CS-01387,Old,Mobile,0,
CS-01388,New,Desktop,1,679.43
CS-01389,New,Mobile,0,
CS-01390,New,Desktop,0,
CS-01391,New,Mobile,0,
CS-01392,New,Desktop,0,
CS-01393,Old,Mobile,0,
CS-01394,Old,Mobile,0,
CS-01395,New,Mobile,0,
CS-01396,Old,Mobile,0,
CS-01397,New,Desktop,0,
CS-01398,Old,Desktop,0,
CS-01399,Old,Mobile,0,
CS-01400,New,Desktop,0,
CS-01401,Old,Mobile,0,
CS-01402,New,Desktop,0,
CS-01403,New,Desktop,0,
CS-01404,New,Mobile,0,
CS-01405,New,Desktop,0,
CS-01406,Old,Desktop,0,
CS-01407,Old,Mobile,0,
CS-01408,Old,Desktop,0,
CS-01409,New,Mobile,0,
CS-01410,New,Mobile,0,
CS-01411,New,Mobile,0,
CS-01412,New,Desktop,0,
CS-01413,New,Desktop,0,
CS-01414,New,Mobile,0,
CS-01415,New,Mobile,0,
CS-01416,New,Mobile,0,
CS-01417,New,Mobile,0,
CS-01418,Old,Desktop,1,188.77
CS-01419,Old,Mobile,0,
CS-01420,New,Desktop,1,270.12
CS-01421,New,Mobile,0,
CS-01422,Old,Mobile,0,
CS-01423,Old,Mobile,0,
CS-01424,Old,Desktop,0,
CS-01425,New,Desktop,0,
CS-01426,New,Mobile,0,
CS-01427,New,Mobile,0,
CS-01428,New,Desktop,0,
CS-01429,New,Mobile,0,
CS-01430,Old,Mobile,0,
CS-01431,Old,Desktop,0,
CS-01432,Old,Mobile,0,
CS-01433,New,Desktop,1,791.95
CS-01434,Old,Mobile,0,
CS-01435,New,Mobile,0,
CS-01436,Old,Desktop,0,
CS-01437,Old,Mobile,0,
CS-01438,New,Mobile,0,
CS-01439,Old,Mobile,0,
CS-01440,Old,Desktop,1,246.35
CS-01441,New,Desktop,0,
CS-01442,Old,Mobile,0,
CS-01443,New,Desktop,0,
CS-01444,Old,Mobile,0,
CS-01445,New,Mobile,0,
CS-01446,Old,Desktop,0,
CS-01447,New,Mobile,0,
CS-01448,New,Mobile,0,
CS-01449,New,Mobile,0,
CS-01450,Old,Desktop,0,
CS-01451,Old,Desktop,0,
CS-01452,New,Mobile,0,
CS-01453,Old,Desktop,0,
CS-01454,New,Mobile,0,
CS-01455,New,Desktop,0,
CS-01456,New,Mobile,1,750.31
CS-01457,New,Mobile,0,
CS-01458,Old,Mobile,0,
CS-01459,New,Mobile,0,
CS-01460,Old,Mobile,0,
CS-01461,Old,Desktop,0,
CS-01462,Old,Mobile,0,
CS-01463,New,Desktop,0,
CS-01464,Old,Desktop,0,
CS-01465,New,Desktop,0,
CS-01466,Old,Mobile,0,
CS-01467,Old,Mobile,0,
CS-01468,New,Mobile,0,
CS-01469,New,Desktop,0,
CS-01470,Old,Mobile,0,
CS-01471,Old,Mobile,0,
CS-01472,New,Desktop,0,
CS-01473,New,Mobile,0,
CS-01474,Old,Desktop,0,
CS-01475,Old,Mobile,0,
CS-01476,New,Desktop,0,
CS-01477,New,Desktop,0,
CS-01478,Old,Desktop,0,
CS-01479,New,Desktop,0,
CS-01480,New,Mobile,0,
CS-01481,Old,Mobile,0,
CS-01482,New,Mobile,0,
CS-01483,New,Mobile,0,
CS-01484,Old,Mobile,0,
CS-01485,Old,Desktop,0,
CS-01486,Old,Mobile,0,
CS-01487,New,Mobile,0,
CS-01488,Old,Mobile,0,
CS-01489,New,Mobile,0,
CS-01490,New,Mobile,0,
CS-01491,New,Mobile,0,
CS-01492,New,Mobile,0,
CS-01493,Old,Mobile,0,
CS-01494,New,Mobile,0,
CS-01495,New,Desktop,0,
CS-01496,New,Mobile,0,
CS-01497,New,Mobile,0,
CS-01498,New,Mobile,0,
CS-01499,Old,Desktop,0,
CS-01500,New,Mobile,0,
CS-01501,Old,Desktop,0,
CS-01502,Old,Mobile,0,
CS-01503,Old,Desktop,0,
CS-01504,New,Desktop,0,
CS-01505,Old,Mobile,0,
CS-01506,Old,Mobile,0,
CS-01507,Old,Mobile,0,
CS-01508,New,Desktop,0,
CS-01509,Old,Mobile,0,
CS-01510,Old,Mobile,0,
CS-01511,New,Desktop,0,
CS-01512,Old,Desktop,0,
CS-01513,Old,Mobile,0,
CS-01514,New,Desktop,0,
CS-01515,New,Desktop,0,
CS-01516,Old,Desktop,0,
CS-01517,New,Mobile,0,
CS-01518,Old,Desktop,0,
CS-01519,New,Mobile,1,885.38
CS-01520,Old,Mobile,0,
CS-01521,New,Desktop,0,
CS-01522,Old,Desktop,0,
CS-01523,New,Mobile,0,
CS-01524,Old,Desktop,0,
CS-01525,Old,Desktop,0,
CS-01526,New,Desktop,0,
CS-01527,Old,Mobile,0,
CS-01528,Old,Desktop,0,
CS-01529,New,Mobile,0,
CS-01530,New,Mobile,0,
CS-01531,Old,Desktop,0,
CS-01532,New,Mobile,0,
CS-01533,Old,Mobile,0,
CS-01534,Old,Mobile,0,
CS-01535,New,Mobile,0,
CS-01536,Old,Mobile,0,
CS-01537,Old,Mobile,0,
CS-01538,Old,Mobile,0,
CS-01539,New,Desktop,0,
CS-01540,Old,Mobile,0,
CS-01541,New,Desktop,0,
CS-01542,Old,Desktop,0,
CS-01543,Old,Mobile,0,
CS-01544,New,Mobile,0,
CS-01545,New,Desktop,0,
CS-01546,Old,Mobile,0,
CS-01547,Old,Mobile,0,
CS-01548,Old,Mobile,0,
CS-01549,New,Desktop,0,
CS-01550,Old,Mobile,0,
CS-01551,Old,Desktop,0,
CS-01552,New,Mobile,0,
CS-01553,Old,Desktop,0,
CS-01554,New,Desktop,0,
CS-01555,Old,Mobile,0,
CS-01556,New,Mobile,0,
CS-01557,Old,Mobile,0,
CS-01558,New,Desktop,0,
CS-01559,New,Mobile,0,
CS-01560,New,Mobile,0,
CS-01561,Old,Mobile,0,
CS-01562,Old,Desktop,0,
CS-01563,New,Desktop,0,
CS-01564,Old,Mobile,0,
CS-01565,New,Desktop,0,
CS-01566,New,Mobile,0,
CS-01567,New,Mobile,0,
CS-01568,Old,Mobile,0,
CS-01569,Old,Desktop,0,
CS-01570,Old,Mobile,0,
CS-01571,New,Mobile,0,
CS-01572,New,Mobile,0,
CS-01573,Old,Desktop,0,
CS-01574,New,Mobile,0,
CS-01575,Old,Mobile,0,
CS-01576,New,Mobile,0,
CS-01577,New,Mobile,0,
CS-01578,Old,Mobile,0,
CS-01579,Old,Desktop,0,
CS-01580,Old,Mobile,0,
CS-01581,New,Desktop,0,
CS-01582,Old,Desktop,1,356.78
CS-01583,Old,Mobile,0,
CS-01584,New,Desktop,0,
CS-01585,Old,Desktop,0,
CS-01586,Old,Mobile,0,
CS-01587,New,Desktop,0,
CS-01588,New,Desktop,0,
CS-01589,New,Mobile,0,
CS-01590,New,Mobile,0,
CS-01591,Old,Desktop,0,
CS-01592,New,Desktop,0,
CS-01593,Old,Desktop,0,
CS-01594,New,Desktop,0,
CS-01595,Old,Mobile,0,
CS-01596,New,Mobile,0,
CS-01597,Old,Mobile,0,
CS-01598,Old,Mobile,0,
CS-01599,New,Mobile,0,
CS-01600,New,Mobile,0,
CS-01601,New,Desktop,0,
CS-01602,New,Desktop,0,
CS-01603,New,Desktop,0,
CS-01604,Old,Mobile,0,
CS-01605,New,Mobile,0,
CS-01606,New,Mobile,0,
CS-01607,Old,Desktop,0,
CS-01608,Old,Mobile,0,
CS-01609,New,Mobile,0,
CS-01610,New,Desktop,1,858.23
CS-01611,New,Mobile,0,
CS-01612,New,Mobile,0,
CS-01613,Old,Mobile,0,
CS-01614,Old,Desktop,0,
CS-01615,Old,Mobile,0,
CS-01616,Old,Desktop,0,
CS-01617,Old,Mobile,0,
CS-01618,Old,Mobile,0,
CS-01619,New,Mobile,0,
CS-01620,New,Desktop,0,
CS-01621,New,Mobile,0,
CS-01622,New,Desktop,1,1127.19
CS-01623,Old,Mobile,0,
CS-01624,New,Mobile,1,575.65
CS-01625,Old,Mobile,0,
CS-01626,Old,Mobile,0,
CS-01627,New,Desktop,0,
CS-01628,Old,Mobile,0,
CS-01629,New,Mobile,0,
CS-01630,New,Mobile,0,
CS-01631,Old,Mobile,0,
CS-01632,New,Mobile,0,
CS-01633,Old,Mobile,0,
CS-01634,Old,Mobile,0,
CS-01635,New,Mobile,0,
CS-01636,New,Desktop,0,
CS-01637,New,Mobile,0,
CS-01638,New,Desktop,0,
CS-01639,New,Mobile,0,
CS-01640,New,Desktop,0,
CS-01641,New,Mobile,0,
CS-01642,New,Mobile,0,
CS-01643,New,Desktop,0,
CS-01644,Old,Mobile,1,919.46
CS-01645,New,Desktop,1,691.36
CS-01646,New,Mobile,0,
CS-01647,Old,Desktop,0,
CS-01648,New,Desktop,0,
CS-01649,New,Mobile,0,
CS-01650,Old,Mobile,0,
CS-01651,New,Mobile,0,
CS-01652,New,Mobile,0,
CS-01653,New,Mobile,0,
CS-01654,Old,Desktop,0,
CS-01655,New,Mobile,0,
CS-01656,Old,Mobile,0,
CS-01657,Old,Mobile,0,
CS-01658,Old,Desktop,0,
CS-01659,New,Mobile,0,
CS-01660,New,Mobile,0,
CS-01661,Old,Desktop,0,
CS-01662,Old,Mobile,1,299.1
CS-01663,Old,Desktop,0,
CS-01664,Old,Desktop,0,
CS-01665,Old,Mobile,0,
CS-01666,New,Desktop,0,
CS-01667,New,Mobile,0,
CS-01668,Old,Desktop,0,
CS-01669,New,Mobile,0,
CS-01670,Old,Desktop,0,
CS-01671,New,Mobile,0,
CS-01672,Old,Mobile,0,
CS-01673,New,Mobile,0,
CS-01674,Old,Mobile,0,
CS-01675,New,Desktop,1,845.1
CS-01676,New,Mobile,0,
CS-01677,New,Mobile,0,
CS-01678,Old,Mobile,0,
CS-01679,Old,Mobile,0,
CS-01680,Old,Mobile,0,
CS-01681,Old,Desktop,0,
CS-01682,New,Mobile,0,
CS-01683,New,Mobile,0,
CS-01684,New,Mobile,0,
CS-01685,New,Mobile,0,
CS-01686,New,Mobile,0,
CS-01687,New,Mobile,1,852.69
CS-01688,New,Desktop,0,
CS-01689,New,Mobile,0,
CS-01690,New,Desktop,0,
CS-01691,Old,Mobile,0,
CS-01692,Old,Desktop,0,
CS-01693,New,Mobile,0,
CS-01694,New,Mobile,0,
CS-01695,New,Mobile,0,
CS-01696,New,Desktop,0,
CS-01697,New,Mobile,0,
CS-01698,New,Desktop,0,
CS-01699,Old,Mobile,0,
CS-01700,New,Desktop,0,
CS-01701,New,Desktop,0,
CS-01702,Old,Mobile,0,
CS-01703,New,Desktop,0,
CS-01704,New,Mobile,0,
CS-01705,New,Mobile,0,
CS-01706,Old,Desktop,0,
CS-01707,New,Mobile,0,
CS-01708,New,Mobile,0,
CS-01709,Old,Mobile,0,
CS-01710,Old,Mobile,0,
CS-01711,New,Mobile,0,
CS-01712,New,Mobile,0,
CS-01713,New,Mobile,0,
CS-01714,New,Mobile,0,
CS-01715,Old,Desktop,0,
CS-01716,New,Mobile,0,
CS-01717,New,Desktop,0,
CS-01718,New,Mobile,0,
CS-01719,Old,Mobile,0,
CS-01720,New,Mobile,0,
CS-01721,Old,Desktop,0,
CS-01722,Old,Mobile,0,
CS-01723,Old,Desktop,0,
CS-01724,Old,Mobile,0,
CS-01725,Old,Mobile,0,
CS-01726,New,Mobile,0,
CS-01727,New,Mobile,0,
CS-01728,Old,Desktop,0,
CS-01729,New,Desktop,0,
CS-01730,New,Desktop,1,554.03
CS-01731,New,Mobile,0,
CS-01732,Old,Mobile,0,
CS-01733,New,Desktop,0,
CS-01734,Old,Mobile,1,908.44
CS-01735,Old,Desktop,0,
CS-01736,Old,Mobile,0,
CS-01737,New,Mobile,0,
CS-01738,Old,Desktop,0,
CS-01739,New,Desktop,0,
CS-01740,Old,Mobile,0,
CS-01741,New,Mobile,0,
CS-01742,Old,Mobile,0,
CS-01743,New,Mobile,0,
CS-01744,New,Mobile,0,
CS-01745,New,Mobile,0,
CS-01746,Old,Desktop,1,501.57
CS-01747,New,Mobile,1,612.23
CS-01748,Old,Mobile,0,
CS-01749,Old,Mobile,0,
CS-01750,Old,Desktop,0,
CS-01751,New,Mobile,0,
CS-01752,New,Mobile,0,
CS-01753,Old,Mobile,0,
CS-01754,Old,Mobile,0,
CS-01755,New,Mobile,1,801.53
CS-01756,Old,Mobile,0,
CS-01757,Old,Mobile,0,
CS-01758,New,Desktop,0,
CS-01759,Old,Mobile,0,
CS-01760,Old,Mobile,0,
CS-01761,New,Mobile,0,
CS-01762,New,Mobile,0,
CS-01763,Old,Mobile,0,
CS-01764,New,Mobile,0,
CS-01765,New,Desktop,0,
CS-01766,Old,Desktop,0,
CS-01767,Old,Mobile,0,
CS-01768,Old,Desktop,0,
CS-01769,Old,Mobile,0,
CS-01770,Old,Desktop,0,
CS-01771,Old,Mobile,0,
CS-01772,New,Mobile,0,
CS-01773,Old,Desktop,0,
CS-01774,New,Desktop,0,
CS-01775,Old,Mobile,0,
CS-01776,Old,Mobile,0,
CS-01777,New,Mobile,0,
CS-01778,New,Mobile,0,
CS-01779,New,Desktop,0,
CS-01780,New,Mobile,0,
CS-01781,Old,Desktop,0,
CS-01782,Old,Desktop,0,
CS-01783,Old,Mobile,0,
CS-01784,New,Desktop,0,
CS-01785,Old,Desktop,0,
CS-01786,Old,Desktop,0,
CS-01787,New,Desktop,0,
CS-01788,Old,Desktop,0,
CS-01789,Old,Mobile,0,
CS-01790,New,Desktop,0,
CS-01791,New,Mobile,0,
CS-01792,Old,Mobile,1,899.07
CS-01793,Old,Mobile,0,
CS-01794,Old,Desktop,0,
CS-01795,New,Mobile,0,
CS-01796,Old,Mobile,0,
CS-01797,Old,Desktop,0,
CS-01798,New,Mobile,0,
CS-01799,New,Desktop,0,
CS-01800,New,Mobile,0,
CS-01801,New,Mobile,0,
CS-01802,New,Mobile,0,
CS-01803,Old,Mobile,0,
CS-01804,Old,Mobile,0,
CS-01805,Old,Desktop,0,
CS-01806,New,Desktop,0,
CS-01807,Old,Mobile,0,
CS-01808,Old,Desktop,1,312.1
CS-01809,Old,Desktop,0,
CS-01810,New,Desktop,0,
CS-01811,New,Mobile,0,
CS-01812,Old,Desktop,1,440.14
CS-01813,New,Desktop,0,
CS-01814,Old,Desktop,0,
CS-01815,Old,Mobile,0,
CS-01816,New,Mobile,0,
CS-01817,New,Mobile,0,
CS-01818,Old,Mobile,0,
CS-01819,Old,Mobile,0,
CS-01820,New,Desktop,0,
CS-01821,New,Mobile,0,
CS-01822,Old,Mobile,1,273.64
CS-01823,Old,Mobile,0,
CS-01824,Old,Mobile,0,
CS-01825,Old,Mobile,0,
CS-01826,Old,Desktop,0,
CS-01827,New,Mobile,0,
CS-01828,Old,Mobile,0,
CS-01829,Old,Mobile,0,
CS-01830,Old,Mobile,0,
CS-01831,Old,Mobile,0,
CS-01832,New,Mobile,0,
CS-01833,New,Desktop,0,
CS-01834,Old,Mobile,0,
CS-01835,New,Desktop,0,
CS-01836,New,Desktop,0,
CS-01837,New,Mobile,0,
CS-01838,New,Mobile,1,850.32
CS-01839,New,Mobile,0,
CS-01840,New,Mobile,0,
CS-01841,New,Desktop,0,
CS-01842,Old,Desktop,0,
CS-01843,New,Desktop,1,443.44
CS-01844,Old,Desktop,0,
CS-01845,New,Desktop,0,
CS-01846,Old,Desktop,0,
CS-01847,New,Mobile,0,
CS-01848,Old,Mobile,0,
CS-01849,Old,Desktop,0,
CS-01850,Old,Mobile,0,
CS-01851,New,Mobile,0,
CS-01852,Old,Mobile,0,
CS-01853,New,Mobile,0,
CS-01854,New,Desktop,0,
CS-01855,New,Desktop,0,
CS-01856,Old,Mobile,0,
CS-01857,Old,Mobile,0,
CS-01858,Old,Mobile,0,
CS-01859,Old,Mobile,0,
CS-01860,Old,Desktop,0,
CS-01861,New,Mobile,0,
CS-01862,Old,Mobile,0,
CS-01863,Old,Desktop,0,
CS-01864,Old,Desktop,0,
CS-01865,Old,Mobile,0,
CS-01866,New,Mobile,0,
CS-01867,New,Mobile,0,
CS-01868,Old,Mobile,0,
CS-01869,Old,Mobile,0,
CS-01870,Old,Desktop,0,
CS-01871,Old,Desktop,0,
CS-01872,Old,Desktop,0,
CS-01873,Old,Mobile,0,
CS-01874,New,Mobile,0,
CS-01875,Old,Mobile,0,
CS-01876,Old,Desktop,0,
CS-01877,New,Mobile,0,
CS-01878,New,Desktop,0,
CS-01879,Old,Mobile,0,
CS-01880,New,Mobile,1,538.62
CS-01881,New,Mobile,0,
CS-01882,New,Mobile,0,
CS-01883,Old,Mobile,0,
CS-01884,New,Mobile,0,
CS-01885,New,Mobile,0,
CS-01886,Old,Mobile,0,
CS-01887,New,Mobile,0,
CS-01888,New,Mobile,0,
CS-01889,Old,Desktop,0,
CS-01890,New,Desktop,0,
CS-01891,Old,Mobile,0,
CS-01892,Old,Mobile,0,
CS-01893,New,Mobile,0,
CS-01894,Old,Desktop,0,
CS-01895,New,Mobile,0,
CS-01896,Old,Mobile,0,
CS-01897,New,Desktop,0,
CS-01898,Old,Mobile,0,
CS-01899,Old,Mobile,0,
CS-01900,New,Desktop,0,
CS-01901,New,Mobile,0,
CS-01902,New,Mobile,0,
CS-01903,New,Mobile,0,
CS-01904,New,Mobile,0,
CS-01905,Old,Mobile,0,
CS-01906,New,Desktop,0,
CS-01907,Old,Desktop,0,
CS-01908,New,Mobile,0,
CS-01909,Old,Mobile,0,
CS-01910,New,Desktop,0,
CS-01911,Old,Desktop,0,
CS-01912,Old,Mobile,0,
CS-01913,New,Mobile,0,
CS-01914,New,Desktop,0,
CS-01915,New,Desktop,0,
CS-01916,Old,Mobile,0,
CS-01917,New,Desktop,1,89.0
CS-01918,Old,Mobile,0,
CS-01919,New,Desktop,0,
CS-01920,Old,Desktop,0,
CS-01921,New,Mobile,0,
CS-01922,Old,Mobile,0,
CS-01923,Old,Mobile,0,
CS-01924,Old,Mobile,0,
CS-01925,Old,Mobile,0,
CS-01926,New,Mobile,1,569.94
CS-01927,Old,Mobile,0,
CS-01928,New,Mobile,0,
CS-01929,Old,Desktop,0,
CS-01930,Old,Mobile,0,
CS-01931,Old,Desktop,0,
CS-01932,New,Mobile,0,
CS-01933,Old,Mobile,0,
CS-01934,New,Desktop,1,637.36
CS-01935,Old,Mobile,0,
CS-01936,Old,Mobile,0,
CS-01937,Old,Mobile,0,
CS-01938,New,Mobile,0,
CS-01939,Old,Mobile,0,
CS-01940,New,Mobile,0,
CS-01941,New,Mobile,0,
CS-01942,New,Desktop,1,871.42
CS-01943,New,Mobile,0,
CS-01944,New,Mobile,0,
CS-01945,Old,Mobile,0,
CS-01946,Old,Mobile,0,
CS-01947,Old,Desktop,0,
CS-01948,Old,Mobile,0,
CS-01949,New,Mobile,0,
CS-01950,New,Desktop,0,
CS-01951,Old,Desktop,0,
CS-01952,New,Mobile,0,
CS-01953,New,Desktop,0,
CS-01954,New,Mobile,0,
CS-01955,Old,Mobile,0,
CS-01956,New,Mobile,0,
CS-01957,New,Mobile,0,
CS-01958,New,Mobile,0,
CS-01959,Old,Desktop,0,
CS-01960,Old,Desktop,0,
CS-01961,New,Mobile,0,
CS-01962,New,Mobile,0,
CS-01963,Old,Mobile,0,
CS-01964,Old,Mobile,0,
CS-01965,New,Desktop,0,
CS-01966,Old,Desktop,0,
CS-01967,Old,Mobile,0,
CS-01968,Old,Mobile,0,
CS-01969,Old,Mobile,0,
CS-01970,Old,Mobile,0,
CS-01971,New,Mobile,0,
CS-01972,Old,Desktop,0,
CS-01973,Old,Desktop,0,
CS-01974,Old,Mobile,0,
CS-01975,New,Mobile,1,506.04
CS-01976,Old,Mobile,0,
CS-01977,Old,Mobile,0,
CS-01978,New,Mobile,0,
CS-01979,Old,Desktop,0,
CS-01980,Old,Mobile,0,
CS-01981,New,Mobile,1,527.21
CS-01982,New,Mobile,0,
CS-01983,Old,Mobile,0,
CS-01984,New,Desktop,0,
CS-01985,Old,Mobile,0,
CS-01986,Old,Desktop,0,
CS-01987,Old,Mobile,0,
CS-01988,Old,Mobile,0,
CS-01989,New,Mobile,0,
CS-01990,Old,Mobile,0,
CS-01991,Old,Mobile,0,
CS-01992,New,Mobile,0,
CS-01993,Old,Mobile,0,
CS-01994,Old,Desktop,0,
CS-01995,Old,Mobile,0,
CS-01996,Old,Mobile,0,
CS-01997,New,Mobile,0,
CS-01998,Old,Desktop,0,
CS-01999,New,Mobile,0,
CS-02000,Old,Mobile,0,
CS-02001,Old,Desktop,0,
CS-02002,Old,Mobile,0,
CS-02003,Old,Desktop,0,
CS-02004,New,Mobile,0,
CS-02005,New,Mobile,0,
CS-02006,Old,Desktop,0,
CS-02007,Old,Mobile,0,
CS-02008,Old,Mobile,0,
CS-02009,New,Mobile,0,
CS-02010,Old,Mobile,0,
CS-02011,Old,Mobile,0,
CS-02012,New,Desktop,0,
CS-02013,New,Desktop,0,
CS-02014,New,Desktop,1,601.69
CS-02015,Old,Mobile,0,
CS-02016,New,Desktop,0,
CS-02017,New,Desktop,0,
CS-02018,Old,Desktop,0,
CS-02019,Old,Mobile,0,
CS-02020,New,Mobile,0,
CS-02021,Old,Mobile,0,
CS-02022,Old,Mobile,0,
CS-02023,New,Desktop,0,
CS-02024,Old,Mobile,0,
CS-02025,Old,Desktop,0,
CS-02026,New,Mobile,0,
CS-02027,New,Mobile,0,
CS-02028,Old,Mobile,0,
CS-02029,Old,Mobile,0,
CS-02030,Old,Mobile,0,
CS-02031,New,Mobile,0,
CS-02032,New,Mobile,0,
CS-02033,Old,Desktop,0,
CS-02034,New,Desktop,0,
CS-02035,New,Mobile,0,
CS-02036,New,Mobile,0,
CS-02037,Old,Desktop,0,
CS-02038,Old,Mobile,0,
CS-02039,Old,Desktop,0,
CS-02040,Old,Desktop,0,
CS-02041,Old,Mobile,0,
CS-02042,Old,Mobile,0,
CS-02043,New,Desktop,0,
CS-02044,Old,Mobile,0,
CS-02045,Old,Mobile,0,
CS-02046,New,Mobile,0,
CS-02047,Old,Mobile,0,
CS-02048,Old,Mobile,0,
CS-02049,New,Mobile,0,
CS-02050,New,Mobile,0,
CS-02051,New,Mobile,0,
CS-02052,Old,Mobile,0,
CS-02053,New,Desktop,0,
CS-02054,Old,Mobile,0,
CS-02055,New,Mobile,0,
CS-02056,Old,Mobile,0,
CS-02057,Old,Desktop,0,
CS-02058,New,Mobile,0,
CS-02059,Old,Desktop,0,
CS-02060,New,Desktop,0,
CS-02061,New,Desktop,0,
CS-02062,New,Mobile,0,
CS-02063,New,Mobile,0,
CS-02064,New,Mobile,0,
CS-02065,New,Mobile,0,
CS-02066,Old,Mobile,0,
CS-02067,New,Mobile,0,
CS-02068,Old,Mobile,0,
CS-02069,Old,Desktop,0,
CS-02070,Old,Mobile,0,
CS-02071,Old,Desktop,0,
CS-02072,New,Mobile,0,
CS-02073,New,Mobile,0,
CS-02074,New,Desktop,0,
CS-02075,Old,Desktop,0,
CS-02076,New,Mobile,0,
CS-02077,Old,Mobile,0,
CS-02078,New,Desktop,0,
CS-02079,Old,Desktop,0,
CS-02080,Old,Mobile,0,
CS-02081,Old,Mobile,0,
CS-02082,New,Mobile,0,
CS-02083,New,Mobile,0,
CS-02084,New,Mobile,0,
CS-02085,Old,Mobile,0,
CS-02086,Old,Mobile,0,
CS-02087,New,Mobile,0,
CS-02088,New,Desktop,0,
CS-02089,New,Desktop,0,
CS-02090,Old,Mobile,0,
CS-02091,Old,Mobile,0,
CS-02092,Old,Desktop,0,
CS-02093,Old,Mobile,0,
CS-02094,Old,Mobile,0,
CS-02095,New,Desktop,0,
CS-02096,Old,Desktop,0,
CS-02097,Old,Mobile,0,
CS-02098,Old,Mobile,0,
CS-02099,Old,Desktop,1,359.8
CS-02100,New,Desktop,1,579.18
CS-02101,Old,Mobile,0,
CS-02102,Old,Mobile,1,538.02
CS-02103,Old,Mobile,0,
CS-02104,Old,Mobile,0,
CS-02105,Old,Desktop,0,
CS-02106,New,Desktop,0,
CS-02107,New,Desktop,0,
CS-02108,New,Desktop,0,
CS-02109,Old,Mobile,0,
CS-02110,Old,Desktop,0,
CS-02111,Old,Desktop,1,529.88
CS-02112,Old,Mobile,0,
CS-02113,Old,Desktop,0,
CS-02114,New,Desktop,0,
CS-02115,Old,Mobile,0,
CS-02116,Old,Desktop,0,
CS-02117,Old,Desktop,0,
CS-02118,New,Desktop,0,
CS-02119,New,Desktop,0,
CS-02120,Old,Mobile,0,
CS-02121,New,Desktop,1,699.21
CS-02122,Old,Mobile,0,
CS-02123,New,Mobile,0,
CS-02124,New,Mobile,0,
CS-02125,New,Desktop,0,
CS-02126,Old,Desktop,0,
CS-02127,New,Desktop,0,
CS-02128,New,Mobile,0,
CS-02129,Old,Mobile,0,
CS-02130,New,Mobile,0,
CS-02131,Old,Mobile,0,
CS-02132,New,Mobile,0,
CS-02133,Old,Mobile,0,
CS-02134,New,Mobile,0,
CS-02135,New,Mobile,0,
CS-02136,New,Mobile,0,
CS-02137,Old,Desktop,0,
CS-02138,New,Desktop,0,
CS-02139,New,Mobile,0,
CS-02140,New,Desktop,0,
CS-02141,New,Mobile,0,
CS-02142,Old,Mobile,0,
CS-02143,Old,Mobile,0,
CS-02144,Old,Mobile,0,
CS-02145,New,Mobile,0,
CS-02146,Old,Mobile,0,
CS-02147,Old,Mobile,0,
CS-02148,Old,Mobile,0,
CS-02149,New,Mobile,0,
CS-02150,New,Desktop,0,
CS-02151,New,Desktop,0,
CS-02152,New,Mobile,1,508.09
CS-02153,New,Mobile,0,
CS-02154,New,Mobile,0,
CS-02155,Old,Mobile,0,
CS-02156,Old,Desktop,1,502.72
CS-02157,New,Desktop,0,
CS-02158,New,Desktop,0,
CS-02159,Old,Desktop,0,
CS-02160,Old,Mobile,0,
CS-02161,Old,Mobile,0,
CS-02162,Old,Desktop,0,
CS-02163,New,Mobile,1,699.85
CS-02164,New,Desktop,1,469.76
CS-02165,New,Mobile,0,
CS-02166,Old,Desktop,1,275.71
CS-02167,New,Desktop,0,
CS-02168,New,Mobile,0,
CS-02169,Old,Desktop,0,
CS-02170,Old,Desktop,0,
CS-02171,New,Desktop,0,
CS-02172,New,Mobile,1,920.04
CS-02173,Old,Desktop,0,
CS-02174,New,Mobile,0,
CS-02175,Old,Mobile,0,
CS-02176,New,Mobile,0,
CS-02177,New,Mobile,0,
CS-02178,New,Desktop,0,
CS-02179,Old,Mobile,0,
CS-02180,Old,Mobile,0,
CS-02181,New,Mobile,0,
CS-02182,Old,Mobile,0,
CS-02183,New,Mobile,0,
CS-02184,Old,Mobile,0,
CS-02185,Old,Mobile,0,
CS-02186,Old,Mobile,0,
CS-02187,Old,Mobile,0,
CS-02188,Old,Mobile,0,
CS-02189,Old,Mobile,0,
CS-02190,New,Desktop,0,
CS-02191,Old,Mobile,0,
CS-02192,New,Mobile,0,
CS-02193,New,Mobile,0,
CS-02194,New,Mobile,0,
CS-02195,New,Mobile,0,
CS-02196,New,Desktop,1,645.5
CS-02197,Old,Desktop,0,
CS-02198,Old,Desktop,0,
CS-02199,Old,Mobile,0,
CS-02200,New,Mobile,0,
CS-02201,New,Mobile,0,
CS-02202,New,Mobile,0,
CS-02203,New,Mobile,0,
CS-02204,Old,Mobile,0,
CS-02205,Old,Mobile,0,
CS-02206,New,Mobile,0,
CS-02207,Old,Desktop,0,
CS-02208,Old,Desktop,0,
CS-02209,New,Desktop,1,465.62
CS-02210,New,Desktop,0,
CS-02211,New,Mobile,0,
CS-02212,New,Mobile,0,
CS-02213,Old,Mobile,1,326.7
CS-02214,Old,Mobile,0,
CS-02215,New,Mobile,0,
CS-02216,Old,Mobile,0,
CS-02217,New,Desktop,0,
CS-02218,Old,Mobile,0,
CS-02219,New,Desktop,0,
CS-02220,Old,Desktop,0,
CS-02221,Old,Desktop,0,
CS-02222,New,Desktop,0,
CS-02223,New,Mobile,0,
CS-02224,Old,Mobile,0,
CS-02225,New,Mobile,0,
CS-02226,New,Desktop,0,
CS-02227,New,Desktop,0,
CS-02228,New,Desktop,0,
CS-02229,New,Mobile,0,
CS-02230,New,Mobile,0,
CS-02231,Old,Mobile,0,
CS-02232,New,Desktop,0,
CS-02233,Old,Desktop,0,
CS-02234,Old,Mobile,0,
CS-02235,New,Mobile,0,
CS-02236,Old,Mobile,0,
CS-02237,New,Mobile,0,
CS-02238,New,Mobile,0,
CS-02239,New,Mobile,0,
CS-02240,Old,Mobile,0,
CS-02241,New,Desktop,0,
CS-02242,Old,Mobile,0,
CS-02243,Old,Mobile,0,
CS-02244,New,Desktop,0,
CS-02245,Old,Mobile,1,364.93
CS-02246,Old,Mobile,0,
CS-02247,New,Desktop,0,
CS-02248,New,Mobile,0,
CS-02249,New,Mobile,0,
CS-02250,New,Mobile,0,
CS-02251,Old,Desktop,0,
CS-02252,New,Mobile,0,
CS-02253,Old,Mobile,0,
CS-02254,New,Mobile,0,
CS-02255,New,Mobile,0,
CS-02256,Old,Mobile,0,
CS-02257,Old,Mobile,0,
CS-02258,New,Desktop,0,
CS-02259,Old,Desktop,0,
CS-02260,New,Mobile,0,
CS-02261,New,Mobile,0,
CS-02262,New,Mobile,0,
CS-02263,Old,Mobile,0,
CS-02264,New,Mobile,0,
CS-02265,Old,Desktop,0,
CS-02266,New,Desktop,0,
CS-02267,Old,Desktop,0,
CS-02268,New,Mobile,0,
CS-02269,Old,Mobile,0,
CS-02270,New,Mobile,0,
CS-02271,New,Mobile,0,
CS-02272,New,Mobile,0,
CS-02273,New,Mobile,1,776.03
CS-02274,New,Desktop,0,
CS-02275,New,Mobile,0,
CS-02276,New,Desktop,0,
CS-02277,New,Desktop,0,
CS-02278,Old,Mobile,0,
CS-02279,Old,Mobile,0,
CS-02280,New,Desktop,0,
CS-02281,New,Mobile,0,
CS-02282,Old,Desktop,0,
CS-02283,New,Mobile,0,
CS-02284,Old,Desktop,0,
CS-02285,Old,Mobile,0,
CS-02286,Old,Desktop,0,
CS-02287,Old,Mobile,0,
CS-02288,New,Mobile,0,
CS-02289,New,Desktop,0,
CS-02290,Old,Mobile,0,
CS-02291,Old,Desktop,0,
CS-02292,New,Desktop,0,
CS-02293,New,Mobile,0,
CS-02294,New,Mobile,0,
CS-02295,Old,Mobile,0,
CS-02296,New,Mobile,0,
CS-02297,New,Mobile,0,
CS-02298,New,Desktop,0,
CS-02299,Old,Mobile,0,
CS-02300,Old,Mobile,0,
CS-02301,New,Mobile,0,
CS-02302,Old,Mobile,1,512.42
CS-02303,New,Mobile,0,
CS-02304,New,Desktop,0,
CS-02305,Old,Mobile,0,
CS-02306,Old,Mobile,0,
CS-02307,New,Desktop,0,
CS-02308,Old,Desktop,0,
CS-02309,Old,Mobile,0,
CS-02310,Old,Mobile,0,
CS-02311,New,Mobile,0,
CS-02312,New,Desktop,0,
CS-02313,Old,Desktop,0,
CS-02314,Old,Mobile,0,
CS-02315,New,Desktop,0,
CS-02316,New,Mobile,0,
CS-02317,Old,Mobile,0,
CS-02318,New,Desktop,0,
CS-02319,Old,Mobile,1,592.35
CS-02320,Old,Mobile,0,
CS-02321,New,Mobile,0,
CS-02322,New,Desktop,0,
CS-02323,Old,Desktop,0,
CS-02324,New,Desktop,0,
CS-02325,Old,Mobile,0,
CS-02326,New,Desktop,0,
CS-02327,New,Desktop,1,933.42
CS-02328,New,Mobile,1,1004.78
CS-02329,Old,Mobile,0,
CS-02330,New,Desktop,0,
CS-02331,New,Mobile,0,
CS-02332,Old,Mobile,0,
CS-02333,Old,Desktop,0,
CS-02334,Old,Desktop,0,
CS-02335,Old,Mobile,0,
CS-02336,New,Desktop,0,
CS-02337,Old,Desktop,1,527.13
CS-02338,New,Mobile,0,
CS-02339,Old,Mobile,0,
CS-02340,Old,Desktop,0,
CS-02341,New,Desktop,0,
CS-02342,New,Mobile,0,
CS-02343,New,Mobile,0,
CS-02344,New,Mobile,0,
CS-02345,New,Mobile,0,
CS-02346,Old,Desktop,0,
CS-02347,New,Mobile,0,
CS-02348,New,Desktop,0,
CS-02349,New,Mobile,0,
CS-02350,Old,Mobile,0,
CS-02351,New,Mobile,0,
CS-02352,Old,Mobile,0,
CS-02353,Old,Mobile,0,
CS-02354,Old,Desktop,0,
CS-02355,Old,Mobile,0,
CS-02356,Old,Mobile,0,
CS-02357,New,Mobile,0,
CS-02358,New,Mobile,0,
CS-02359,New,Mobile,1,670.54
CS-02360,Old,Mobile,0,
CS-02361,New,Mobile,0,
CS-02362,New,Mobile,0,
CS-02363,Old,Mobile,0,
CS-02364,Old,Desktop,0,
CS-02365,New,Mobile,0,
CS-02366,New,Mobile,0,
CS-02367,New,Mobile,0,
CS-02368,New,Mobile,1,818.89
CS-02369,Old,Mobile,0,
CS-02370,New,Desktop,0,
CS-02371,Old,Desktop,1,588.61
CS-02372,New,Mobile,0,
CS-02373,New,Desktop,0,
CS-02374,New,Mobile,0,
CS-02375,Old,Mobile,0,
CS-02376,Old,Desktop,0,
CS-02377,New,Mobile,0,
CS-02378,Old,Mobile,0,
CS-02379,Old,Mobile,0,
CS-02380,Old,Mobile,0,
CS-02381,Old,Mobile,0,
CS-02382,Old,Desktop,0,
CS-02383,New,Desktop,0,
CS-02384,New,Mobile,0,
CS-02385,Old,Desktop,0,
CS-02386,New,Mobile,1,657.82
CS-02387,New,Mobile,0,
CS-02388,New,Desktop,0,
CS-02389,New,Desktop,0,
CS-02390,New,Mobile,0,
CS-02391,New,Mobile,0,
CS-02392,Old,Desktop,0,
CS-02393,Old,Mobile,0,
CS-02394,Old,Desktop,0,
CS-02395,Old,Desktop,0,
CS-02396,New,Desktop,0,
CS-02397,Old,Desktop,0,
CS-02398,New,Desktop,0,
CS-02399,Old,Mobile,0,
CS-02400,Old,Mobile,0,
CS-02401,Old,Mobile,0,
CS-02402,Old,Desktop,0,
CS-02403,New,Desktop,0,
CS-02404,New,Mobile,0,
CS-02405,New,Desktop,0,
CS-02406,New,Mobile,0,
CS-02407,Old,Desktop,0,
CS-02408,Old,Mobile,1,723.53
CS-02409,Old,Mobile,0,
CS-02410,New,Mobile,0,
CS-02411,New,Mobile,0,
CS-02412,New,Mobile,0,
CS-02413,Old,Desktop,0,
CS-02414,Old,Desktop,0,
CS-02415,Old,Desktop,0,
CS-02416,New,Mobile,0,
CS-02417,New,Mobile,0,
CS-02418,Old,Desktop,0,
CS-02419,Old,Mobile,0,
CS-02420,Old,Desktop,0,
CS-02421,New,Mobile,0,
CS-02422,New,Desktop,0,
CS-02423,Old,Mobile,0,
CS-02424,Old,Desktop,0,
CS-02425,New,Mobile,0,
CS-02426,New,Mobile,0,
CS-02427,Old,Desktop,0,
CS-02428,Old,Mobile,0,
CS-02429,New,Mobile,0,
CS-02430,New,Mobile,0,
CS-02431,Old,Desktop,0,
CS-02432,Old,Desktop,0,
CS-02433,New,Mobile,0,
CS-02434,Old,Desktop,0,
CS-02435,Old,Mobile,0,
CS-02436,Old,Mobile,0,
CS-02437,Old,Desktop,0,
CS-02438,Old,Desktop,0,
CS-02439,New,Desktop,0,
CS-02440,New,Mobile,0,
CS-02441,Old,Mobile,0,
CS-02442,Old,Desktop,0,
CS-02443,New,Mobile,0,
CS-02444,Old,Desktop,1,956.9
CS-02445,New,Mobile,0,
CS-02446,New,Mobile,0,
CS-02447,Old,Desktop,0,
CS-02448,New,Mobile,0,
CS-02449,Old,Mobile,0,
CS-02450,Old,Mobile,0,
CS-02451,New,Desktop,0,
CS-02452,Old,Mobile,0,
CS-02453,New,Desktop,0,
CS-02454,New,Mobile,0,
CS-02455,Old,Mobile,0,
CS-02456,New,Desktop,0,
CS-02457,Old,Mobile,0,
CS-02458,Old,Desktop,0,
CS-02459,New,Mobile,1,115.7
CS-02460,Old,Mobile,0,
CS-02461,New,Desktop,0,
CS-02462,New,Mobile,0,
CS-02463,New,Mobile,0,
CS-02464,Old,Mobile,0,
CS-02465,Old,Mobile,0,
CS-02466,Old,Mobile,0,
CS-02467,New,Mobile,0,
CS-02468,New,Mobile,0,
CS-02469,Old,Mobile,0,
CS-02470,New,Mobile,0,
CS-02471,New,Mobile,0,
CS-02472,Old,Mobile,0,
CS-02473,New,Desktop,0,
CS-02474,Old,Desktop,0,
CS-02475,Old,Mobile,0,
CS-02476,New,Mobile,0,
CS-02477,Old,Desktop,0,
CS-02478,Old,Desktop,0,
CS-02479,New,Mobile,0,
CS-02480,New,Desktop,1,609.17
CS-02481,Old,Mobile,0,
CS-02482,Old,Mobile,0,
CS-02483,Old,Desktop,0,
CS-02484,Old,Mobile,0,
CS-02485,Old,Mobile,0,
CS-02486,Old,Mobile,0,
CS-02487,New,Mobile,0,
CS-02488,New,Mobile,0,
CS-02489,New,Mobile,0,
CS-02490,Old,Mobile,0,
CS-02491,New,Desktop,1,678.76
CS-02492,New,Desktop,0,
CS-02493,Old,Mobile,0,
CS-02494,Old,Mobile,0,
CS-02495,Old,Desktop,0,
CS-02496,New,Mobile,0,
CS-02497,New,Desktop,0,
CS-02498,New,Mobile,0,
CS-02499,New,Mobile,0,
CS-02500,New,Mobile,0,
CS-02501,Old,Mobile,0,
CS-02502,Old,Desktop,0,
CS-02503,New,Mobile,0,
CS-02504,New,Desktop,0,
CS-02505,New,Desktop,0,
CS-02506,Old,Mobile,0,
CS-02507,New,Desktop,0,
CS-02508,New,Desktop,0,
CS-02509,New,Desktop,0,
CS-02510,Old,Mobile,0,
CS-02511,Old,Mobile,0,
CS-02512,New,Mobile,0,
CS-02513,Old,Mobile,0,
CS-02514,Old,Mobile,0,
CS-02515,Old,Mobile,0,
CS-02516,New,Mobile,0,
CS-02517,Old,Mobile,0,
CS-02518,New,Desktop,0,
CS-02519,New,Desktop,0,
CS-02520,New,Desktop,0,
CS-02521,Old,Desktop,0,
CS-02522,Old,Mobile,0,
CS-02523,Old,Desktop,0,
CS-02524,New,Mobile,0,
CS-02525,Old,Mobile,0,
CS-02526,Old,Mobile,0,
CS-02527,New,Mobile,0,
CS-02528,Old,Mobile,0,
CS-02529,New,Desktop,1,657.98
CS-02530,Old,Mobile,0,
CS-02531,New,Desktop,0,
CS-02532,Old,Mobile,0,
CS-02533,Old,Mobile,0,
CS-02534,New,Mobile,0,
CS-02535,New,Desktop,1,583.36
CS-02536,New,Desktop,0,
CS-02537,Old,Mobile,0,
CS-02538,Old,Desktop,0,
CS-02539,New,Mobile,0,
CS-02540,Old,Desktop,0,
CS-02541,New,Mobile,0,
CS-02542,Old,Mobile,0,
CS-02543,New,Desktop,0,
CS-02544,New,Desktop,0,
CS-02545,Old,Desktop,0,
CS-02546,New,Desktop,0,
CS-02547,Old,Mobile,0,
CS-02548,New,Mobile,0,
CS-02549,New,Mobile,0,
CS-02550,New,Desktop,0,
CS-02551,New,Desktop,0,
CS-02552,New,Desktop,0,
CS-02553,Old,Mobile,0,
CS-02554,Old,Mobile,0,
CS-02555,New,Mobile,0,
CS-02556,Old,Mobile,0,
CS-02557,Old,Desktop,0,
CS-02558,Old,Mobile,0,
CS-02559,New,Desktop,0,
CS-02560,New,Mobile,0,
CS-02561,Old,Mobile,0,
CS-02562,New,Mobile,0,
CS-02563,New,Desktop,0,
CS-02564,New,Mobile,0,
CS-02565,New,Mobile,0,
CS-02566,New,Mobile,0,
CS-02567,Old,Desktop,0,
CS-02568,New,Mobile,0,
CS-02569,New,Desktop,1,685.99
CS-02570,New,Mobile,0,
CS-02571,New,Desktop,0,
CS-02572,Old,Mobile,0,
CS-02573,New,Mobile,0,
CS-02574,Old,Mobile,0,
CS-02575,Old,Mobile,0,
CS-02576,Old,Desktop,0,
CS-02577,Old,Mobile,0,
CS-02578,New,Desktop,0,
CS-02579,Old,Mobile,0,
CS-02580,Old,Desktop,0,
CS-02581,New,Mobile,0,
CS-02582,Old,Mobile,0,
CS-02583,Old,Mobile,0,
CS-02584,Old,Mobile,0,
CS-02585,Old,Mobile,0,
CS-02586,Old,Mobile,0,
CS-02587,Old,Mobile,0,
CS-02588,New,Mobile,0,
CS-02589,New,Desktop,0,
CS-02590,Old,Mobile,0,
CS-02591,New,Mobile,1,564.04
CS-02592,Old,Mobile,0,
CS-02593,Old,Mobile,0,
CS-02594,Old,Mobile,0,
CS-02595,New,Desktop,0,
CS-02596,Old,Mobile,0,
CS-02597,New,Mobile,0,
CS-02598,New,Mobile,0,
CS-02599,Old,Desktop,0,
CS-02600,Old,Mobile,0,
CS-02601,New,Desktop,0,
CS-02602,New,Mobile,0,
CS-02603,New,Mobile,0,
CS-02604,New,Mobile,0,
CS-02605,New,Mobile,0,
CS-02606,New,Mobile,0,
CS-02607,Old,Mobile,0,
CS-02608,Old,Desktop,0,
CS-02609,New,Desktop,0,
CS-02610,New,Desktop,0,
CS-02611,Old,Desktop,0,
CS-02612,New,Desktop,0,
CS-02613,Old,Mobile,0,
CS-02614,Old,Mobile,0,
CS-02615,New,Mobile,0,
CS-02616,Old,Mobile,0,
CS-02617,New,Mobile,1,718.27
CS-02618,Old,Desktop,0,
CS-02619,New,Desktop,0,
CS-02620,New,Desktop,0,
CS-02621,Old,Desktop,0,
CS-02622,New,Mobile,0,
CS-02623,Old,Mobile,0,
CS-02624,New,Mobile,0,
CS-02625,New,Mobile,0,
CS-02626,Old,Desktop,0,
CS-02627,New,Desktop,0,
CS-02628,New,Mobile,0,
CS-02629,Old,Desktop,1,418.13
CS-02630,Old,Mobile,0,
CS-02631,Old,Desktop,0,
CS-02632,New,Mobile,0,
CS-02633,New,Desktop,0,
CS-02634,Old,Mobile,0,
CS-02635,Old,Desktop,0,
CS-02636,Old,Desktop,0,
CS-02637,Old,Desktop,0,
CS-02638,New,Mobile,0,
CS-02639,Old,Mobile,0,
CS-02640,Old,Mobile,0,
CS-02641,New,Mobile,1,525.66
CS-02642,Old,Desktop,0,
CS-02643,New,Mobile,0,
CS-02644,New,Desktop,0,
CS-02645,Old,Mobile,0,
CS-02646,Old,Mobile,0,
CS-02647,Old,Mobile,0,
CS-02648,Old,Mobile,0,
CS-02649,Old,Desktop,0,
CS-02650,Old,Desktop,0,
CS-02651,Old,Mobile,0,
CS-02652,Old,Desktop,0,
CS-02653,New,Mobile,0,
CS-02654,Old,Desktop,0,
CS-02655,New,Mobile,0,
CS-02656,New,Mobile,0,
CS-02657,New,Desktop,0,
CS-02658,New,Mobile,0,
CS-02659,New,Desktop,0,
CS-02660,Old,Mobile,0,
CS-02661,Old,Mobile,0,
CS-02662,New,Desktop,0,
CS-02663,Old,Desktop,0,
CS-02664,New,Desktop,0,
CS-02665,Old,Desktop,0,
CS-02666,New,Mobile,0,
CS-02667,Old,Mobile,0,
CS-02668,New,Mobile,0,
CS-02669,New,Mobile,0,
CS-02670,New,Mobile,0,
CS-02671,New,Desktop,0,
CS-02672,Old,Mobile,0,
CS-02673,New,Desktop,0,
CS-02674,New,Desktop,0,
CS-02675,Old,Desktop,0,
CS-02676,Old,Mobile,0,
CS-02677,New,Mobile,0,
CS-02678,Old,Mobile,0,
CS-02679,New,Desktop,0,
CS-02680,New,Mobile,0,
CS-02681,Old,Mobile,0,
CS-02682,New,Mobile,0,
CS-02683,Old,Mobile,0,
CS-02684,Old,Mobile,0,
CS-02685,New,Mobile,0,
CS-02686,Old,Mobile,0,
CS-02687,New,Mobile,0,
CS-02688,New,Desktop,0,
CS-02689,Old,Desktop,0,
CS-02690,New,Desktop,1,296.08
CS-02691,New,Mobile,0,
CS-02692,New,Mobile,0,
CS-02693,New,Desktop,0,
CS-02694,New,Desktop,0,
CS-02695,Old,Mobile,0,
CS-02696,Old,Mobile,0,
CS-02697,New,Desktop,0,
CS-02698,Old,Desktop,0,
CS-02699,Old,Desktop,1,914.33
CS-02700,Old,Desktop,0,
CS-02701,Old,Mobile,0,
CS-02702,Old,Desktop,1,344.34
CS-02703,Old,Desktop,0,
CS-02704,Old,Mobile,0,
CS-02705,Old,Mobile,0,
CS-02706,Old,Mobile,0,
CS-02707,Old,Mobile,0,
CS-02708,Old,Mobile,0,
CS-02709,Old,Desktop,0,
CS-02710,Old,Mobile,0,
CS-02711,New,Mobile,0,
CS-02712,Old,Mobile,0,
CS-02713,Old,Desktop,0,
CS-02714,New,Mobile,0,
CS-02715,New,Mobile,0,
CS-02716,New,Mobile,0,
CS-02717,Old,Desktop,1,1079.67
CS-02718,New,Desktop,0,
CS-02719,Old,Mobile,0,
CS-02720,New,Mobile,0,
CS-02721,Old,Desktop,0,
CS-02722,New,Mobile,0,
CS-02723,New,Desktop,0,
CS-02724,New,Desktop,0,
CS-02725,Old,Mobile,0,
CS-02726,New,Mobile,0,
CS-02727,Old,Mobile,0,
CS-02728,New,Mobile,1,203.73
CS-02729,New,Desktop,0,
CS-02730,Old,Mobile,0,
CS-02731,New,Mobile,0,
CS-02732,Old,Mobile,0,
CS-02733,New,Mobile,0,
CS-02734,New,Desktop,0,
CS-02735,New,Mobile,0,
CS-02736,New,Desktop,0,
CS-02737,Old,Mobile,0,
CS-02738,Old,Mobile,0,
CS-02739,New,Desktop,0,
CS-02740,Old,Desktop,0,
CS-02741,Old,Desktop,0,
CS-02742,Old,Mobile,0,
CS-02743,New,Mobile,0,
CS-02744,Old,Desktop,0,
CS-02745,New,Desktop,0,
CS-02746,New,Mobile,0,
CS-02747,Old,Mobile,0,
CS-02748,Old,Desktop,0,
CS-02749,New,Mobile,0,
CS-02750,Old,Mobile,0,
CS-02751,New,Mobile,0,
CS-02752,New,Mobile,0,
CS-02753,Old,Desktop,0,
CS-02754,New,Desktop,0,
CS-02755,Old,Mobile,0,
CS-02756,New,Desktop,0,
CS-02757,New,Mobile,0,
CS-02758,Old,Desktop,0,
CS-02759,Old,Mobile,0,
CS-02760,Old,Desktop,0,
CS-02761,Old,Mobile,1,837.15
CS-02762,Old,Mobile,0,
CS-02763,Old,Mobile,0,
CS-02764,Old,Desktop,0,
CS-02765,Old,Mobile,0,
CS-02766,New,Mobile,0,
CS-02767,Old,Mobile,0,
CS-02768,Old,Mobile,0,
CS-02769,Old,Mobile,0,
CS-02770,New,Mobile,0,
CS-02771,Old,Mobile,0,
CS-02772,New,Mobile,0,
CS-02773,New,Mobile,0,
CS-02774,Old,Mobile,0,
CS-02775,New,Mobile,0,
CS-02776,New,Desktop,0,
CS-02777,New,Mobile,0,
CS-02778,Old,Mobile,0,
CS-02779,New,Mobile,0,
CS-02780,New,Mobile,0,
CS-02781,Old,Mobile,0,
CS-02782,New,Desktop,0,
CS-02783,New,Mobile,0,
CS-02784,Old,Mobile,0,
CS-02785,Old,Mobile,0,
CS-02786,New,Mobile,0,
CS-02787,New,Desktop,0,
CS-02788,Old,Mobile,0,
CS-02789,New,Mobile,0,
CS-02790,New,Mobile,0,
CS-02791,Old,Mobile,0,
CS-02792,Old,Mobile,0,
CS-02793,Old,Desktop,0,
CS-02794,New,Mobile,1,538.22
CS-02795,New,Desktop,0,
CS-02796,Old,Desktop,0,
CS-02797,New,Mobile,0,
CS-02798,New,Desktop,0,
CS-02799,New,Desktop,0,
CS-02800,New,Mobile,0,
CS-02801,Old,Desktop,0,
CS-02802,New,Mobile,0,
CS-02803,New,Desktop,0,
CS-02804,New,Mobile,0,
CS-02805,Old,Mobile,0,
CS-02806,New,Mobile,0,
CS-02807,Old,Desktop,0,
CS-02808,Old,Mobile,0,
CS-02809,Old,Mobile,0,
CS-02810,Old,Mobile,0,
CS-02811,New,Mobile,0,
CS-02812,Old,Desktop,0,
CS-02813,New,Mobile,0,
CS-02814,New,Desktop,0,
CS-02815,New,Mobile,0,
CS-02816,Old,Mobile,0,
CS-02817,Old,Mobile,0,
CS-02818,New,Desktop,0,
CS-02819,New,Mobile,0,
CS-02820,New,Desktop,0,
CS-02821,New,Desktop,0,
CS-02822,New,Desktop,0,
CS-02823,Old,Mobile,0,
CS-02824,New,Mobile,0,
CS-02825,Old,Mobile,0,
CS-02826,Old,Mobile,1,556.67
CS-02827,Old,Desktop,0,
CS-02828,New,Desktop,1,567.87
CS-02829,New,Mobile,0,
CS-02830,New,Desktop,0,
CS-02831,Old,Mobile,0,
CS-02832,New,Mobile,0,
CS-02833,Old,Desktop,0,
CS-02834,New,Mobile,0,
CS-02835,New,Desktop,0,
CS-02836,Old,Mobile,0,
CS-02837,Old,Desktop,0,
CS-02838,Old,Mobile,0,
CS-02839,Old,Desktop,0,
CS-02840,Old,Desktop,1,672.65
CS-02841,Old,Mobile,0,
CS-02842,New,Mobile,0,
CS-02843,New,Desktop,0,
CS-02844,Old,Mobile,0,
CS-02845,Old,Desktop,0,
CS-02846,New,Mobile,0,
CS-02847,New,Mobile,0,
CS-02848,Old,Mobile,0,
CS-02849,New,Desktop,1,375.88
CS-02850,New,Mobile,0,
CS-02851,New,Desktop,0,
CS-02852,Old,Mobile,0,
CS-02853,Old,Mobile,0,
CS-02854,New,Desktop,1,431.75
CS-02855,Old,Desktop,0,
CS-02856,New,Desktop,0,
CS-02857,Old,Mobile,0,
CS-02858,New,Mobile,0,
CS-02859,Old,Desktop,0,
CS-02860,Old,Desktop,0,
CS-02861,New,Desktop,0,
CS-02862,Old,Mobile,0,
CS-02863,Old,Desktop,0,
CS-02864,New,Mobile,0,
CS-02865,Old,Mobile,0,
CS-02866,New,Mobile,0,
CS-02867,Old,Desktop,1,408.91
CS-02868,New,Mobile,0,
CS-02869,New,Desktop,0,
CS-02870,Old,Desktop,0,
CS-02871,Old,Desktop,1,342.48
CS-02872,New,Mobile,0,
CS-02873,Old,Mobile,0,
CS-02874,New,Desktop,0,
CS-02875,Old,Desktop,0,
CS-02876,Old,Mobile,0,
CS-02877,Old,Desktop,0,
CS-02878,New,Mobile,0,
CS-02879,Old,Mobile,0,
CS-02880,Old,Mobile,0,
CS-02881,New,Desktop,0,
CS-02882,New,Mobile,0,
CS-02883,New,Mobile,0,
CS-02884,New,Mobile,0,
CS-02885,New,Desktop,0,
CS-02886,New,Desktop,0,
CS-02887,Old,Desktop,0,
CS-02888,New,Desktop,0,
CS-02889,New,Mobile,0,
CS-02890,New,Mobile,0,
CS-02891,Old,Desktop,0,
CS-02892,New,Desktop,0,
CS-02893,New,Mobile,0,
CS-02894,New,Mobile,0,
CS-02895,New,Desktop,0,
CS-02896,Old,Desktop,1,405.0
CS-02897,New,Mobile,0,
CS-02898,Old,Mobile,0,
CS-02899,Old,Mobile,0,
CS-02900,Old,Desktop,0,
CS-02901,New,Mobile,0,
CS-02902,Old,Mobile,0,
CS-02903,Old,Mobile,0,
CS-02904,Old,Desktop,0,
CS-02905,Old,Mobile,0,
CS-02906,Old,Mobile,0,
CS-02907,Old,Desktop,0,
CS-02908,Old,Mobile,0,
CS-02909,New,Mobile,0,
CS-02910,New,Mobile,0,
CS-02911,New,Mobile,0,
CS-02912,Old,Mobile,1,307.98
CS-02913,New,Mobile,0,
CS-02914,New,Mobile,0,
CS-02915,New,Mobile,1,602.34
CS-02916,New,Desktop,0,
CS-02917,New,Mobile,0,
CS-02918,New,Desktop,0,
CS-02919,Old,Mobile,0,
CS-02920,New,Mobile,0,
CS-02921,Old,Mobile,0,
CS-02922,Old,Mobile,0,
CS-02923,Old,Desktop,0,
CS-02924,Old,Desktop,0,
CS-02925,Old,Desktop,0,
CS-02926,New,Mobile,0,
CS-02927,New,Desktop,1,532.56
CS-02928,New,Mobile,0,
CS-02929,New,Mobile,0,
CS-02930,New,Desktop,0,
CS-02931,New,Mobile,0,
CS-02932,Old,Desktop,0,
CS-02933,New,Mobile,0,
CS-02934,Old,Mobile,1,590.76
CS-02935,New,Mobile,0,
CS-02936,Old,Desktop,1,380.28
CS-02937,New,Mobile,0,
CS-02938,Old,Desktop,0,
CS-02939,Old,Mobile,0,
CS-02940,New,Mobile,1,710.27
CS-02941,New,Mobile,0,
CS-02942,New,Mobile,0,
CS-02943,Old,Mobile,0,
CS-02944,New,Mobile,0,
CS-02945,Old,Mobile,0,
CS-02946,New,Desktop,0,
CS-02947,New,Mobile,0,
CS-02948,Old,Mobile,0,
CS-02949,Old,Desktop,0,
CS-02950,New,Mobile,0,
CS-02951,Old,Desktop,1,687.51
CS-02952,New,Mobile,0,
CS-02953,New,Mobile,0,
CS-02954,Old,Mobile,0,
CS-02955,New,Mobile,0,
CS-02956,Old,Mobile,0,
CS-02957,New,Mobile,0,
CS-02958,Old,Mobile,0,
CS-02959,Old,Desktop,0,
CS-02960,New,Mobile,0,
CS-02961,Old,Mobile,0,
CS-02962,New,Mobile,0,
CS-02963,Old,Mobile,0,
CS-02964,Old,Desktop,0,
CS-02965,Old,Desktop,0,
CS-02966,New,Desktop,1,983.29
CS-02967,Old,Desktop,0,
CS-02968,New,Desktop,0,
CS-02969,Old,Mobile,0,
CS-02970,Old,Mobile,0,
CS-02971,New,Desktop,1,916.14
CS-02972,New,Desktop,0,
CS-02973,New,Desktop,0,
CS-02974,New,Mobile,0,
CS-02975,New,Mobile,0,
CS-02976,New,Mobile,0,
CS-02977,New,Mobile,0,
CS-02978,Old,Mobile,0,
CS-02979,Old,Desktop,0,
CS-02980,Old,Mobile,0,
CS-02981,New,Mobile,0,
CS-02982,Old,Desktop,0,
CS-02983,New,Desktop,0,
CS-02984,New,Mobile,0,
CS-02985,Old,Desktop,0,
CS-02986,New,Mobile,0,
CS-02987,New,Desktop,0,
CS-02988,New,Mobile,0,
CS-02989,New,Desktop,0,
CS-02990,New,Desktop,0,
CS-02991,New,Mobile,0,
CS-02992,New,Desktop,0,
CS-02993,Old,Mobile,0,
CS-02994,New,Mobile,0,
CS-02995,New,Desktop,0,
CS-02996,Old,Desktop,0,
CS-02997,Old,Mobile,0,
CS-02998,New,Mobile,0,
CS-02999,New,Mobile,0,
CS-03000,Old,Desktop,1,632.61
CS-03001,Old,Mobile,0,
CS-03002,New,Desktop,0,
CS-03003,New,Mobile,1,900.32
CS-03004,New,Mobile,0,
CS-03005,New,Desktop,0,
CS-03006,Old,Mobile,0,
CS-03007,New,Desktop,0,
CS-03008,Old,Mobile,0,
CS-03009,New,Desktop,1,945.17
CS-03010,Old,Desktop,0,
CS-03011,Old,Mobile,0,
CS-03012,Old,Desktop,0,
CS-03013,New,Desktop,0,
CS-03014,New,Mobile,0,
CS-03015,Old,Mobile,0,
CS-03016,Old,Mobile,0,
CS-03017,Old,Mobile,0,
CS-03018,Old,Desktop,1,737.72
CS-03019,New,Mobile,0,
CS-03020,Old,Desktop,0,
CS-03021,New,Mobile,0,
CS-03022,Old,Desktop,0,
CS-03023,Old,Mobile,0,
CS-03024,Old,Mobile,0,
CS-03025,Old,Desktop,0,
CS-03026,New,Mobile,0,
CS-03027,Old,Desktop,0,
CS-03028,Old,Desktop,0,
CS-03029,New,Mobile,0,
CS-03030,New,Mobile,0,
CS-03031,New,Mobile,0,
CS-03032,Old,Desktop,0,
CS-03033,Old,Mobile,0,
CS-03034,Old,Mobile,0,
CS-03035,Old,Mobile,0,
CS-03036,New,Desktop,0,
CS-03037,New,Mobile,0,
CS-03038,New,Desktop,0,
CS-03039,Old,Mobile,0,
CS-03040,New,Desktop,0,
CS-03041,Old,Mobile,0,
CS-03042,Old,Mobile,0,
CS-03043,New,Mobile,0,
CS-03044,Old,Desktop,0,
CS-03045,New,Mobile,0,
CS-03046,New,Mobile,0,
CS-03047,New,Mobile,0,
CS-03048,New,Mobile,0,
CS-03049,Old,Desktop,0,
CS-03050,Old,Mobile,0,
CS-03051,Old,Mobile,0,
CS-03052,Old,Mobile,0,
CS-03053,New,Desktop,0,
CS-03054,New,Mobile,0,
CS-03055,Old,Mobile,0,
CS-03056,New,Desktop,0,
CS-03057,Old,Mobile,0,
CS-03058,Old,Desktop,0,
CS-03059,Old,Desktop,0,
CS-03060,Old,Mobile,0,
CS-03061,Old,Mobile,0,
CS-03062,New,Desktop,0,
CS-03063,New,Mobile,0,
CS-03064,Old,Mobile,0,
CS-03065,Old,Desktop,0,
CS-03066,Old,Mobile,0,
CS-03067,New,Desktop,0,
CS-03068,New,Mobile,0,
CS-03069,New,Mobile,0,
CS-03070,New,Desktop,0,
CS-03071,New,Mobile,0,
CS-03072,New,Desktop,0,
CS-03073,New,Mobile,0,
CS-03074,New,Mobile,0,
CS-03075,Old,Desktop,0,
CS-03076,New,Mobile,1,598.93
CS-03077,New,Mobile,0,
CS-03078,New,Mobile,0,
CS-03079,Old,Mobile,0,
CS-03080,New,Mobile,1,688.03
CS-03081,Old,Desktop,0,
CS-03082,New,Mobile,0,
CS-03083,New,Mobile,0,
CS-03084,Old,Desktop,0,
CS-03085,Old,Mobile,0,
CS-03086,New,Mobile,0,
CS-03087,New,Desktop,0,
CS-03088,Old,Desktop,0,
CS-03089,New,Mobile,0,
CS-03090,Old,Mobile,0,
CS-03091,Old,Desktop,0,
CS-03092,Old,Mobile,0,
CS-03093,New,Desktop,0,
CS-03094,Old,Desktop,0,
CS-03095,Old,Desktop,0,
CS-03096,New,Desktop,0,
CS-03097,Old,Desktop,0,
CS-03098,Old,Mobile,0,
CS-03099,New,Mobile,0,
CS-03100,New,Mobile,0,
CS-03101,New,Desktop,0,
CS-03102,Old,Desktop,0,
CS-03103,Old,Desktop,0,
CS-03104,New,Mobile,0,
CS-03105,Old,Mobile,0,
CS-03106,Old,Mobile,0,
CS-03107,New,Desktop,0,
CS-03108,Old,Desktop,0,
CS-03109,Old,Mobile,0,
CS-03110,Old,Desktop,0,
CS-03111,New,Mobile,0,
CS-03112,New,Desktop,1,642.43
CS-03113,New,Mobile,0,
CS-03114,New,Desktop,0,
CS-03115,New,Mobile,0,
CS-03116,New,Mobile,0,
CS-03117,New,Mobile,0,
CS-03118,New,Mobile,0,
CS-03119,New,Mobile,0,
CS-03120,New,Mobile,0,
CS-03121,New,Desktop,0,
CS-03122,New,Mobile,0,
CS-03123,New,Mobile,0,
CS-03124,Old,Mobile,0,
CS-03125,Old,Mobile,0,
CS-03126,New,Desktop,0,
CS-03127,Old,Mobile,0,
CS-03128,New,Desktop,0,
CS-03129,New,Desktop,0,
CS-03130,Old,Mobile,0,
CS-03131,Old,Mobile,0,
CS-03132,Old,Mobile,0,
CS-03133,New,Mobile,0,
CS-03134,New,Mobile,0,
CS-03135,Old,Desktop,0,
CS-03136,Old,Mobile,0,
CS-03137,Old,Desktop,0,
CS-03138,Old,Desktop,0,
CS-03139,New,Desktop,0,
CS-03140,Old,Desktop,1,796.3
CS-03141,New,Desktop,0,
CS-03142,New,Desktop,0,
CS-03143,New,Desktop,0,
CS-03144,Old,Desktop,1,407.67
CS-03145,New,Desktop,0,
CS-03146,Old,Desktop,0,
CS-03147,New,Desktop,0,
CS-03148,Old,Mobile,0,
CS-03149,New,Mobile,0,
CS-03150,Old,Mobile,0,
CS-03151,New,Mobile,0,
CS-03152,Old,Mobile,0,
CS-03153,New,Mobile,0,
CS-03154,New,Desktop,0,
CS-03155,Old,Desktop,0,
CS-03156,New,Mobile,0,
CS-03157,Old,Desktop,0,
CS-03158,Old,Mobile,0,
CS-03159,Old,Mobile,0,
CS-03160,New,Mobile,0,
CS-03161,New,Mobile,0,
CS-03162,Old,Desktop,0,
CS-03163,Old,Mobile,0,
CS-03164,New,Desktop,0,
CS-03165,New,Mobile,0,
CS-03166,New,Desktop,0,
CS-03167,New,Mobile,0,
CS-03168,Old,Desktop,0,
CS-03169,New,Mobile,0,
CS-03170,New,Mobile,0,
CS-03171,Old,Mobile,0,
CS-03172,Old,Mobile,0,
CS-03173,Old,Mobile,0,
CS-03174,Old,Mobile,0,
CS-03175,New,Mobile,0,
CS-03176,New,Desktop,0,
CS-03177,Old,Desktop,0,
CS-03178,Old,Mobile,0,
CS-03179,Old,Desktop,0,
CS-03180,Old,Mobile,0,
CS-03181,New,Desktop,0,
CS-03182,Old,Desktop,0,
CS-03183,Old,Mobile,0,
CS-03184,Old,Mobile,0,
CS-03185,Old,Mobile,0,
CS-03186,Old,Desktop,1,719.4
CS-03187,Old,Desktop,0,
CS-03188,New,Mobile,1,400.42
CS-03189,New,Mobile,0,
CS-03190,Old,Mobile,0,
CS-03191,Old,Mobile,1,89.0
CS-03192,Old,Desktop,0,
CS-03193,Old,Mobile,0,
CS-03194,Old,Mobile,0,
CS-03195,Old,Mobile,0,
CS-03196,New,Mobile,0,
CS-03197,Old,Mobile,0,
CS-03198,Old,Desktop,0,
CS-03199,New,Mobile,0,
CS-03200,New,Desktop,0,
CS-03201,Old,Desktop,0,
CS-03202,New,Mobile,0,
CS-03203,New,Mobile,1,603.08
CS-03204,New,Mobile,0,
CS-03205,New,Mobile,1,582.08
CS-03206,New,Desktop,0,
CS-03207,Old,Mobile,0,
CS-03208,Old,Desktop,0,
CS-03209,New,Desktop,0,
CS-03210,Old,Mobile,0,
CS-03211,Old,Desktop,0,
CS-03212,New,Mobile,0,
CS-03213,Old,Mobile,0,
CS-03214,New,Mobile,0,
CS-03215,New,Desktop,0,
CS-03216,Old,Desktop,0,
CS-03217,Old,Mobile,0,
CS-03218,Old,Desktop,0,
CS-03219,New,Mobile,0,
CS-03220,Old,Mobile,0,
CS-03221,Old,Mobile,0,
CS-03222,New,Desktop,0,
CS-03223,Old,Mobile,0,
CS-03224,Old,Desktop,0,
CS-03225,New,Mobile,0,
CS-03226,Old,Mobile,0,
CS-03227,Old,Desktop,0,
CS-03228,Old,Mobile,0,
CS-03229,New,Mobile,0,
CS-03230,New,Mobile,0,
CS-03231,Old,Desktop,0,
CS-03232,Old,Desktop,0,
CS-03233,Old,Desktop,0,
CS-03234,New,Mobile,0,
CS-03235,Old,Mobile,0,
CS-03236,Old,Mobile,0,
CS-03237,New,Desktop,0,
CS-03238,New,Mobile,0,
CS-03239,Old,Desktop,0,
CS-03240,Old,Desktop,0,
CS-03241,Old,Mobile,0,
CS-03242,New,Desktop,0,
CS-03243,New,Desktop,0,
CS-03244,Old,Desktop,0,
CS-03245,New,Mobile,1,735.27
CS-03246,Old,Desktop,0,
CS-03247,Old,Desktop,0,
CS-03248,New,Mobile,0,
CS-03249,New,Mobile,0,
CS-03250,Old,Desktop,0,
CS-03251,New,Desktop,0,
CS-03252,New,Mobile,0,
CS-03253,New,Desktop,1,471.49
CS-03254,New,Mobile,0,
CS-03255,New,Desktop,0,
CS-03256,Old,Mobile,0,
CS-03257,New,Mobile,0,
CS-03258,Old,Mobile,0,
CS-03259,New,Mobile,0,
CS-03260,New,Mobile,0,
CS-03261,New,Desktop,0,
CS-03262,New,Mobile,0,
CS-03263,New,Mobile,0,
CS-03264,Old,Mobile,0,
CS-03265,New,Mobile,0,
CS-03266,Old,Desktop,0,
CS-03267,New,Mobile,0,
CS-03268,New,Mobile,0,
CS-03269,Old,Mobile,0,
CS-03270,Old,Mobile,0,
CS-03271,Old,Mobile,0,
CS-03272,New,Mobile,0,
CS-03273,Old,Mobile,0,
CS-03274,Old,Desktop,1,687.34
CS-03275,New,Mobile,0,
CS-03276,Old,Desktop,0,
CS-03277,Old,Desktop,1,513.26
CS-03278,Old,Mobile,0,
CS-03279,Old,Mobile,0,
CS-03280,New,Mobile,0,
CS-03281,Old,Mobile,0,
CS-03282,Old,Mobile,0,
CS-03283,Old,Desktop,0,
CS-03284,New,Desktop,0,
CS-03285,Old,Mobile,0,
CS-03286,Old,Desktop,0,
CS-03287,Old,Desktop,0,
CS-03288,New,Mobile,0,
CS-03289,New,Mobile,0,
CS-03290,Old,Mobile,0,
CS-03291,Old,Mobile,0,
CS-03292,New,Desktop,1,414.06
CS-03293,New,Mobile,0,
CS-03294,New,Mobile,0,
CS-03295,New,Mobile,0,
CS-03296,New,Mobile,0,
CS-03297,New,Mobile,0,
CS-03298,Old,Desktop,0,
CS-03299,New,Mobile,0,
CS-03300,New,Mobile,1,204.95
CS-03301,New,Mobile,0,
CS-03302,Old,Mobile,0,
CS-03303,New,Mobile,0,
CS-03304,New,Desktop,0,
CS-03305,New,Mobile,0,
CS-03306,New,Desktop,0,
CS-03307,Old,Desktop,0,
CS-03308,New,Desktop,0,
CS-03309,Old,Mobile,0,
CS-03310,Old,Mobile,0,
CS-03311,New,Mobile,0,
CS-03312,New,Mobile,1,854.75
CS-03313,Old,Mobile,0,
CS-03314,Old,Desktop,0,
CS-03315,Old,Mobile,0,
CS-03316,Old,Mobile,0,
CS-03317,Old,Desktop,0,
CS-03318,New,Mobile,0,
CS-03319,Old,Desktop,0,
CS-03320,New,Mobile,0,
CS-03321,Old,Mobile,0,
CS-03322,New,Desktop,0,
CS-03323,Old,Desktop,0,
CS-03324,Old,Mobile,0,
CS-03325,Old,Mobile,0,
CS-03326,Old,Mobile,0,
CS-03327,Old,Mobile,0,
CS-03328,Old,Mobile,0,
CS-03329,New,Desktop,0,
CS-03330,New,Desktop,0,
CS-03331,New,Desktop,0,
CS-03332,New,Desktop,0,
CS-03333,New,Mobile,0,
CS-03334,New,Desktop,0,
CS-03335,New,Desktop,0,
CS-03336,Old,Desktop,0,
CS-03337,New,Mobile,0,
CS-03338,New,Desktop,0,
CS-03339,New,Desktop,0,
CS-03340,New,Mobile,0,
CS-03341,Old,Desktop,0,
CS-03342,New,Mobile,0,
CS-03343,Old,Mobile,0,
CS-03344,New,Desktop,0,
CS-03345,New,Mobile,0,
CS-03346,New,Desktop,0,
CS-03347,Old,Mobile,0,
CS-03348,Old,Mobile,0,
CS-03349,New,Mobile,0,
CS-03350,New,Mobile,0,
CS-03351,Old,Desktop,0,
CS-03352,New,Desktop,1,665.37
CS-03353,Old,Desktop,0,
CS-03354,Old,Mobile,0,
CS-03355,Old,Mobile,0,
CS-03356,Old,Mobile,0,
CS-03357,Old,Mobile,1,584.26
CS-03358,New,Mobile,0,
CS-03359,New,Mobile,0,
CS-03360,Old,Mobile,1,696.03
CS-03361,New,Mobile,0,
CS-03362,New,Desktop,1,849.36
CS-03363,Old,Desktop,0,
CS-03364,New,Desktop,0,
CS-03365,Old,Desktop,0,
CS-03366,New,Mobile,0,
CS-03367,New,Mobile,0,
CS-03368,New,Mobile,0,
CS-03369,Old,Mobile,0,
CS-03370,Old,Desktop,0,
CS-03371,Old,Desktop,0,
CS-03372,New,Mobile,0,
CS-03373,New,Desktop,0,
CS-03374,Old,Mobile,0,
CS-03375,Old,Desktop,0,
CS-03376,New,Mobile,0,
CS-03377,Old,Mobile,0,
CS-03378,New,Desktop,0,
CS-03379,Old,Mobile,0,
CS-03380,New,Desktop,0,
CS-03381,Old,Mobile,0,
CS-03382,Old,Desktop,0,
CS-03383,New,Mobile,0,
CS-03384,Old,Mobile,0,
CS-03385,Old,Mobile,0,
CS-03386,New,Mobile,0,
CS-03387,New,Desktop,0,
CS-03388,Old,Mobile,0,
CS-03389,New,Mobile,0,
CS-03390,New,Mobile,0,
CS-03391,New,Mobile,0,
CS-03392,New,Mobile,0,
CS-03393,Old,Mobile,0,
CS-03394,New,Desktop,0,
CS-03395,Old,Mobile,0,
CS-03396,Old,Mobile,0,
CS-03397,Old,Mobile,0,
CS-03398,New,Mobile,0,
CS-03399,Old,Mobile,0,
CS-03400,Old,Desktop,0,
CS-03401,New,Mobile,0,
CS-03402,Old,Desktop,0,
CS-03403,Old,Desktop,0,
CS-03404,New,Mobile,0,
CS-03405,New,Desktop,1,872.98
CS-03406,Old,Mobile,1,872.9
CS-03407,Old,Mobile,0,
CS-03408,New,Mobile,0,
CS-03409,New,Mobile,0,
CS-03410,New,Desktop,0,
CS-03411,New,Desktop,0,
CS-03412,Old,Mobile,0,
CS-03413,Old,Mobile,0,
CS-03414,New,Mobile,0,
CS-03415,Old,Mobile,0,
CS-03416,Old,Desktop,0,
CS-03417,Old,Mobile,0,
CS-03418,Old,Mobile,1,734.33
CS-03419,Old,Mobile,0,
CS-03420,New,Desktop,0,
CS-03421,Old,Mobile,0,
CS-03422,New,Desktop,0,
CS-03423,Old,Desktop,0,
CS-03424,Old,Desktop,0,
CS-03425,New,Mobile,0,
CS-03426,Old,Mobile,0,
CS-03427,New,Desktop,0,
CS-03428,New,Mobile,0,
CS-03429,Old,Mobile,0,
CS-03430,Old,Mobile,0,
CS-03431,New,Desktop,0,
CS-03432,New,Desktop,0,
CS-03433,New,Mobile,0,
CS-03434,New,Mobile,0,
CS-03435,Old,Mobile,0,
CS-03436,Old,Mobile,0,
CS-03437,Old,Desktop,0,
CS-03438,New,Mobile,0,
CS-03439,New,Mobile,0,
CS-03440,Old,Mobile,0,
CS-03441,Old,Desktop,0,
CS-03442,New,Desktop,0,
CS-03443,Old,Mobile,0,
CS-03444,Old,Desktop,0,
CS-03445,Old,Mobile,0,
CS-03446,New,Desktop,0,
CS-03447,Old,Desktop,0,
CS-03448,Old,Desktop,0,
CS-03449,Old,Desktop,0,
CS-03450,Old,Desktop,0,
CS-03451,New,Mobile,0,
CS-03452,Old,Mobile,0,
CS-03453,Old,Mobile,0,
CS-03454,Old,Desktop,0,
CS-03455,New,Mobile,0,
CS-03456,Old,Mobile,0,
CS-03457,Old,Mobile,0,
CS-03458,Old,Mobile,0,
CS-03459,Old,Mobile,0,
CS-03460,Old,Mobile,0,
CS-03461,New,Mobile,1,337.63
CS-03462,Old,Desktop,0,
CS-03463,Old,Mobile,0,
CS-03464,New,Mobile,0,
CS-03465,New,Mobile,0,
CS-03466,Old,Mobile,1,313.94
CS-03467,Old,Mobile,0,
CS-03468,New,Desktop,0,
CS-03469,Old,Desktop,0,
CS-03470,Old,Desktop,0,
CS-03471,New,Mobile,0,
CS-03472,Old,Mobile,0,
CS-03473,Old,Desktop,0,
CS-03474,Old,Mobile,0,
CS-03475,New,Desktop,0,
CS-03476,New,Desktop,0,
CS-03477,Old,Mobile,0,
CS-03478,New,Desktop,0,
CS-03479,New,Mobile,0,
CS-03480,New,Mobile,0,
CS-03481,Old,Mobile,0,
CS-03482,Old,Desktop,0,
CS-03483,New,Mobile,0,
CS-03484,New,Mobile,0,
CS-03485,Old,Mobile,0,
CS-03486,New,Mobile,0,
CS-03487,New,Desktop,0,
CS-03488,New,Desktop,1,467.29
CS-03489,Old,Desktop,0,
CS-03490,Old,Mobile,0,
CS-03491,Old,Desktop,0,
CS-03492,Old,Desktop,0,
CS-03493,Old,Desktop,1,600.45
CS-03494,Old,Mobile,0,
CS-03495,New,Desktop,0,
CS-03496,New,Desktop,0,
CS-03497,Old,Desktop,0,
CS-03498,New,Desktop,0,
CS-03499,Old,Desktop,0,
CS-03500,Old,Mobile,0,
CS-03501,Old,Mobile,0,
CS-03502,Old,Desktop,0,
CS-03503,New,Desktop,0,
CS-03504,New,Mobile,0,
CS-03505,New,Mobile,0,
CS-03506,New,Desktop,0,
CS-03507,New,Mobile,0,
CS-03508,New,Mobile,0,
CS-03509,Old,Mobile,0,
CS-03510,New,Desktop,0,
CS-03511,Old,Mobile,0,
CS-03512,Old,Mobile,0,
CS-03513,Old,Desktop,0,
CS-03514,New,Desktop,0,
CS-03515,New,Mobile,0,
CS-03516,New,Desktop,0,
CS-03517,Old,Mobile,0,
CS-03518,Old,Mobile,0,
CS-03519,New,Mobile,0,
CS-03520,Old,Desktop,0,
CS-03521,New,Desktop,0,
CS-03522,New,Mobile,0,
CS-03523,New,Mobile,0,
CS-03524,New,Mobile,0,
CS-03525,New,Mobile,0,
CS-03526,Old,Mobile,0,
CS-03527,Old,Mobile,0,
CS-03528,New,Mobile,0,
CS-03529,Old,Desktop,1,789.46
CS-03530,Old,Desktop,0,
CS-03531,Old,Desktop,0,
CS-03532,New,Desktop,0,
CS-03533,New,Mobile,0,
CS-03534,New,Mobile,0,
CS-03535,Old,Desktop,0,
CS-03536,Old,Desktop,0,
CS-03537,New,Mobile,0,
CS-03538,Old,Desktop,0,
CS-03539,Old,Desktop,0,
CS-03540,New,Mobile,1,470.57
CS-03541,New,Mobile,0,
CS-03542,Old,Mobile,0,
CS-03543,Old,Mobile,0,
CS-03544,New,Mobile,0,
CS-03545,New,Desktop,0,
CS-03546,New,Mobile,0,
CS-03547,New,Desktop,0,
CS-03548,Old,Mobile,0,
CS-03549,New,Desktop,1,664.6
CS-03550,Old,Mobile,0,
CS-03551,Old,Mobile,1,618.98
CS-03552,New,Mobile,1,589.85
CS-03553,Old,Desktop,0,
CS-03554,New,Desktop,0,
CS-03555,Old,Mobile,0,
CS-03556,New,Mobile,0,
CS-03557,Old,Mobile,0,
CS-03558,Old,Desktop,0,
CS-03559,Old,Mobile,0,
CS-03560,New,Mobile,0,
CS-03561,New,Desktop,0,
CS-03562,New,Desktop,0,
CS-03563,Old,Mobile,0,
CS-03564,Old,Desktop,0,
CS-03565,Old,Desktop,0,
CS-03566,New,Mobile,0,
CS-03567,New,Desktop,0,
CS-03568,Old,Mobile,0,
CS-03569,New,Mobile,0,
CS-03570,New,Mobile,0,
CS-03571,Old,Desktop,0,
CS-03572,New,Mobile,0,
CS-03573,Old,Mobile,0,
CS-03574,New,Mobile,1,451.68
CS-03575,Old,Mobile,0,
CS-03576,Old,Mobile,0,
CS-03577,Old,Mobile,0,
CS-03578,Old,Mobile,0,
CS-03579,Old,Mobile,0,
CS-03580,Old,Mobile,0,
CS-03581,New,Mobile,0,
CS-03582,New,Mobile,0,
CS-03583,New,Mobile,0,
CS-03584,Old,Mobile,0,
CS-03585,New,Desktop,0,
CS-03586,Old,Mobile,0,
CS-03587,New,Mobile,0,
CS-03588,Old,Mobile,0,
CS-03589,New,Desktop,0,
CS-03590,New,Desktop,0,
CS-03591,Old,Mobile,0,
CS-03592,Old,Mobile,0,
CS-03593,New,Mobile,0,
CS-03594,Old,Mobile,0,
CS-03595,New,Desktop,0,
CS-03596,Old,Desktop,0,
CS-03597,New,Desktop,0,
CS-03598,Old,Desktop,0,
CS-03599,Old,Desktop,0,
CS-03600,Old,Desktop,0,
CS-03601,New,Mobile,0,
CS-03602,New,Mobile,0,
CS-03603,Old,Desktop,0,
CS-03604,Old,Mobile,0,
CS-03605,Old,Mobile,0,
CS-03606,Old,Mobile,0,
CS-03607,New,Mobile,0,
CS-03608,New,Mobile,0,
CS-03609,Old,Mobile,0,
CS-03610,Old,Mobile,0,
CS-03611,Old,Mobile,0,
CS-03612,Old,Mobile,0,
CS-03613,New,Desktop,0,
CS-03614,Old,Desktop,0,
CS-03615,Old,Mobile,0,
CS-03616,New,Mobile,0,
CS-03617,Old,Mobile,0,
CS-03618,New,Mobile,0,
CS-03619,New,Mobile,0,
CS-03620,New,Mobile,1,954.0
CS-03621,New,Desktop,0,
CS-03622,New,Mobile,0,
CS-03623,Old,Mobile,0,
CS-03624,New,Mobile,0,
CS-03625,Old,Desktop,0,
CS-03626,Old,Mobile,0,
CS-03627,New,Mobile,0,
CS-03628,New,Mobile,0,
CS-03629,Old,Mobile,0,
CS-03630,New,Desktop,0,
CS-03631,Old,Mobile,0,
CS-03632,New,Mobile,0,
CS-03633,Old,Desktop,0,
CS-03634,Old,Mobile,0,
CS-03635,New,Mobile,0,
CS-03636,Old,Mobile,0,
CS-03637,New,Mobile,0,
CS-03638,New,Mobile,0,
CS-03639,Old,Mobile,0,
CS-03640,New,Mobile,0,
CS-03641,Old,Mobile,0,
CS-03642,Old,Mobile,0,
CS-03643,New,Mobile,0,
CS-03644,Old,Mobile,0,
CS-03645,Old,Desktop,0,
CS-03646,Old,Mobile,0,
CS-03647,Old,Mobile,0,
CS-03648,New,Mobile,0,
CS-03649,Old,Desktop,0,
CS-03650,Old,Mobile,0,
CS-03651,New,Desktop,0,
CS-03652,New,Mobile,0,
CS-03653,New,Mobile,0,
CS-03654,New,Mobile,0,
CS-03655,New,Mobile,1,394.21
CS-03656,Old,Mobile,0,
CS-03657,New,Desktop,0,
CS-03658,Old,Desktop,0,
CS-03659,New,Mobile,0,
CS-03660,New,Mobile,0,
CS-03661,New,Mobile,0,
CS-03662,New,Mobile,0,
CS-03663,Old,Mobile,0,
CS-03664,Old,Mobile,0,
CS-03665,Old,Mobile,0,
CS-03666,Old,Desktop,0,
CS-03667,New,Mobile,0,
CS-03668,Old,Desktop,0,
CS-03669,New,Mobile,0,
CS-03670,New,Desktop,1,250.77
CS-03671,New,Mobile,0,
CS-03672,New,Mobile,0,
CS-03673,Old,Desktop,0,
CS-03674,Old,Mobile,0,
CS-03675,Old,Mobile,0,
CS-03676,Old,Mobile,0,
CS-03677,New,Mobile,0,
CS-03678,Old,Mobile,0,
CS-03679,Old,Mobile,0,
CS-03680,New,Desktop,0,
CS-03681,Old,Desktop,0,
CS-03682,New,Desktop,0,
CS-03683,Old,Mobile,0,
CS-03684,Old,Mobile,0,
CS-03685,New,Mobile,0,
CS-03686,Old,Mobile,0,
CS-03687,New,Mobile,0,
CS-03688,New,Desktop,0,
CS-03689,New,Mobile,0,
CS-03690,Old,Desktop,0,
CS-03691,New,Desktop,0,
CS-03692,Old,Mobile,0,
CS-03693,New,Mobile,0,
CS-03694,Old,Mobile,0,
CS-03695,New,Desktop,0,
CS-03696,New,Mobile,0,
CS-03697,Old,Mobile,0,
CS-03698,Old,Desktop,1,571.63
CS-03699,New,Mobile,0,
CS-03700,New,Mobile,0,
CS-03701,New,Desktop,0,
CS-03702,New,Mobile,0,
CS-03703,Old,Mobile,0,
CS-03704,New,Mobile,1,507.81
CS-03705,New,Mobile,0,
CS-03706,New,Desktop,0,
CS-03707,New,Desktop,0,
CS-03708,New,Desktop,0,
CS-03709,Old,Desktop,0,
CS-03710,Old,Desktop,0,
CS-03711,Old,Mobile,0,
CS-03712,New,Desktop,1,536.25
CS-03713,Old,Mobile,0,
CS-03714,New,Desktop,0,
CS-03715,New,Desktop,0,
CS-03716,New,Mobile,0,
CS-03717,Old,Mobile,0,
CS-03718,New,Mobile,0,
CS-03719,New,Mobile,0,
CS-03720,New,Mobile,0,
CS-03721,New,Mobile,0,
CS-03722,Old,Mobile,0,
CS-03723,Old,Desktop,0,
CS-03724,Old,Mobile,0,
CS-03725,Old,Desktop,0,
CS-03726,Old,Desktop,0,
CS-03727,Old,Desktop,0,
CS-03728,New,Desktop,0,
CS-03729,New,Desktop,0,
CS-03730,New,Desktop,0,
CS-03731,New,Mobile,0,
CS-03732,Old,Mobile,0,
CS-03733,Old,Mobile,0,
CS-03734,Old,Mobile,0,
CS-03735,New,Mobile,0,
CS-03736,New,Desktop,0,
CS-03737,Old,Mobile,0,
CS-03738,New,Mobile,0,
CS-03739,New,Mobile,0,
CS-03740,Old,Mobile,0,
CS-03741,Old,Desktop,0,
CS-03742,New,Mobile,0,
CS-03743,New,Mobile,0,
CS-03744,Old,Mobile,0,
CS-03745,Old,Mobile,0,
CS-03746,New,Mobile,1,904.09
CS-03747,New,Mobile,0,
CS-03748,Old,Desktop,0,
CS-03749,New,Mobile,0,
CS-03750,Old,Mobile,0,
CS-03751,Old,Mobile,0,
CS-03752,New,Mobile,0,
CS-03753,Old,Desktop,0,
CS-03754,New,Mobile,0,
CS-03755,New,Desktop,0,
CS-03756,New,Desktop,0,
CS-03757,Old,Mobile,0,
CS-03758,New,Desktop,0,
CS-03759,Old,Desktop,0,
CS-03760,Old,Desktop,0,
CS-03761,Old,Mobile,0,
CS-03762,New,Mobile,0,
CS-03763,Old,Mobile,0,
CS-03764,Old,Mobile,0,
CS-03765,New,Desktop,0,
CS-03766,Old,Desktop,0,
CS-03767,Old,Desktop,0,
CS-03768,Old,Mobile,0,
CS-03769,Old,Mobile,0,
CS-03770,Old,Mobile,0,
CS-03771,Old,Mobile,0,
CS-03772,Old,Desktop,0,
CS-03773,Old,Mobile,0,
CS-03774,Old,Mobile,0,
CS-03775,New,Mobile,0,
CS-03776,New,Desktop,0,
CS-03777,Old,Mobile,0,
CS-03778,New,Desktop,0,
CS-03779,Old,Mobile,0,
CS-03780,Old,Desktop,0,
CS-03781,New,Desktop,0,
CS-03782,Old,Mobile,0,
CS-03783,Old,Mobile,0,
CS-03784,Old,Desktop,0,
CS-03785,Old,Desktop,0,
CS-03786,Old,Desktop,1,550.26
CS-03787,Old,Desktop,0,
CS-03788,New,Desktop,0,
CS-03789,New,Desktop,0,
CS-03790,Old,Mobile,0,
CS-03791,New,Mobile,0,
CS-03792,New,Desktop,0,
CS-03793,Old,Mobile,0,
CS-03794,New,Mobile,0,
CS-03795,Old,Desktop,0,
CS-03796,New,Mobile,0,
CS-03797,New,Mobile,0,
CS-03798,New,Mobile,0,
CS-03799,New,Mobile,0,
CS-03800,Old,Mobile,0,
CS-03801,New,Mobile,0,
CS-03802,New,Mobile,0,
CS-03803,Old,Mobile,0,
CS-03804,Old,Desktop,0,
CS-03805,New,Desktop,0,
CS-03806,New,Desktop,0,
CS-03807,Old,Mobile,0,
CS-03808,Old,Desktop,0,
CS-03809,Old,Mobile,0,
CS-03810,Old,Desktop,0,
CS-03811,Old,Desktop,0,
CS-03812,New,Mobile,1,638.11
CS-03813,Old,Desktop,0,
CS-03814,Old,Mobile,0,
CS-03815,Old,Mobile,0,
CS-03816,Old,Mobile,0,
CS-03817,Old,Mobile,0,
CS-03818,Old,Mobile,0,
CS-03819,New,Desktop,0,
CS-03820,Old,Mobile,0,
CS-03821,New,Desktop,0,
CS-03822,Old,Desktop,0,
CS-03823,Old,Mobile,0,
CS-03824,Old,Desktop,0,
CS-03825,New,Desktop,1,548.5
CS-03826,Old,Mobile,0,
CS-03827,New,Mobile,0,
CS-03828,Old,Mobile,0,
CS-03829,New,Desktop,0,
CS-03830,Old,Mobile,0,
CS-03831,New,Desktop,0,
CS-03832,New,Desktop,0,
CS-03833,Old,Mobile,0,
CS-03834,Old,Desktop,0,
CS-03835,Old,Desktop,0,
CS-03836,New,Mobile,0,
CS-03837,Old,Mobile,0,
CS-03838,Old,Desktop,0,
CS-03839,Old,Mobile,0,
CS-03840,New,Mobile,0,
CS-03841,New,Mobile,0,
CS-03842,New,Desktop,0,
CS-03843,Old,Desktop,0,
CS-03844,New,Desktop,0,
CS-03845,New,Desktop,0,
CS-03846,New,Mobile,0,
CS-03847,New,Mobile,0,
CS-03848,New,Mobile,1,511.87
CS-03849,Old,Mobile,0,
CS-03850,New,Desktop,0,
CS-03851,New,Mobile,0,
CS-03852,Old,Mobile,0,
CS-03853,Old,Mobile,0,
CS-03854,Old,Desktop,0,
CS-03855,New,Desktop,0,
CS-03856,Old,Desktop,0,
CS-03857,Old,Mobile,0,
CS-03858,New,Desktop,0,
CS-03859,Old,Desktop,0,
CS-03860,Old,Desktop,0,
CS-03861,New,Mobile,0,
CS-03862,New,Desktop,0,
CS-03863,New,Mobile,0,
CS-03864,New,Desktop,0,
CS-03865,New,Mobile,1,955.14
CS-03866,New,Desktop,0,
CS-03867,Old,Mobile,0,
CS-03868,Old,Mobile,0,
CS-03869,New,Mobile,0,
CS-03870,New,Desktop,0,
CS-03871,Old,Mobile,0,
CS-03872,New,Desktop,1,373.26
CS-03873,New,Desktop,0,
CS-03874,New,Mobile,0,
CS-03875,New,Desktop,0,
CS-03876,Old,Mobile,0,
CS-03877,New,Mobile,0,
CS-03878,New,Mobile,0,
CS-03879,Old,Mobile,0,
CS-03880,New,Desktop,0,
CS-03881,New,Mobile,0,
CS-03882,Old,Mobile,0,
CS-03883,New,Desktop,0,
CS-03884,New,Desktop,0,
CS-03885,Old,Mobile,0,
CS-03886,New,Desktop,0,
CS-03887,Old,Desktop,0,
CS-03888,New,Desktop,0,
CS-03889,Old,Mobile,0,
CS-03890,Old,Mobile,0,
CS-03891,Old,Mobile,0,
CS-03892,New,Desktop,0,
CS-03893,Old,Mobile,0,
CS-03894,New,Mobile,0,
CS-03895,Old,Desktop,0,
CS-03896,New,Mobile,0,
CS-03897,Old,Desktop,0,
CS-03898,New,Mobile,0,
CS-03899,Old,Mobile,0,
CS-03900,Old,Desktop,0,
CS-03901,Old,Desktop,0,
CS-03902,New,Mobile,0,
CS-03903,Old,Mobile,0,
CS-03904,New,Mobile,0,
CS-03905,Old,Mobile,0,
CS-03906,New,Mobile,0,
CS-03907,Old,Desktop,0,
CS-03908,New,Desktop,0,
CS-03909,Old,Mobile,0,
CS-03910,New,Desktop,0,
CS-03911,Old,Mobile,0,
CS-03912,New,Mobile,0,
CS-03913,New,Mobile,0,
CS-03914,New,Mobile,0,
CS-03915,Old,Mobile,0,
CS-03916,Old,Mobile,0,
CS-03917,Old,Desktop,0,
CS-03918,New,Mobile,0,
CS-03919,New,Desktop,0,
CS-03920,New,Mobile,0,
CS-03921,New,Desktop,0,
CS-03922,New,Desktop,0,
CS-03923,New,Desktop,0,
CS-03924,New,Mobile,1,485.86
CS-03925,Old,Mobile,0,
CS-03926,New,Desktop,0,
CS-03927,Old,Mobile,0,
CS-03928,Old,Mobile,0,
CS-03929,New,Mobile,0,
CS-03930,New,Desktop,0,
CS-03931,New,Desktop,0,
CS-03932,Old,Mobile,0,
CS-03933,New,Desktop,0,
CS-03934,New,Desktop,0,
CS-03935,New,Mobile,0,
CS-03936,Old,Mobile,0,
CS-03937,New,Mobile,0,
CS-03938,Old,Desktop,0,
CS-03939,Old,Mobile,0,
CS-03940,New,Mobile,0,
CS-03941,Old,Mobile,0,
CS-03942,Old,Desktop,0,
CS-03943,New,Mobile,0,
CS-03944,New,Mobile,0,
CS-03945,Old,Desktop,0,
CS-03946,New,Mobile,0,
CS-03947,Old,Desktop,0,
CS-03948,New,Mobile,0,
CS-03949,New,Mobile,0,
CS-03950,New,Mobile,0,
CS-03951,Old,Mobile,0,
CS-03952,Old,Desktop,0,
CS-03953,Old,Desktop,0,
CS-03954,Old,Mobile,1,535.08
CS-03955,New,Mobile,0,
CS-03956,Old,Mobile,0,
CS-03957,New,Mobile,0,
CS-03958,New,Mobile,0,
CS-03959,New,Mobile,0,
CS-03960,Old,Mobile,0,
CS-03961,New,Mobile,0,
CS-03962,Old,Desktop,0,
CS-03963,New,Mobile,0,
CS-03964,New,Mobile,0,
CS-03965,New,Desktop,0,
CS-03966,New,Mobile,0,
CS-03967,Old,Mobile,0,
CS-03968,Old,Desktop,0,
CS-03969,New,Desktop,0,
CS-03970,Old,Desktop,0,
CS-03971,New,Desktop,0,
CS-03972,Old,Desktop,0,
CS-03973,New,Desktop,0,
CS-03974,New,Mobile,0,
CS-03975,New,Mobile,0,
CS-03976,Old,Mobile,0,
CS-03977,New,Mobile,0,
CS-03978,New,Mobile,0,
CS-03979,Old,Desktop,0,
CS-03980,New,Desktop,0,
CS-03981,Old,Mobile,0,
CS-03982,Old,Desktop,0,
CS-03983,New,Mobile,0,
CS-03984,Old,Desktop,0,
CS-03985,New,Mobile,0,
CS-03986,New,Mobile,0,
CS-03987,New,Desktop,0,
CS-03988,Old,Desktop,0,
CS-03989,New,Mobile,0,
CS-03990,Old,Desktop,0,
CS-03991,New,Mobile,0,
CS-03992,New,Desktop,0,
CS-03993,Old,Mobile,0,
CS-03994,New,Desktop,1,164.16
CS-03995,New,Desktop,0,
CS-03996,New,Desktop,0,
CS-03997,New,Mobile,0,
CS-03998,New,Desktop,0,
CS-03999,Old,Mobile,0,
CS-04000,New,Mobile,0,
CS-04001,Old,Desktop,0,
CS-04002,New,Desktop,0,
CS-04003,New,Mobile,0,
CS-04004,Old,Mobile,0,
CS-04005,New,Mobile,0,
CS-04006,New,Mobile,0,
CS-04007,Old,Mobile,0,
CS-04008,New,Mobile,0,
CS-04009,New,Mobile,0,
CS-04010,Old,Mobile,0,
CS-04011,Old,Desktop,0,
CS-04012,Old,Mobile,0,
CS-04013,Old,Desktop,1,585.47
CS-04014,New,Desktop,0,
CS-04015,Old,Mobile,0,
CS-04016,Old,Mobile,0,
CS-04017,New,Mobile,0,
CS-04018,New,Mobile,0,
CS-04019,New,Mobile,0,
CS-04020,Old,Mobile,0,
CS-04021,New,Mobile,0,
CS-04022,New,Desktop,0,
CS-04023,Old,Mobile,0,
CS-04024,New,Desktop,0,
CS-04025,Old,Mobile,0,
CS-04026,Old,Mobile,0,
CS-04027,Old,Mobile,0,
CS-04028,Old,Mobile,0,
CS-04029,Old,Mobile,0,
CS-04030,Old,Mobile,0,
CS-04031,Old,Desktop,0,
CS-04032,Old,Desktop,0,
CS-04033,Old,Mobile,0,
CS-04034,New,Mobile,0,
CS-04035,Old,Mobile,0,
CS-04036,Old,Desktop,0,
CS-04037,Old,Desktop,0,
CS-04038,New,Desktop,0,
CS-04039,Old,Desktop,0,
CS-04040,Old,Mobile,0,
CS-04041,Old,Mobile,0,
CS-04042,Old,Mobile,0,
CS-04043,Old,Mobile,0,
CS-04044,New,Mobile,0,
CS-04045,New,Desktop,0,
CS-04046,Old,Mobile,0,
CS-04047,Old,Desktop,0,
CS-04048,Old,Mobile,0,
CS-04049,Old,Mobile,0,
CS-04050,Old,Desktop,0,
CS-04051,Old,Mobile,0,
CS-04052,Old,Mobile,0,
CS-04053,Old,Mobile,0,
CS-04054,Old,Desktop,0,
CS-04055,Old,Desktop,0,
CS-04056,New,Desktop,0,
CS-04057,Old,Mobile,0,
CS-04058,New,Desktop,0,
CS-04059,New,Desktop,0,
CS-04060,Old,Mobile,0,
CS-04061,New,Mobile,0,
CS-04062,New,Mobile,0,
CS-04063,Old,Desktop,0,
CS-04064,New,Mobile,0,
CS-04065,Old,Mobile,0,
CS-04066,New,Mobile,1,446.03
CS-04067,New,Mobile,1,719.53
CS-04068,New,Mobile,1,236.04
CS-04069,Old,Desktop,0,
CS-04070,Old,Mobile,0,
CS-04071,Old,Mobile,0,
CS-04072,New,Desktop,1,817.9
CS-04073,New,Mobile,0,
CS-04074,Old,Mobile,0,
CS-04075,New,Desktop,0,
CS-04076,New,Mobile,0,
CS-04077,Old,Desktop,0,
CS-04078,Old,Mobile,0,
CS-04079,New,Mobile,0,
CS-04080,New,Mobile,0,
CS-04081,Old,Mobile,0,
CS-04082,Old,Desktop,0,
CS-04083,Old,Mobile,0,
CS-04084,Old,Mobile,0,
CS-04085,Old,Mobile,0,
CS-04086,New,Mobile,0,
CS-04087,Old,Mobile,0,
CS-04088,Old,Desktop,0,
CS-04089,Old,Desktop,0,
CS-04090,Old,Desktop,0,
CS-04091,New,Mobile,0,
CS-04092,New,Mobile,0,
CS-04093,Old,Mobile,0,
CS-04094,Old,Desktop,0,
CS-04095,New,Mobile,0,
CS-04096,New,Mobile,0,
CS-04097,New,Mobile,0,
CS-04098,Old,Desktop,0,
CS-04099,Old,Mobile,0,
CS-04100,New,Desktop,0,
CS-04101,New,Mobile,0,
CS-04102,New,Desktop,0,
CS-04103,Old,Mobile,1,524.49
CS-04104,Old,Mobile,0,
CS-04105,Old,Desktop,0,
CS-04106,New,Mobile,0,
CS-04107,Old,Desktop,0,
CS-04108,Old,Mobile,0,
CS-04109,Old,Desktop,0,
CS-04110,Old,Mobile,0,
CS-04111,New,Mobile,0,
CS-04112,Old,Desktop,0,
CS-04113,Old,Desktop,0,
CS-04114,Old,Mobile,0,
CS-04115,Old,Desktop,0,
CS-04116,Old,Desktop,0,
CS-04117,Old,Desktop,0,
CS-04118,Old,Mobile,0,
CS-04119,New,Mobile,0,
CS-04120,Old,Mobile,0,
CS-04121,Old,Desktop,0,
CS-04122,New,Mobile,0,
CS-04123,Old,Mobile,0,
CS-04124,New,Mobile,1,89.0
CS-04125,Old,Mobile,0,
CS-04126,New,Mobile,0,
CS-04127,New,Mobile,0,
CS-04128,Old,Desktop,0,
CS-04129,Old,Mobile,0,
CS-04130,Old,Desktop,0,
CS-04131,New,Mobile,0,
CS-04132,New,Desktop,0,
CS-04133,Old,Desktop,0,
CS-04134,New,Desktop,0,
CS-04135,New,Desktop,0,
CS-04136,Old,Mobile,0,
CS-04137,Old,Mobile,0,
CS-04138,Old,Mobile,1,550.82
CS-04139,New,Desktop,0,
CS-04140,New,Mobile,0,
CS-04141,New,Desktop,0,
CS-04142,Old,Desktop,0,
CS-04143,Old,Mobile,0,
CS-04144,New,Mobile,1,638.57
CS-04145,Old,Mobile,0,
CS-04146,New,Mobile,0,
CS-04147,Old,Mobile,0,
CS-04148,New,Desktop,0,
CS-04149,Old,Desktop,0,
CS-04150,New,Mobile,0,
CS-04151,Old,Desktop,0,
CS-04152,New,Mobile,0,
CS-04153,Old,Mobile,0,
CS-04154,Old,Mobile,0,
CS-04155,New,Mobile,0,
CS-04156,New,Mobile,0,
CS-04157,Old,Desktop,0,
CS-04158,Old,Desktop,0,
CS-04159,New,Mobile,0,
CS-04160,New,Mobile,0,
CS-04161,Old,Mobile,0,
CS-04162,New,Mobile,0,
CS-04163,Old,Mobile,0,
CS-04164,Old,Desktop,0,
CS-04165,New,Desktop,1,423.96
CS-04166,New,Desktop,0,
CS-04167,Old,Mobile,1,634.45
CS-04168,Old,Desktop,0,
CS-04169,Old,Mobile,0,
CS-04170,New,Desktop,0,
CS-04171,New,Mobile,0,
CS-04172,New,Desktop,0,
CS-04173,Old,Desktop,0,
CS-04174,Old,Desktop,0,
CS-04175,Old,Mobile,0,
CS-04176,Old,Desktop,0,
CS-04177,Old,Mobile,0,
CS-04178,Old,Desktop,0,
CS-04179,Old,Mobile,0,
CS-04180,New,Mobile,1,435.06
CS-04181,New,Mobile,0,
CS-04182,Old,Mobile,0,
CS-04183,New,Desktop,0,
CS-04184,Old,Desktop,0,
CS-04185,New,Mobile,0,
CS-04186,Old,Mobile,0,
CS-04187,New,Mobile,0,
CS-04188,New,Desktop,0,
CS-04189,Old,Mobile,0,
CS-04190,New,Mobile,0,
CS-04191,New,Desktop,0,
CS-04192,Old,Mobile,0,
CS-04193,Old,Desktop,0,
CS-04194,Old,Desktop,0,
CS-04195,Old,Desktop,0,
CS-04196,New,Mobile,0,
CS-04197,New,Desktop,0,
CS-04198,Old,Desktop,1,460.97
CS-04199,Old,Desktop,1,961.11
CS-04200,New,Mobile,0,
CS-04201,Old,Desktop,0,
CS-04202,Old,Mobile,0,
CS-04203,New,Mobile,0,
CS-04204,Old,Mobile,0,
CS-04205,Old,Desktop,0,
CS-04206,Old,Mobile,0,
CS-04207,Old,Desktop,0,
CS-04208,Old,Desktop,0,
CS-04209,New,Mobile,0,
CS-04210,New,Mobile,0,
CS-04211,New,Desktop,0,
CS-04212,Old,Desktop,0,
CS-04213,Old,Mobile,0,
CS-04214,New,Mobile,0,
CS-04215,Old,Mobile,0,
CS-04216,Old,Desktop,0,
CS-04217,New,Mobile,0,
CS-04218,Old,Mobile,0,
CS-04219,Old,Mobile,0,
CS-04220,Old,Mobile,0,
CS-04221,New,Mobile,0,
CS-04222,New,Mobile,0,
CS-04223,New,Mobile,1,621.12
CS-04224,New,Desktop,0,
CS-04225,New,Mobile,0,
CS-04226,New,Mobile,0,
CS-04227,New,Desktop,0,
CS-04228,Old,Mobile,0,
CS-04229,New,Mobile,0,
CS-04230,Old,Mobile,0,
CS-04231,New,Mobile,1,908.16
CS-04232,New,Mobile,0,
CS-04233,New,Mobile,1,186.52
CS-04234,Old,Mobile,0,
CS-04235,Old,Mobile,0,
CS-04236,Old,Mobile,0,
CS-04237,New,Mobile,0,
CS-04238,Old,Mobile,0,
CS-04239,New,Mobile,0,
CS-04240,New,Desktop,0,
CS-04241,New,Desktop,0,
CS-04242,Old,Mobile,0,
CS-04243,Old,Desktop,0,
CS-04244,Old,Mobile,0,
CS-04245,New,Desktop,0,
CS-04246,Old,Desktop,0,
CS-04247,New,Desktop,0,
CS-04248,New,Mobile,0,
CS-04249,New,Desktop,0,
CS-04250,Old,Mobile,0,
CS-04251,Old,Mobile,0,
CS-04252,Old,Mobile,0,
CS-04253,New,Desktop,0,
CS-04254,New,Desktop,0,
CS-04255,New,Mobile,0,
CS-04256,New,Desktop,0,
CS-04257,New,Mobile,0,
CS-04258,New,Mobile,1,331.18
CS-04259,Old,Mobile,0,
CS-04260,New,Mobile,0,
CS-04261,New,Mobile,0,
CS-04262,Old,Mobile,0,
CS-04263,New,Mobile,0,
CS-04264,Old,Mobile,0,
CS-04265,Old,Mobile,0,
CS-04266,New,Mobile,0,
CS-04267,New,Mobile,0,
CS-04268,Old,Mobile,0,
CS-04269,New,Mobile,0,
CS-04270,Old,Desktop,0,
CS-04271,Old,Desktop,0,
CS-04272,New,Mobile,0,
CS-04273,New,Mobile,0,
CS-04274,New,Mobile,0,
CS-04275,Old,Desktop,0,
CS-04276,Old,Mobile,0,
CS-04277,Old,Mobile,1,247.4
CS-04278,New,Desktop,1,286.32
CS-04279,New,Desktop,0,
CS-04280,Old,Desktop,1,840.25
CS-04281,New,Desktop,0,
CS-04282,Old,Mobile,0,
CS-04283,New,Mobile,0,
CS-04284,New,Mobile,0,
CS-04285,Old,Mobile,0,
CS-04286,Old,Mobile,0,
CS-04287,New,Desktop,0,
CS-04288,Old,Desktop,0,
CS-04289,New,Desktop,1,601.18
CS-04290,Old,Mobile,0,
CS-04291,Old,Mobile,0,
CS-04292,Old,Mobile,0,
CS-04293,Old,Mobile,0,
CS-04294,New,Mobile,1,466.49
CS-04295,Old,Mobile,0,
CS-04296,Old,Mobile,0,
CS-04297,Old,Mobile,0,
CS-04298,Old,Mobile,0,
CS-04299,New,Desktop,0,
CS-04300,New,Mobile,0,
CS-04301,Old,Mobile,0,
CS-04302,Old,Desktop,0,
CS-04303,Old,Desktop,0,
CS-04304,New,Desktop,0,
CS-04305,Old,Mobile,0,
CS-04306,New,Desktop,0,
CS-04307,Old,Desktop,0,
CS-04308,Old,Mobile,0,
CS-04309,Old,Mobile,0,
CS-04310,New,Mobile,0,
CS-04311,New,Mobile,0,
CS-04312,Old,Desktop,0,
CS-04313,New,Mobile,0,
CS-04314,New,Mobile,0,
CS-04315,New,Mobile,0,
CS-04316,New,Desktop,0,
CS-04317,Old,Desktop,0,
CS-04318,New,Mobile,0,
CS-04319,Old,Desktop,0,
CS-04320,New,Mobile,0,
CS-04321,New,Mobile,0,
CS-04322,Old,Desktop,0,
CS-04323,New,Mobile,0,
CS-04324,New,Desktop,0,
CS-04325,Old,Mobile,0,
CS-04326,Old,Desktop,0,
CS-04327,New,Mobile,0,
CS-04328,New,Desktop,0,
CS-04329,Old,Mobile,0,
CS-04330,New,Mobile,0,
CS-04331,New,Mobile,0,
CS-04332,Old,Mobile,0,
CS-04333,New,Mobile,0,
CS-04334,Old,Mobile,0,
CS-04335,New,Mobile,0,
CS-04336,Old,Desktop,0,
CS-04337,Old,Desktop,1,690.79
CS-04338,New,Desktop,0,
CS-04339,Old,Mobile,0,
CS-04340,New,Mobile,0,
CS-04341,Old,Desktop,0,
CS-04342,New,Desktop,0,
CS-04343,New,Desktop,0,
CS-04344,Old,Mobile,0,
CS-04345,New,Desktop,0,
CS-04346,New,Desktop,0,
CS-04347,Old,Desktop,0,
CS-04348,Old,Mobile,0,
CS-04349,Old,Desktop,0,
CS-04350,New,Mobile,1,1004.84
CS-04351,New,Mobile,0,
CS-04352,Old,Mobile,0,
CS-04353,Old,Mobile,0,
CS-04354,New,Desktop,0,
CS-04355,Old,Mobile,0,
CS-04356,New,Desktop,0,
CS-04357,Old,Mobile,0,
CS-04358,New,Mobile,0,
CS-04359,Old,Desktop,0,
CS-04360,New,Desktop,0,
CS-04361,Old,Mobile,0,
CS-04362,Old,Mobile,0,
CS-04363,Old,Mobile,1,513.79
CS-04364,Old,Mobile,0,
CS-04365,Old,Desktop,0,
CS-04366,Old,Desktop,0,
CS-04367,New,Mobile,0,
CS-04368,Old,Desktop,0,
CS-04369,Old,Mobile,0,
CS-04370,Old,Mobile,1,615.72
CS-04371,New,Mobile,0,
CS-04372,Old,Mobile,0,
CS-04373,Old,Mobile,0,
CS-04374,New,Desktop,0,
CS-04375,New,Desktop,0,
CS-04376,New,Mobile,0,
CS-04377,New,Desktop,0,
CS-04378,Old,Mobile,0,
CS-04379,New,Mobile,1,966.08
CS-04380,Old,Desktop,0,
CS-04381,Old,Mobile,0,
CS-04382,New,Mobile,0,
CS-04383,New,Mobile,0,
CS-04384,New,Desktop,0,
CS-04385,Old,Mobile,0,
CS-04386,Old,Mobile,0,
CS-04387,Old,Mobile,0,
CS-04388,New,Mobile,0,
CS-04389,Old,Mobile,0,
CS-04390,Old,Mobile,0,
CS-04391,Old,Desktop,0,
CS-04392,Old,Desktop,0,
CS-04393,New,Desktop,0,
CS-04394,Old,Desktop,0,
CS-04395,Old,Mobile,0,
CS-04396,New,Mobile,0,
CS-04397,New,Mobile,0,
CS-04398,New,Mobile,0,
CS-04399,Old,Desktop,0,
CS-04400,New,Mobile,0,
CS-04401,New,Mobile,0,
CS-04402,Old,Mobile,0,
CS-04403,New,Mobile,0,
CS-04404,Old,Mobile,0,
CS-04405,New,Mobile,0,
CS-04406,Old,Mobile,0,
CS-04407,New,Desktop,0,
CS-04408,Old,Desktop,0,
CS-04409,New,Mobile,0,
CS-04410,Old,Mobile,0,
CS-04411,New,Desktop,1,688.62
CS-04412,New,Desktop,0,
CS-04413,New,Mobile,0,
CS-04414,Old,Mobile,0,
CS-04415,New,Mobile,0,
CS-04416,New,Mobile,0,
CS-04417,New,Mobile,0,
CS-04418,New,Mobile,0,
CS-04419,Old,Mobile,0,
CS-04420,Old,Mobile,0,
CS-04421,New,Desktop,0,
CS-04422,Old,Mobile,0,
CS-04423,New,Mobile,0,
CS-04424,New,Mobile,0,
CS-04425,New,Desktop,0,
CS-04426,Old,Mobile,0,
CS-04427,New,Desktop,1,497.33
CS-04428,New,Mobile,0,
CS-04429,New,Mobile,0,
CS-04430,New,Desktop,0,
CS-04431,Old,Desktop,0,
CS-04432,New,Mobile,0,
CS-04433,Old,Mobile,0,
CS-04434,New,Desktop,0,
CS-04435,New,Desktop,0,
CS-04436,New,Mobile,0,
CS-04437,Old,Mobile,0,
CS-04438,New,Mobile,0,
CS-04439,New,Mobile,0,
CS-04440,New,Desktop,0,
CS-04441,Old,Mobile,0,
CS-04442,New,Mobile,0,
CS-04443,New,Mobile,1,786.2
CS-04444,New,Desktop,0,
CS-04445,Old,Desktop,0,
CS-04446,New,Desktop,0,
CS-04447,New,Mobile,0,
CS-04448,New,Desktop,0,
CS-04449,Old,Mobile,0,
CS-04450,Old,Mobile,0,
CS-04451,New,Desktop,0,
CS-04452,New,Desktop,0,
CS-04453,New,Desktop,0,
CS-04454,Old,Mobile,0,
CS-04455,Old,Mobile,0,
CS-04456,New,Mobile,0,
CS-04457,New,Desktop,0,
CS-04458,Old,Mobile,0,
CS-04459,Old,Desktop,0,
CS-04460,Old,Mobile,0,
CS-04461,Old,Desktop,1,468.95
CS-04462,New,Mobile,0,
CS-04463,Old,Desktop,0,
CS-04464,New,Mobile,0,
CS-04465,New,Mobile,0,
CS-04466,Old,Mobile,0,
CS-04467,New,Desktop,0,
CS-04468,Old,Mobile,0,
CS-04469,Old,Mobile,0,
CS-04470,New,Mobile,0,
CS-04471,Old,Mobile,0,
CS-04472,Old,Desktop,0,
CS-04473,New,Desktop,0,
CS-04474,New,Desktop,1,590.09
CS-04475,New,Desktop,0,
CS-04476,Old,Mobile,0,
CS-04477,Old,Mobile,0,
CS-04478,Old,Mobile,0,
CS-04479,New,Desktop,0,
CS-04480,New,Mobile,0,
CS-04481,New,Mobile,0,
CS-04482,New,Desktop,0,
CS-04483,Old,Mobile,0,
CS-04484,New,Mobile,0,
CS-04485,New,Mobile,0,
CS-04486,New,Mobile,0,
CS-04487,Old,Desktop,0,
CS-04488,New,Desktop,1,1038.5
CS-04489,New,Mobile,0,
CS-04490,New,Mobile,0,
CS-04491,Old,Mobile,0,
CS-04492,Old,Mobile,0,
CS-04493,Old,Desktop,0,
CS-04494,New,Desktop,0,
CS-04495,New,Mobile,0,
CS-04496,New,Mobile,0,
CS-04497,Old,Mobile,0,
CS-04498,New,Mobile,0,
CS-04499,Old,Mobile,0,
CS-04500,Old,Desktop,1,640.59
CS-04501,New,Desktop,0,
CS-04502,New,Mobile,0,
CS-04503,New,Mobile,0,
CS-04504,New,Desktop,1,409.33
CS-04505,New,Desktop,0,
CS-04506,New,Desktop,0,
CS-04507,New,Mobile,0,
CS-04508,Old,Desktop,0,
CS-04509,Old,Mobile,0,
CS-04510,New,Desktop,0,
CS-04511,New,Mobile,0,
CS-04512,Old,Mobile,0,
CS-04513,New,Mobile,0,
CS-04514,Old,Mobile,0,
CS-04515,New,Mobile,1,689.85
CS-04516,New,Desktop,0,
CS-04517,New,Mobile,0,
CS-04518,Old,Mobile,0,
CS-04519,New,Mobile,0,
CS-04520,Old,Mobile,0,
CS-04521,New,Desktop,0,
CS-04522,New,Desktop,0,
CS-04523,New,Mobile,0,
CS-04524,Old,Mobile,0,
CS-04525,New,Mobile,0,
CS-04526,Old,Desktop,0,
CS-04527,Old,Mobile,0,
CS-04528,New,Mobile,0,
CS-04529,New,Mobile,0,
CS-04530,Old,Desktop,1,317.38
CS-04531,New,Desktop,1,420.0
CS-04532,New,Mobile,0,
CS-04533,New,Mobile,0,
CS-04534,Old,Mobile,0,
CS-04535,New,Mobile,0,
CS-04536,Old,Mobile,0,
CS-04537,Old,Desktop,0,
CS-04538,Old,Desktop,0,
CS-04539,Old,Desktop,0,
CS-04540,New,Desktop,0,
CS-04541,Old,Desktop,0,
CS-04542,Old,Desktop,0,
CS-04543,Old,Desktop,0,
CS-04544,New,Desktop,0,
CS-04545,New,Desktop,1,790.93
CS-04546,Old,Desktop,0,
CS-04547,New,Mobile,1,302.02
CS-04548,Old,Mobile,0,
CS-04549,Old,Desktop,0,
CS-04550,New,Mobile,0,
CS-04551,Old,Mobile,0,
CS-04552,New,Desktop,0,
CS-04553,New,Mobile,0,
CS-04554,New,Mobile,0,
CS-04555,Old,Mobile,0,
CS-04556,New,Mobile,0,
CS-04557,Old,Mobile,1,482.59
CS-04558,New,Mobile,0,
CS-04559,Old,Desktop,0,
CS-04560,New,Desktop,0,
CS-04561,New,Mobile,0,
CS-04562,New,Desktop,0,
CS-04563,Old,Mobile,0,
CS-04564,New,Desktop,0,
CS-04565,New,Desktop,0,
CS-04566,New,Mobile,0,
CS-04567,Old,Mobile,0,
CS-04568,New,Mobile,0,
CS-04569,New,Desktop,0,
CS-04570,New,Mobile,1,684.7
CS-04571,Old,Mobile,1,517.96
CS-04572,New,Desktop,0,
CS-04573,Old,Desktop,0,
CS-04574,Old,Mobile,0,
CS-04575,New,Desktop,0,
CS-04576,Old,Mobile,0,
CS-04577,Old,Mobile,1,701.64
CS-04578,New,Mobile,0,
CS-04579,Old,Mobile,0,
CS-04580,New,Mobile,0,
CS-04581,Old,Mobile,0,
CS-04582,Old,Desktop,0,
CS-04583,Old,Mobile,0,
CS-04584,Old,Mobile,0,
CS-04585,New,Desktop,0,
CS-04586,New,Desktop,0,
CS-04587,New,Desktop,0,
CS-04588,New,Mobile,0,
CS-04589,Old,Mobile,0,
CS-04590,Old,Mobile,0,
CS-04591,Old,Desktop,0,
CS-04592,Old,Mobile,0,
CS-04593,Old,Mobile,0,
CS-04594,New,Desktop,0,
CS-04595,Old,Desktop,0,
CS-04596,Old,Desktop,0,
CS-04597,Old,Mobile,0,
CS-04598,New,Mobile,0,
CS-04599,Old,Desktop,0,
CS-04600,Old,Desktop,0,
CS-04601,Old,Mobile,0,
CS-04602,New,Desktop,0,
CS-04603,Old,Desktop,0,
CS-04604,Old,Mobile,0,
CS-04605,New,Desktop,0,
CS-04606,New,Mobile,0,
CS-04607,Old,Mobile,0,
CS-04608,Old,Desktop,0,
CS-04609,Old,Desktop,0,
CS-04610,Old,Desktop,0,
CS-04611,New,Desktop,0,
CS-04612,Old,Desktop,0,
CS-04613,New,Mobile,0,
CS-04614,New,Desktop,0,
CS-04615,Old,Mobile,0,
CS-04616,Old,Desktop,0,
CS-04617,Old,Desktop,0,
CS-04618,Old,Mobile,0,
CS-04619,Old,Desktop,0,
CS-04620,Old,Mobile,0,
CS-04621,Old,Mobile,0,
CS-04622,Old,Mobile,0,
CS-04623,New,Desktop,0,
CS-04624,Old,Mobile,0,
CS-04625,Old,Desktop,0,
CS-04626,Old,Mobile,0,
CS-04627,New,Mobile,0,
CS-04628,New,Mobile,0,
CS-04629,Old,Mobile,1,682.22
CS-04630,New,Mobile,0,
CS-04631,Old,Mobile,0,
CS-04632,New,Desktop,0,
CS-04633,New,Mobile,0,
CS-04634,Old,Mobile,0,
CS-04635,New,Mobile,0,
CS-04636,New,Mobile,0,
CS-04637,Old,Desktop,0,
CS-04638,Old,Mobile,0,
CS-04639,New,Mobile,0,
CS-04640,Old,Desktop,0,
CS-04641,New,Mobile,1,1001.51
CS-04642,Old,Mobile,0,
CS-04643,Old,Mobile,0,
CS-04644,Old,Desktop,0,
CS-04645,New,Mobile,0,
CS-04646,New,Mobile,0,
CS-04647,Old,Mobile,1,778.07
CS-04648,New,Mobile,0,
CS-04649,Old,Desktop,0,
CS-04650,Old,Mobile,0,
CS-04651,New,Desktop,1,396.95
CS-04652,Old,Mobile,1,597.19
CS-04653,New,Desktop,0,
CS-04654,New,Desktop,0,
CS-04655,New,Desktop,0,
CS-04656,New,Mobile,0,
CS-04657,Old,Mobile,0,
CS-04658,Old,Mobile,0,
CS-04659,Old,Mobile,0,
CS-04660,New,Desktop,1,383.87
CS-04661,Old,Mobile,0,
CS-04662,Old,Mobile,0,
CS-04663,Old,Mobile,0,
CS-04664,New,Desktop,0,
CS-04665,New,Mobile,0,
CS-04666,New,Mobile,0,
CS-04667,Old,Desktop,0,
CS-04668,Old,Mobile,0,
CS-04669,New,Mobile,0,
CS-04670,New,Mobile,0,
CS-04671,Old,Mobile,0,
CS-04672,New,Desktop,0,
CS-04673,New,Mobile,0,
CS-04674,Old,Mobile,0,
CS-04675,New,Desktop,0,
CS-04676,Old,Mobile,0,
CS-04677,Old,Desktop,0,
CS-04678,New,Desktop,0,
CS-04679,New,Desktop,0,
CS-04680,Old,Mobile,0,
CS-04681,New,Mobile,0,
CS-04682,Old,Mobile,0,
CS-04683,New,Mobile,0,
CS-04684,Old,Mobile,0,
CS-04685,New,Mobile,0,
CS-04686,New,Mobile,0,
CS-04687,New,Mobile,0,
CS-04688,New,Mobile,0,
CS-04689,Old,Mobile,0,
CS-04690,Old,Mobile,0,
CS-04691,Old,Desktop,0,
CS-04692,New,Mobile,1,599.13
CS-04693,Old,Mobile,0,
CS-04694,Old,Desktop,0,
CS-04695,New,Desktop,0,
CS-04696,New,Desktop,0,
CS-04697,New,Desktop,0,
CS-04698,Old,Mobile,0,
CS-04699,Old,Desktop,0,
CS-04700,New,Desktop,0,
CS-04701,New,Mobile,0,
CS-04702,Old,Mobile,0,
CS-04703,Old,Mobile,0,
CS-04704,Old,Mobile,0,
CS-04705,New,Desktop,0,
CS-04706,New,Mobile,0,
CS-04707,New,Desktop,0,
CS-04708,Old,Mobile,0,
CS-04709,Old,Desktop,0,
CS-04710,New,Mobile,0,
CS-04711,New,Mobile,0,
CS-04712,New,Desktop,0,
CS-04713,New,Mobile,0,
CS-04714,Old,Mobile,0,
CS-04715,Old,Desktop,0,
CS-04716,New,Desktop,0,
CS-04717,Old,Mobile,0,
CS-04718,New,Mobile,0,
CS-04719,Old,Desktop,0,
CS-04720,Old,Mobile,0,
CS-04721,New,Mobile,0,
CS-04722,New,Mobile,1,306.74
CS-04723,New,Mobile,0,
CS-04724,New,Mobile,0,
CS-04725,New,Desktop,0,
CS-04726,New,Mobile,1,624.33
CS-04727,Old,Desktop,0,
CS-04728,New,Mobile,0,
CS-04729,Old,Mobile,1,773.42
CS-04730,New,Desktop,0,
CS-04731,Old,Mobile,0,
CS-04732,Old,Mobile,0,
CS-04733,Old,Desktop,0,
CS-04734,Old,Mobile,0,
CS-04735,New,Mobile,0,
CS-04736,New,Desktop,0,
CS-04737,New,Mobile,0,
CS-04738,New,Mobile,0,
CS-04739,Old,Mobile,0,
CS-04740,New,Mobile,0,
CS-04741,New,Mobile,0,
CS-04742,New,Desktop,0,
CS-04743,Old,Desktop,0,
CS-04744,New,Mobile,0,
CS-04745,Old,Desktop,0,
CS-04746,New,Desktop,0,
CS-04747,New,Mobile,0,
CS-04748,Old,Desktop,0,
CS-04749,Old,Desktop,0,
CS-04750,New,Desktop,0,
CS-04751,New,Desktop,0,
CS-04752,Old,Mobile,0,
CS-04753,Old,Mobile,0,
CS-04754,Old,Desktop,0,
CS-04755,New,Desktop,0,
CS-04756,Old,Mobile,0,
CS-04757,Old,Mobile,0,
CS-04758,New,Mobile,0,
CS-04759,Old,Mobile,0,
CS-04760,Old,Desktop,0,
CS-04761,New,Desktop,0,
CS-04762,New,Desktop,0,
CS-04763,Old,Mobile,0,
CS-04764,New,Desktop,0,
CS-04765,Old,Desktop,0,
CS-04766,Old,Mobile,0,
CS-04767,Old,Mobile,0,
CS-04768,Old,Desktop,0,
CS-04769,Old,Mobile,0,
CS-04770,Old,Mobile,0,
CS-04771,New,Mobile,0,
CS-04772,Old,Desktop,0,
CS-04773,Old,Mobile,0,
CS-04774,Old,Mobile,0,
CS-04775,Old,Mobile,0,
CS-04776,New,Mobile,0,
CS-04777,New,Desktop,0,
CS-04778,Old,Mobile,0,
CS-04779,New,Mobile,0,
CS-04780,Old,Desktop,1,791.8
CS-04781,Old,Desktop,0,
CS-04782,New,Desktop,0,
CS-04783,New,Desktop,0,
CS-04784,New,Mobile,0,
CS-04785,New,Mobile,0,
CS-04786,Old,Mobile,0,
CS-04787,New,Mobile,0,
CS-04788,Old,Desktop,0,
CS-04789,New,Mobile,0,
CS-04790,Old,Desktop,0,
CS-04791,Old,Mobile,0,
CS-04792,Old,Mobile,0,
CS-04793,New,Desktop,0,
CS-04794,New,Mobile,0,
CS-04795,Old,Mobile,1,339.63
CS-04796,New,Mobile,0,
CS-04797,New,Desktop,0,
CS-04798,Old,Mobile,0,
CS-04799,New,Mobile,0,
CS-04800,Old,Mobile,0,
CS-04801,Old,Desktop,0,
CS-04802,New,Desktop,0,
CS-04803,Old,Desktop,0,
CS-04804,New,Desktop,0,
CS-04805,New,Mobile,0,
CS-04806,Old,Mobile,0,
CS-04807,Old,Desktop,0,
CS-04808,New,Mobile,0,
CS-04809,Old,Desktop,0,
CS-04810,New,Desktop,0,
CS-04811,New,Desktop,0,
CS-04812,New,Desktop,0,
CS-04813,Old,Mobile,0,
CS-04814,New,Desktop,0,
CS-04815,Old,Desktop,0,
CS-04816,New,Desktop,0,
CS-04817,New,Mobile,0,
CS-04818,Old,Desktop,0,
CS-04819,New,Desktop,0,
CS-04820,New,Desktop,0,
CS-04821,Old,Desktop,0,
CS-04822,New,Desktop,0,
CS-04823,New,Desktop,1,553.86
CS-04824,New,Desktop,1,605.18
CS-04825,Old,Mobile,0,
CS-04826,New,Mobile,0,
CS-04827,New,Mobile,0,
CS-04828,New,Mobile,0,
CS-04829,New,Mobile,0,
CS-04830,Old,Desktop,1,584.52
CS-04831,Old,Mobile,0,
CS-04832,New,Desktop,0,
CS-04833,Old,Mobile,0,
CS-04834,New,Mobile,1,920.51
CS-04835,Old,Mobile,0,
CS-04836,New,Mobile,0,
CS-04837,New,Mobile,0,
CS-04838,Old,Mobile,0,
CS-04839,Old,Mobile,0,
CS-04840,Old,Desktop,0,
CS-04841,New,Desktop,0,
CS-04842,Old,Desktop,0,
CS-04843,New,Desktop,0,
CS-04844,Old,Mobile,0,
CS-04845,Old,Mobile,0,
CS-04846,New,Desktop,0,
CS-04847,New,Desktop,0,
CS-04848,Old,Desktop,0,
CS-04849,New,Mobile,0,
CS-04850,New,Desktop,0,
CS-04851,Old,Desktop,0,
CS-04852,Old,Desktop,0,
CS-04853,Old,Desktop,0,
CS-04854,New,Mobile,0,
CS-04855,Old,Desktop,0,
CS-04856,New,Mobile,0,
CS-04857,New,Mobile,0,
CS-04858,Old,Mobile,0,
CS-04859,New,Desktop,0,
CS-04860,New,Desktop,0,
CS-04861,Old,Mobile,0,
CS-04862,New,Mobile,0,
CS-04863,New,Desktop,0,
CS-04864,Old,Desktop,0,
CS-04865,New,Mobile,0,
CS-04866,Old,Desktop,1,261.04
CS-04867,Old,Mobile,0,
CS-04868,New,Mobile,0,
CS-04869,Old,Mobile,0,
CS-04870,New,Mobile,0,
CS-04871,New,Desktop,0,
CS-04872,New,Mobile,0,
CS-04873,New,Mobile,0,
CS-04874,Old,Mobile,0,
CS-04875,Old,Desktop,1,447.62
CS-04876,Old,Mobile,1,475.2
CS-04877,New,Mobile,0,
CS-04878,New,Desktop,1,619.69
CS-04879,New,Mobile,0,
CS-04880,New,Mobile,0,
CS-04881,Old,Mobile,0,
CS-04882,New,Mobile,0,
CS-04883,Old,Mobile,0,
CS-04884,New,Mobile,1,989.66
CS-04885,New,Desktop,0,
CS-04886,New,Desktop,0,
CS-04887,Old,Mobile,0,
CS-04888,Old,Mobile,0,
CS-04889,New,Desktop,0,
CS-04890,Old,Mobile,0,
CS-04891,New,Mobile,0,
CS-04892,Old,Mobile,0,
CS-04893,New,Desktop,0,
CS-04894,New,Mobile,0,
CS-04895,New,Mobile,0,
CS-04896,New,Desktop,0,
CS-04897,Old,Mobile,0,
CS-04898,Old,Mobile,0,
CS-04899,New,Mobile,0,
CS-04900,Old,Mobile,1,604.68
CS-04901,Old,Mobile,0,
CS-04902,Old,Desktop,1,641.63
CS-04903,New,Mobile,0,
CS-04904,New,Mobile,0,
CS-04905,Old,Desktop,0,
CS-04906,Old,Desktop,0,
CS-04907,Old,Desktop,0,
CS-04908,Old,Mobile,0,
CS-04909,New,Mobile,0,
CS-04910,Old,Mobile,0,
CS-04911,Old,Mobile,0,
CS-04912,New,Desktop,0,
CS-04913,Old,Desktop,0,
CS-04914,Old,Mobile,0,
CS-04915,Old,Mobile,0,
CS-04916,Old,Mobile,0,
CS-04917,Old,Mobile,0,
CS-04918,New,Mobile,0,
CS-04919,New,Desktop,0,
CS-04920,Old,Mobile,0,
CS-04921,New,Mobile,0,
CS-04922,New,Mobile,0,
CS-04923,New,Mobile,0,
CS-04924,New,Mobile,0,
CS-04925,New,Mobile,0,
CS-04926,New,Mobile,0,
CS-04927,Old,Mobile,0,
CS-04928,New,Desktop,0,
CS-04929,New,Mobile,1,1002.43
CS-04930,Old,Desktop,1,818.44
CS-04931,New,Desktop,0,
CS-04932,New,Desktop,0,
CS-04933,New,Desktop,0,
CS-04934,Old,Mobile,1,824.66
CS-04935,New,Desktop,1,342.98
CS-04936,Old,Mobile,0,
CS-04937,Old,Desktop,0,
CS-04938,New,Desktop,0,
CS-04939,Old,Desktop,0,
CS-04940,Old,Desktop,0,
CS-04941,Old,Desktop,0,
CS-04942,Old,Desktop,0,
CS-04943,New,Mobile,0,
CS-04944,New,Mobile,0,
CS-04945,Old,Mobile,0,
CS-04946,Old,Mobile,0,
CS-04947,Old,Mobile,1,538.03
CS-04948,Old,Mobile,0,
CS-04949,New,Mobile,0,
CS-04950,Old,Desktop,0,
CS-04951,Old,Desktop,0,
CS-04952,New,Desktop,0,
CS-04953,Old,Mobile,0,
CS-04954,Old,Mobile,0,
CS-04955,Old,Mobile,0,
CS-04956,New,Mobile,0,
CS-04957,New,Mobile,0,
CS-04958,New,Desktop,0,
CS-04959,Old,Desktop,0,
CS-04960,Old,Mobile,0,
CS-04961,New,Desktop,0,
CS-04962,New,Desktop,0,
CS-04963,Old,Mobile,0,
CS-04964,Old,Mobile,0,
CS-04965,New,Mobile,0,
CS-04966,Old,Mobile,0,
CS-04967,New,Mobile,0,
CS-04968,New,Mobile,0,
CS-04969,Old,Desktop,0,
CS-04970,New,Desktop,0,
CS-04971,Old,Desktop,0,
CS-04972,New,Mobile,0,
CS-04973,Old,Desktop,1,573.65
CS-04974,New,Mobile,0,
CS-04975,Old,Mobile,0,
CS-04976,New,Mobile,0,
CS-04977,New,Mobile,0,
CS-04978,New,Mobile,0,
CS-04979,Old,Mobile,0,
CS-04980,Old,Desktop,0,
CS-04981,Old,Mobile,0,
CS-04982,Old,Mobile,0,
CS-04983,New,Mobile,0,
CS-04984,Old,Mobile,0,
CS-04985,New,Desktop,0,
CS-04986,New,Desktop,1,579.36
CS-04987,New,Mobile,0,
CS-04988,Old,Desktop,0,
CS-04989,New,Mobile,1,613.05
CS-04990,New,Mobile,0,
CS-04991,Old,Mobile,0,
CS-04992,Old,Desktop,0,
CS-04993,New,Desktop,0,
CS-04994,New,Mobile,0,
CS-04995,New,Desktop,0,
CS-04996,New,Desktop,0,
CS-04997,New,Desktop,0,
CS-04998,Old,Desktop,0,
CS-04999,New,Mobile,0,
CS-05000,Old,Desktop,0,
CS-05001,Old,Mobile,0,
CS-05002,New,Mobile,0,
CS-05003,New,Desktop,0,
CS-05004,New,Mobile,0,
CS-05005,Old,Mobile,0,
CS-05006,Old,Desktop,0,
CS-05007,Old,Mobile,0,
CS-05008,Old,Mobile,0,
CS-05009,New,Desktop,0,
CS-05010,New,Mobile,0,
CS-05011,New,Mobile,0,
CS-05012,Old,Mobile,1,509.12
CS-05013,New,Desktop,0,
CS-05014,New,Desktop,0,
CS-05015,New,Mobile,0,
CS-05016,New,Mobile,0,
CS-05017,New,Mobile,0,
CS-05018,Old,Desktop,0,
CS-05019,Old,Mobile,0,
CS-05020,Old,Desktop,0,
CS-05021,New,Desktop,0,
CS-05022,New,Mobile,1,406.86
CS-05023,Old,Mobile,0,
CS-05024,Old,Mobile,0,
CS-05025,Old,Desktop,0,
CS-05026,New,Mobile,0,
CS-05027,New,Mobile,0,
CS-05028,Old,Desktop,0,
CS-05029,Old,Desktop,0,
CS-05030,Old,Desktop,0,
CS-05031,New,Mobile,0,
CS-05032,Old,Desktop,0,
CS-05033,Old,Mobile,0,
CS-05034,Old,Desktop,0,
CS-05035,New,Mobile,0,
CS-05036,Old,Desktop,0,
CS-05037,New,Desktop,0,
CS-05038,New,Mobile,0,
CS-05039,Old,Mobile,0,
CS-05040,New,Desktop,0,
CS-05041,New,Mobile,0,
CS-05042,Old,Desktop,0,
CS-05043,New,Mobile,0,
CS-05044,Old,Desktop,0,
CS-05045,Old,Mobile,1,584.17
CS-05046,Old,Desktop,0,
CS-05047,New,Mobile,0,
CS-05048,New,Mobile,0,
CS-05049,New,Mobile,0,
CS-05050,Old,Mobile,0,
CS-05051,Old,Mobile,0,
CS-05052,Old,Mobile,0,
CS-05053,New,Mobile,0,
CS-05054,Old,Mobile,0,
CS-05055,Old,Mobile,0,
CS-05056,Old,Desktop,0,
CS-05057,Old,Desktop,0,
CS-05058,New,Desktop,0,
CS-05059,New,Desktop,0,
CS-05060,New,Mobile,0,
CS-05061,New,Mobile,0,
CS-05062,Old,Desktop,0,
CS-05063,New,Mobile,0,
CS-05064,Old,Mobile,0,
CS-05065,New,Desktop,0,
CS-05066,Old,Mobile,0,
CS-05067,New,Desktop,0,
CS-05068,New,Desktop,0,
CS-05069,Old,Mobile,1,335.18
CS-05070,Old,Mobile,1,714.08
CS-05071,Old,Mobile,0,
CS-05072,New,Mobile,0,
CS-05073,New,Mobile,1,466.61
CS-05074,New,Mobile,0,
CS-05075,Old,Desktop,0,
CS-05076,New,Desktop,0,
CS-05077,Old,Mobile,0,
CS-05078,New,Mobile,0,
CS-05079,Old,Desktop,0,
CS-05080,New,Desktop,0,
CS-05081,New,Mobile,0,
CS-05082,Old,Desktop,0,
CS-05083,Old,Desktop,0,
CS-05084,Old,Mobile,0,
CS-05085,Old,Mobile,0,
CS-05086,Old,Mobile,0,
CS-05087,New,Desktop,0,
CS-05088,Old,Mobile,0,
CS-05089,Old,Desktop,0,
CS-05090,New,Desktop,0,
CS-05091,New,Desktop,0,
CS-05092,New,Desktop,0,
CS-05093,New,Desktop,0,
CS-05094,Old,Desktop,0,
CS-05095,New,Desktop,0,
CS-05096,Old,Desktop,0,
CS-05097,New,Desktop,0,
CS-05098,Old,Mobile,0,
CS-05099,New,Mobile,0,
CS-05100,Old,Mobile,0,
CS-05101,New,Mobile,0,
CS-05102,New,Desktop,0,
CS-05103,Old,Desktop,0,
CS-05104,New,Desktop,0,
CS-05105,New,Mobile,1,495.43
CS-05106,Old,Mobile,0,
CS-05107,Old,Mobile,0,
CS-05108,Old,Desktop,0,
CS-05109,Old,Desktop,0,
CS-05110,New,Desktop,0,
CS-05111,New,Mobile,0,
CS-05112,Old,Mobile,0,
CS-05113,Old,Mobile,0,
CS-05114,Old,Mobile,0,
CS-05115,Old,Mobile,1,124.65
CS-05116,New,Mobile,0,
CS-05117,Old,Desktop,0,
CS-05118,New,Desktop,0,
CS-05119,Old,Mobile,0,
CS-05120,Old,Mobile,0,
CS-05121,New,Desktop,0,
CS-05122,Old,Mobile,0,
CS-05123,New,Desktop,1,447.35
CS-05124,New,Mobile,0,
CS-05125,Old,Mobile,0,
CS-05126,Old,Desktop,0,
CS-05127,Old,Mobile,0,
CS-05128,New,Desktop,0,
CS-05129,Old,Desktop,0,
CS-05130,New,Desktop,0,
CS-05131,New,Desktop,0,
CS-05132,Old,Mobile,0,
CS-05133,New,Desktop,0,
CS-05134,New,Mobile,0,
CS-05135,New,Desktop,0,
CS-05136,Old,Mobile,0,
CS-05137,Old,Mobile,0,
CS-05138,New,Desktop,0,
CS-05139,Old,Mobile,0,
CS-05140,New,Mobile,0,
CS-05141,Old,Desktop,1,358.76
CS-05142,Old,Mobile,1,587.83
CS-05143,New,Mobile,0,
CS-05144,Old,Mobile,0,
CS-05145,Old,Desktop,0,
CS-05146,Old,Desktop,0,
CS-05147,Old,Mobile,0,
CS-05148,Old,Mobile,0,
CS-05149,Old,Desktop,0,
CS-05150,Old,Mobile,0,
CS-05151,New,Desktop,0,
CS-05152,New,Mobile,0,
CS-05153,Old,Mobile,0,
CS-05154,Old,Mobile,0,
CS-05155,Old,Desktop,0,
CS-05156,New,Mobile,0,
CS-05157,New,Mobile,1,863.66
CS-05158,New,Desktop,0,
CS-05159,Old,Mobile,0,
CS-05160,New,Mobile,0,
CS-05161,Old,Desktop,0,
CS-05162,New,Desktop,0,
CS-05163,New,Desktop,0,
CS-05164,Old,Desktop,0,
CS-05165,Old,Mobile,0,
CS-05166,New,Mobile,0,
CS-05167,Old,Desktop,0,
CS-05168,New,Desktop,0,
CS-05169,New,Mobile,0,
CS-05170,Old,Desktop,0,
CS-05171,Old,Mobile,0,
CS-05172,Old,Mobile,0,
CS-05173,New,Mobile,0,
CS-05174,Old,Desktop,0,
CS-05175,Old,Mobile,0,
CS-05176,Old,Desktop,0,
CS-05177,Old,Mobile,0,
CS-05178,New,Desktop,0,
CS-05179,Old,Mobile,0,
CS-05180,Old,Desktop,0,
CS-05181,Old,Desktop,0,
CS-05182,New,Mobile,0,
CS-05183,New,Desktop,0,
CS-05184,Old,Mobile,0,
CS-05185,New,Desktop,0,
CS-05186,New,Desktop,0,
CS-05187,Old,Mobile,1,690.88
CS-05188,New,Desktop,0,
CS-05189,New,Mobile,0,
CS-05190,New,Mobile,1,1096.32
CS-05191,Old,Mobile,0,
CS-05192,New,Mobile,0,
CS-05193,Old,Mobile,0,
CS-05194,New,Mobile,0,
CS-05195,New,Desktop,0,
CS-05196,Old,Desktop,0,
CS-05197,New,Desktop,0,
CS-05198,New,Mobile,0,
CS-05199,Old,Mobile,0,
CS-05200,New,Desktop,0,
